Date of data,Trading partner code,Trading partner,Commodity code,Commodity,Renminbi Yuan
202608,502,United States,10619,Other mammals,932196.0
202608,502,United States,10649,Other insects,9529.0
202608,502,United States,10690,Other lives animals,683.0
202608,502,United States,20120,Other cuts with bone in,227077.0
202608,502,United States,20130,Boneless,121227.0
202608,502,United States,20220,Other cuts with bone in,3485405.0
202608,502,United States,20230,Boneless,27900083.0
202608,502,United States,20322,"Hams, shoulders and cuts thereof, with bone in",32567322.0
202608,502,United States,20329,Other frozen meat of swine,9541416.0
202608,502,United States,20629,"Other edible offal of bovine animals,frozen",7518348.0
202608,502,United States,20649,"Other edible offal of swine,frozen",258798127.0
202608,502,United States,20714,"Cuts and offal, frozen",18656767.0
202608,502,United States,30119,Other ornamental fish,282800.0
202608,502,United States,30235,"Atlantic and Pacific bluefin tunas (Thunnus thynnus, Thunnus orientalis),fresh or chilled",100062.0
202608,502,United States,30311,"Sockeye salmon (red salmon) (Oncorhynchus nerka) ,frozen",25396443.0
202608,502,United States,30312,"Other Pacific salmon (Oncorhynchus gorbuscha, Oncorhynchus keta, Oncorhynchus tschawytscha, Oncorhynchus kisutch, Oncorhynchus masou and Oncorhynchus rhodurus) ,frozen",106352080.0
202608,502,United States,30331,"Halibut (Reinhardtius hippoglossoides, Hippoglossus hippoglossus, Hippoglossus stenolepis) , frozen",2603357.0
202608,502,United States,30339,"Other flat fish (Pleuronectidae, Bothidae, Cynoglossidae, Soleidae Scophthalmidae and Citharidae), frozen",106002509.0
202608,502,United States,30363,"Cod (Gadus morhua, Gadus ogac, Gadus macrocephalus) ,frozen",56997645.0
202608,502,United States,30366,"Hake (Merluccius spp, Urophycis spp) ,frozen",28282479.0
202608,502,United States,30367,"Alaska Pollack (Theragra chalcogramma) ,frozen",25736169.0
202608,502,United States,30389,"Other fish ,frozen",256021683.0
202608,502,United States,30399,"Other fish fins, heads, tails, maws and other edible fish offal,frozen",4905121.0
202608,502,United States,30471,"Frozen fillets of cod (Gadus morhua, Gadus ogac, Gadus macrocephalus)",420951.0
202608,502,United States,30475,Frozen fillets of Alaska Pollock (Theragra chalcogramma),1285174.0
202608,502,United States,30494,"Frozen meat, whether or not minced, of alaska Pollack (Theragra chalcogramma)",18753661.0
202608,502,United States,30495,"Frozen meat, whether or not minced, of fish of the families Bregmacerotidae, Euclichthyidae, Gadidae, Macrouridae, Melanonidae, Merlucciidae, Moridae and Muraenolepididae, other than Alaska Pollack (Theragra chalcogramma)",1375381.0
202608,502,United States,30499,Frozen fish meat n.e.s. (excluding fillets),287875.0
202608,502,United States,30611,"Frozen rock lobster and other sea crawfish (Palinurus spp, Panulirus spp, Jasus spp)",3921319.0
202608,502,United States,30614,Frozen crabs,1988183.0
202608,502,United States,30616,"Frozen cold-water shrimps and prawns (Pandalus spp, Crangon crangon)",261900.0
202608,502,United States,30631,"Rock lobster and other sea crawfish (Palinurus spp, Panulirus spp, Jasus spp) , whether in shell or not, live, fresh or chilled",23434440.0
202608,502,United States,30632,"Lobsters (Homarus spp), whether in shell or not, live, fresh or chilled",50940590.0
202608,502,United States,30633,"Crabs , whether in shell or not, live, fresh or chilled",58776.0
202608,502,United States,30635,"Coldwater shrimps and prawns (Pandalus spp, Crangon crangon), whether in shell or not, live, fresh or chilled",351977.0
202608,502,United States,30636,"Other shrimps and prawns, whether in shell or not, live, fresh or chilled",2488374.0
202608,502,United States,30711,"Oysters, live, fresh, chilled",37980.0
202608,502,United States,30743,"Frozen cuttle fish and squid, with or without shell",17149377.0
202608,502,United States,30791,"Other molluscs,live/fresh/chilled",55560976.0
202608,502,United States,30792,Other frozen Molluscs,2262328.0
202608,502,United States,30890,"Live, fresh, chilled, frozen, dried, salted or in brine, even smoked, aquatic invertebrates (excluding crustaceans, molluscs, sea cucumbers, sea urchins and jellyfish)",27721.0
202608,502,United States,40110,"Milk and cream of a fat content, by weight, not exceeding 1%",20.0
202608,502,United States,40120,"Milk and cream of a fat content, by weight, exceeding 1% but not exceeding 6%",9748.0
202608,502,United States,40140,"Milk and cream of a fat content, by weight, exceeding 6% but not exceeding 10%",17506.0
202608,502,United States,40210,"Milk and cream in powder, granules or other solid forms, of a fat content, by weight, not exceeding 1.5%",1597414.0
202608,502,United States,40291,"Milk and cream, concentrated but unsweetened (excluding in solid forms)",165443.0
202608,502,United States,40410,"Whey and modified whey, whether or not concentrated or containing added sugar or other sweetening matter",124625642.0
202608,502,United States,40490,"Products consisting of natural milk constituents, whether or not sweetened, n.e.s.",3695.0
202608,502,United States,40510,Butter,1125840.0
202608,502,United States,40610,"Fresh (unripened or uncured) cheese, including whey cheese, and curd",1284782.0
202608,502,United States,40620,"Grated or powdered cheese, of all kinds",13720679.0
202608,502,United States,40630,"Processed cheese, not grated or powdered",2064841.0
202608,502,United States,40690,Other cheese,2739001.0
202608,502,United States,40900,atural honey,20843.0
202608,502,United States,50400,"Guts, bladders and stomachs of animals (other than fish), wholeand pieces thereof, fresh, chilled, frozen, salted, in brine, dried orsmoked",84441501.0
202608,502,United States,50510,Feathers of a kind used for stuffing; down,1807931.0
202608,502,United States,50590,"Skins and other parts of birds, with their feathers or down, feathers and parts of feathers, whether or not with trimmed edges, not further worked than cleaned, disinfected or treated for preservation; powder and waste of feathers or parts of feathers (excluding feathers used for stuffing and down)",2382245.0
202608,502,United States,51191,"Products of fish or crustaceans, molluscs or other aquatic invertebrates; dead animals of Chapter 3",2053973.0
202608,502,United States,51199,"Unkown Products of animal origin, n.e.s., dead animals, unfit for human consumption (excluding fish, crustaceans, molluscs or other aquatic invertebrates)",257042.0
202608,502,United States,60110,"Bulbs, tubers, tuberous roots, corms, crowns and rhizomes, dormant",40684.0
202608,502,United States,60220,"Trees, shrubs and bushes, grafted or not, of kinds which bear edible fruit or nuts",14387.0
202608,502,United States,60420,"Foliage, branches and other parts of plants, without flowers or flower buds, and grasses, mosses and lichens, being goods of a kind suitable for bouquets or for ornamental purposes, fresh",3640.0
202608,502,United States,71040,"Sweet corn,frozen.",280588.0
202608,502,United States,71239,"Dried other mushrooms and truffles, whole, cut, sliced, broken or in powder, but not further prepared.",245.0
202608,502,United States,71310,"Dried peas (Pisum sativum), shelled, whether or not skinned or split.",3493308.0
202608,502,United States,71333,"Dried kidney beans, including white pea beans (Phaseolus vulgaris), shelled, whether or not skinned or split.",231183.0
202608,502,United States,80211,"In shell almonds, fresh or dried, whether or not shelled or peeled.",658469.0
202608,502,United States,80212,"Shelled almonds, fresh or dried, whether or not shelled or peeled.",2881641.0
202608,502,United States,80232,Shelled walnuts,600216.0
202608,502,United States,80251,In shell pistachios,101138581.0
202608,502,United States,80299,"Other nuts, fresh or dried",2662060.0
202608,502,United States,80610,Fresh Grapes,9467.0
202608,502,United States,80620,Dried Grapes,478778.0
202608,502,United States,80929,Other Fresh cherries,9716288.0
202608,502,United States,80940,Fresh Plums and sloes,1296593.0
202608,502,United States,81190,Other Frozen Fruit and nuts,130752.0
202608,502,United States,81320,Dried Prunes,1760989.0
202608,502,United States,81340,Other Dried fruit,194316.0
202608,502,United States,90111,Coffee not roasted (not decaffeinated),16251.0
202608,502,United States,90121,Coffee roasted (Not decaffeinated ),5898678.0
202608,502,United States,90122,Coffee roasted(Decaffeinated ),1117770.0
202608,502,United States,90210,Green tea (not fermented) in immediate packings of a content not exceeding 3 kg,7846.0
202608,502,United States,90230,"Black tea (fermented) and partly fermented tea, in immediate packings of a content not exceeding 3 kg",31299.0
202608,502,United States,90422,Crushed or ground,357.0
202608,502,United States,100790,Grain sorghum (excluding seed for sowing),587800578.0
202608,502,United States,110100,Wheat or meslin flour.,11135.0
202608,502,United States,110610,Of the dried leguminous vegetables of heading 07.13,176985.0
202608,502,United States,110630,Of the products of Chapter 8,2444221.0
202608,502,United States,110812,Maize (corn) starch,1022.0
202608,502,United States,120190,Other Soya beans,660184987.0
202608,502,United States,120241,In shell groundnuts,54412564.0
202608,502,United States,120242,"Shelled groundnuts, whether or not broken",4533668.0
202608,502,United States,120400,"Linseed, whether or not broken.",31107.0
202608,502,United States,120600,"Sunflower seeds, whether or not broken.",946108.0
202608,502,United States,120799,Other oil seeds and oleaginous fruits,5464.0
202608,502,United States,120890,Flours and meal of oil seeds or oleaginous fruit (excluding soya and mustard),6248.0
202608,502,United States,120922,Clover (Trifolium spp.) seeds,261011.0
202608,502,United States,120923,Fescue seeds,2770298.0
202608,502,United States,120924,Kentucky blue grass (Poa pratensis L.) seeds,606980.0
202608,502,United States,120925,"Rye grass (Lolium multiflorum Lam., Lolium perenne L.) seeds",8021845.0
202608,502,United States,120930,Seeds of herbaceous plants cultivated principally for their flowers,22160.0
202608,502,United States,120991,Vegetable seeds,7195596.0
202608,502,United States,120999,"Seeds, fruits and spores, for sowing (excluding leguminous vegetables and sweetcorn, coffee, tea, maté and spices, cereals, oil seeds and oleaginous fruits, beets, forage plants, vegetable seeds, and seeds of herbaceous plants cultivated mainly for flowers or used primarily in perfumery, medicaments or for insecticidal, fungicidal or similar purposes)",2067337.0
202608,502,United States,121020,"Hop cones, ground, powdered or in the form of pellets; lupulin",668561.0
202608,502,United States,121120,Ginseng roots,2053903.0
202608,502,United States,121190,"Other plants and parts of plants, of a kind used primarily in perfumery, in pharmacy or for insecticidal, fungicidal or similar purposes",10322.0
202608,502,United States,121490,"Other forage products, whether or not in the form of pellets",158634134.0
202608,502,United States,130219,"Mucilages and thickeners, derived from locust beans, locust bean seeds or guar seeds, whether or not modified",4098379.0
202608,502,United States,130220,"Pectic substances, pectinates and pectates",7040.0
202608,502,United States,130231,Agaragar,230781.0
202608,502,United States,130232,"Mucilages and thickeners, whether or not modified, derived from locust beans, locust bean seeds or guar seeds",3666575.0
202608,502,United States,130239,"Other mucilages and thickeners, derived for vegetable products",8374063.0
202608,502,United States,140490,Vegetable products not elsewhere specified or included,10387.0
202608,502,United States,150410,Fishliver oils and their fractions,245537.0
202608,502,United States,150420,"Fats and oils and their fractions, of fish, other than liver oils",17153084.0
202608,502,United States,150600,"Other animal fats and oils and their fractions, whether or not refined, but not chemically modified.",7151999.0
202608,502,United States,150920,Extra virgin olive oil,7752.0
202608,502,United States,150930,"Virgin olive oil,with a free acidity(oleic acid)≤2.0 g/ 100 g",406.0
202608,502,United States,150940,Other virgin olive oils,3334.0
202608,502,United States,150990,Other olive oil and its fractions,465.0
202608,502,United States,151211,Crude oil of sunflower-seed or safflower,423.0
202608,502,United States,151311,Crude coconut oil,10078.0
202608,502,United States,151319,Other coconut oil and its fractions,4083.0
202608,502,United States,151499,"High erucic acid rape or colza oil fixed oil which has an erucic acid content of ≥ 2%"", and mustard oil, and fractions thereof, whether or not refined, but not chemically modified (excluding crude)""",114.0
202608,502,United States,151511,Crude linseed oil,15395.0
202608,502,United States,151519,"Linseed oil and fractions thereof, whether or not refined, but not chemically modified (excluding crude)",18862.0
202608,502,United States,151530,Castor oil and its fractions,106576.0
202608,502,United States,151550,Sesame oil and its fractions,12796.0
202608,502,United States,151560,"Microbial fats and oils and their fractions,not chemically modified",16600258.0
202608,502,United States,151590,Other fixed vegetable fats and oils and their fractions,1222850.0
202608,502,United States,151620,Vegetable fats and oils and their fractions,1988653.0
202608,502,United States,151790,"Other edible fats/oils/fractions of this chptr, excl.that of 15.16",26934396.0
202608,502,United States,151800,"Animal, vegetable or microbial fats and oils and their fractions, boiled, oxidised, dehydrated, sulphurised, blown, polymerised by heat in vacuum or in inert gas or otherwise chemically modified, excluding those of heading 15.16; inedible mixtures or preparations of animal, vegetable or microbial fats or oils or of fractions of different fats or oils of this Chapter, not elsewhere specified or included",1898302.0
202608,502,United States,152000,"Glycerol, crude; glycerol waters and glycerol lyes",8432647.0
202608,502,United States,152110,Vegetable waxes,408432.0
202608,502,United States,152190,"Beeswax, other insect waxes and spermaceti",637448.0
202608,502,United States,160231,Meat or offal of turkeys,296745.0
202608,502,United States,160232,Meat or offal of fowls of the species Gallus domesticus,147907354.0
202608,502,United States,160561,"Sea cucumbers, prepared or preserved",8837929.0
202608,502,United States,170112,Raw Beet sugar not containing added flavouring or colouring matter,2684.0
202608,502,United States,170199,"Cane or beet sugar and chemically pure sucrose, in solid form (excluding cane and beet sugar containing added flavouring or colouring and raw sugar)",123064.0
202608,502,United States,170211,"Lactose in solid form and lactose syrup, not containing added flavouring or colouring matter, containing by weight 99% or more lactose, expressed as anhydrous lactose, calculated on the dry matter",53380309.0
202608,502,United States,170220,Maple sugar and maple syrup,78748.0
202608,502,United States,170230,"Glucose and glucose syrup, not containing fructose or containing in the dry state less than 20% by weight of fructose",84843.0
202608,502,United States,170250,Chemically pure fructose,5007241.0
202608,502,United States,170260,"Other fructose and fructose syrup, containing in the dry state more than 50% by weight of fructose, excluding invert sugar",1761.0
202608,502,United States,170290,Other sugars in solid form and sugar syrups not containing added flavouring or colouring matter,16031.0
202608,502,United States,170410,"Chewing gum, whether or not sugarcoated",24323.0
202608,502,United States,170490,"Other sugar confectionery, not containing cocoa",28187371.0
202608,502,United States,180500,"Cocoa powder, not containing added sugar or other sweetening matter",25462.0
202608,502,United States,180610,"Cocoa powder, containing added sugar or other sweetening matter",368237.0
202608,502,United States,180620,"Other preparations in blocks, slabs or bars weighing more than 2 kg or in liquid, paste, powder, granular or other bulk form in containers or immediate packings, of a content exceeding 2 kg",10736865.0
202608,502,United States,180631,"Chocolate and other preparations containing cocoa, in blocks, slabs or bars of ≤ 2 kg, filled",4797918.0
202608,502,United States,180632,"Chocolate and other preparations containing cocoa, in blocks, slabs or bars of ≤ 2 kg (excluding filled)",1375142.0
202608,502,United States,180690,"Chocolate and other preparations containing cocoa, in containers or immediate packings of ≤ 2 kg (excluding in blocks, slabs or bars and cocoa powder)",12209405.0
202608,502,United States,190110,"Preparations suitable for infants or young children, put up for retail sale",7950188.0
202608,502,United States,190120,Mixes and doughs for the preparation of bakers' wares of heading 19.05,958892.0
202608,502,United States,190190,"Other food prep. of flour(cocoa＜40%)/milk(cocoa＜5%), nes",135986.0
202608,502,United States,190219,"Uncooked pasta, not stuffed or otherwise prepared, not containing eggs",1631.0
202608,502,United States,190230,Other pasta,10999.0
202608,502,United States,190410,Prepared foods obtained by the swelling or roasting of cereals or cereal products,3759241.0
202608,502,United States,190420,Prepared foods obtained from unroasted cereal flakes or from mixtures of unroasted cereal flakes and roasted cereal flakes or swelled cereals,3279.0
202608,502,United States,190430,Bulgur wheat,654.0
202608,502,United States,190490,Other precooked or otherwise prepared cereals (other than maize (corn) ),1183737.0
202608,502,United States,190510,Crispbread,2577.0
202608,502,United States,190531,Sweet biscuits,4707161.0
202608,502,United States,190532,Waffles and wafers,989.0
202608,502,United States,190540,"Rusks, toasted bread and similar toasted products",101295.0
202608,502,United States,190590,"Bread, pastry, cakes, biscuits and other bakers' wares, whether or not containing cocoa; communion wafers, empty cachets of a kind suitable for pharmaceutical use, sealing wafers, rice paper and similar products (excluding crispbread, gingerbread and the like, sweet biscuits, waffles, wafers not mentioned, rusks, toasted bread and similar toasted products)",2545634.0
202608,502,United States,200290,"Tomatoes, prepared or preserved otherwise than by vinegar or acetic acid (excluding whole or in pieces)",10216.0
202608,502,United States,200410,"Potatoes, prepared or preserved otherwise than by vinegar or acetic acid, frozen",3831849.0
202608,502,United States,200510,"Homogenised vegetables put up for retail sale as infant food or for dietetic purposes, in containers of ≤ 250 g",1953.0
202608,502,United States,200520,"Potatoes, prepared or preserved otherwise than by vinegar or acetic acid (excluding frozen)",398266.0
202608,502,United States,200551,"Shelled beans Vigna spp., Phaseolus spp."", prepared or preserved otherwise than by vinegar or acetic acid (excluding frozen)""",17045.0
202608,502,United States,200599,"Vegetables and mixtures of vegetables, prepared or preserved otherwise than by vinegar, non-frozen (excluding preserved by sugar, homogenised vegetables of subheading 2005.10, and tomatoes, mushrooms, truffles, potatoes, peas Pisum sativum"", beans ""Vigna, Phaseolus"", asparagus, olives, sweetcorn ""Zea Mays var. Saccharata"" and bamboo shoots, unmixed)""",30444.0
202608,502,United States,200600,"Vegetables, fruit, nuts, fruitpeel and other parts of plants, preserved by sugar (drained, glacé or crystallised).",708792.0
202608,502,United States,200710,"Homogenised preparations of jams, fruit jellies, marmalades, fruit or nut purée and fruit or nut pastes, obtained by cooking, whether or not containing added sugar or other sweetening matter.",119477.0
202608,502,United States,200799,"Jams, jellies, marmalades, purées or pastes of fruit, obtained by cooking, whether or not containing added sugar or other sweetening matter (excluding citrus fruit and homogenised preparations of subheading 2007.10)",54938.0
202608,502,United States,200811,"Groundnuts, prepared or preserved (excluding preserved with sugar)",259216.0
202608,502,United States,200819,"Other prepared or preserved nuts and other seeds, including mixtures",406411.0
202608,502,United States,200840,Other prepared or preserved pears,3995.0
202608,502,United States,200893,Prepared/preserved Cranberries or lingonberries,7661125.0
202608,502,United States,200897,Other prepared or preserved mixtures of fruits and nuts,882.0
202608,502,United States,200899,"Other prepared or preserved fruits,nuts and edible parts of plants",2731747.0
202608,502,United States,200939,"Single citrus fruit juice, unfermented, Brix value ＞ 20 at 20°C, whether or not containing added sugar or other sweetening matter (excluding containing spirit, mixtures, orange juice and grapefruit juice)",696459.0
202608,502,United States,200950,Tomato juice,806.0
202608,502,United States,200981,"Cranberry (Vaccinium macrocarpon, Vaccinium oxycoccos) juice; lingonberry (Vaccinium vitis-idaea) juice",819625.0
202608,502,United States,200989,"Juice of any other single fruit, nut or vegetable",7814839.0
202608,502,United States,200990,Mixtures of juices,464864.0
202608,502,United States,210111,"Extracts, essences and concentrates, of coffee",388334.0
202608,502,United States,210112,"Preparations with a basis of extracts, essences or concentrates of coffee or with a basis of coffee",15659.0
202608,502,United States,210120,"Extracts, essences and concentrates, of tea or mate, and preparations with a basis of these extracts, essences or concentrates, or with a basis of tea or maté",105994.0
202608,502,United States,210130,"Roasted chicory and other roasted coffee substitutes, and extracts, essences and concentrates thereof",258.0
202608,502,United States,210210,Active yeasts,15839.0
202608,502,United States,210230,Prepared baking powders,43858.0
202608,502,United States,210310,Soya sauce,995.0
202608,502,United States,210320,Tomato ketchup and other tomato sauces,2328779.0
202608,502,United States,210330,Mustard flour and meal and prepared mustard,455120.0
202608,502,United States,210390,"Preparations for sauces and prepared sauces; mixed condiments and seasonings (excluding soya sauce, tomato ketchup and other tomato sauces, mustard, and mustard flour and meal)",6134400.0
202608,502,United States,210410,Soups and broths and preparations therefor,11798.0
202608,502,United States,210420,Homogenised composite food preparations,11038.0
202608,502,United States,210500,"Ice cream and other edible ice, whether or not containing cocoa.",1117625.0
202608,502,United States,210610,Protein concentrates and textured protein substances,3208899.0
202608,502,United States,210690,"Food preparations, n.e.s.",768274036.0
202608,502,United States,220110,"Mineral waters and aerated waters, not containing added sugar, other sweetening matter or flavoured",10620.0
202608,502,United States,220190,"Ordinary natural water, not containing added sugar, other sweetening matter or flavoured; ice and snow (excluding mineral waters and aerated waters, sea water, distilled water, conductivity water or water of similar purity)",2057113.0
202608,502,United States,220210,"Waters, including mineral waters and aerated waters, containing added sugar or other sweetening matter or flavoured",489968.0
202608,502,United States,220299,"Non-alcoholic beverages (excl. water, fruit or vegetable juices, milk and beer)",10791593.0
202608,502,United States,220300,Beer made from malt.,10882036.0
202608,502,United States,220410,Sparkling wine,1045.0
202608,502,United States,220421,"Wine of fresh grapes, incl. fortified wines, and grape must whose fermentation has been arrested by the addition of alcohol, in containers of ≤ 2 l (excluding sparkling wine)",10359407.0
202608,502,United States,220422,"Wine of fresh grapes, incl. fortified wines, and grape must whose fermentation has been arrested by the addition of alcohol, in containers of ＞ 2 l but ≤ 10 l (excl. sparkling wine)",575903.0
202608,502,United States,220600,"Other fermented beverages (for example, cider, perry, mead, saké); mixtures of fermented beverages and mixtures of fermented beverages and nonalcoholic beverages, not elsewhere specified or included.",2861.0
202608,502,United States,220710,"Undenatured ethyl alcohol, of actual alcoholic strength of ≥ 80%",90206.0
202608,502,United States,220720,Denatured ethyl alcohol and other spirits of any strength,14544.0
202608,502,United States,220830,Whiskies,10171664.0
202608,502,United States,220860,Vodka,170565.0
202608,502,United States,220870,Liqueurs and cordials,1034482.0
202608,502,United States,220890,"Ethyl alcohol of an alcoholic strength of ＜ 80% vol, not denatured; spirits and other spirituous beverages (excluding compound alcoholic preparations of a kind used for the manufacture of beverages, spirits obtained by distilling grape wine or grape marc, whiskies, rum and other spirits obtained by distilling fermented sugar-cane products, gin, geneva, vodka, liqueurs and cordials)",222807.0
202608,502,United States,220900,Vinegar and substitutes for vinegar obtained from acetic acid.,3646711.0
202608,502,United States,230110,"Flours, meals and pellets, of meat or offal, unfit for human consumption; greaves",144855303.0
202608,502,United States,230120,"Flours, meals and pellets of fish or crustaceans, molluscs or other aquatic invertebrates, unfit for human consumption",48301132.0
202608,502,United States,230240,"Bran, sharps and other residues of wheat, whether or not in the form of pellets, derived from sifting, milling or other working",20599270.0
202608,502,United States,230650,"Oilcake and other solid residues, whether or not ground or in the form of pellets, resulting from the extraction of coconut or copra",259.0
202608,502,United States,230910,"Dog or cat food, put up for retail sale",252189063.0
202608,502,United States,230990,Preparations of a kind used in animal feeding (excluding dog or cat food put up for retail sale),43486791.0
202608,502,United States,240412,"Other procucts containing nicotine, intended for inhalation without combustion",21401876.0
202608,502,United States,240419,Other procucts intended for inhalation without combustion,587000.0
202608,502,United States,250100,"Salts, incl. table salt and denatured salt, and pure sodium chloride, whether or not in aqueous solution or containing added anti-caking or free-flowing agents; sea water",202627.0
202608,502,United States,250300,"Sulphur of all kinds (excluding sublimed sulphur, precipitated sulphur and colloidal sulphur)",10122.0
202608,502,United States,250410,Natural graphite in powder or in flakes,57344.0
202608,502,United States,250510,"Silica sands and quartz sands, whether or not coloured",7106255.0
202608,502,United States,250590,"Natural sands of all kinds, whether or not coloured (excluding silica sands, quartz sands, gold- and platinum-bearing sands, zircon, rutile and ilmenite sands, monazite sands, and tar or asphalt sands)",6663.0
202608,502,United States,250610,Quartz (excluding quartz sands),93597588.0
202608,502,United States,250620,"Quartzite, merely cut, by sawing or otherwise, in blocks or slabs of a square or rectangular shape",22310.0
202608,502,United States,250700,"Kaolin and other kaolinic clays, whether or not calcined",34058846.0
202608,502,United States,250810,Bentonite,6235817.0
202608,502,United States,250830,Fireclay,80366.0
202608,502,United States,250840,Other clays,3141365.0
202608,502,United States,250850,"Andalusite, kyanite and sillimanite",2040226.0
202608,502,United States,250860,Mullite,850781.0
202608,502,United States,251110,Natural barium sulphate (barytes),20256.0
202608,502,United States,251200,"Siliceous fossil meals, e.g. kieselguhr, tripolite and diatomite, and similar siliceous earths, whether or not calcined, of an apparent specific gravity of 2 or less.",1733227.0
202608,502,United States,251310,Pumice stone,150385.0
202608,502,United States,251320,"Emery, natural corundum, natural garnet and other natural abrasives",579727.0
202608,502,United States,251611,Crude or roughly trimmed,366320.0
202608,502,United States,251612,"Merely cut, by sawing or otherwise, into blocks or slabs of a rectangular (including square) shape",728699.0
202608,502,United States,251710,"Pebbles, gravel, broken or crushed stone, of a kind commonly used for concrete aggregates, for road metalling or for railway or other ballast, shingle and flint, whether or not heattreated",49778.0
202608,502,United States,251741,"Marble granules, chippings and powder, whether or not heat-treated",83882.0
202608,502,United States,251749,"Granules, chippings and powder, whether or not heat-treated, of travertine, ecaussine, alabaster, basalt, granite, sandstone, porphyry, syenite, lava, gneiss, trachyte and other rocks of heading 2515 and 2516 (excluding marble)",4620.0
202608,502,United States,251810,"Dolomite, not calcined or sintered",3877.0
202608,502,United States,251990,"Fused magnesia; dead-burned sintered"" magnesia, whether or not containing small quantities of other oxides added before sintering; other magnesium oxide (excluding natural magnesium carbonate ""magnesite"")""",110464.0
202608,502,United States,252010,Gypsum; anhydrite,9664.0
202608,502,United States,252020,Plasters,267046.0
202608,502,United States,252100,"Limestone flux; limestone and other calcareous stone, of a kind used for the manufacture of lime or cement",132343.0
202608,502,United States,252210,Quicklime,42906.0
202608,502,United States,252220,Slaked lime,2448.0
202608,502,United States,252310,Cement clinkers,1577.0
202608,502,United States,252329,"Portland cement (excluding white, whether or not artificially coloured)",1617.0
202608,502,United States,252330,Aluminous cement,1025652.0
202608,502,United States,252390,"Cement, whether or not coloured (excluding portland cement and aluminous cement)",3757.0
202608,502,United States,252520,Mica powder,241496.0
202608,502,United States,252620,"Natural steatite and talc, crushed or powdered",3995376.0
202608,502,United States,253090,"Other mineral substances, n.e.s.",1068066.0
202608,502,United States,260111,Nonagglomerated,114.0
202608,502,United States,260300,Copper ores and concentrates.,152.0
202608,502,United States,260700,Lead ores and concentrates.,76.0
202608,502,United States,261390,Molybdenum ores and concentrates (excluding roasted),5888168.0
202608,502,United States,261510,Zirconium ores and concentrates,2032064.0
202608,502,United States,270112,Bituminous coal,1680.0
202608,502,United States,270400,"Coke and semicoke of coal, of lignite or of peat, whether or not agglomerated; retort carbon.",166.0
202608,502,United States,270750,Other aromatic hydrocarbon mixtures of which 65% or more by volume (including losses) distils at 250°C by the ISO 3405 method (equivalent to the ASTM D 86 method,286306.0
202608,502,United States,270799,"Oils and other products of the distillation of high temperature coal tars; similar products in which the weight of the aromatic constituents exceeds that of the non-aromatic constituents (excluding chemically-defined compounds, benzol benzene"", toluol ""toluene"", xylol ""xylenes"", naphthalene, aromatic hydrocarbon mixtures of subheading 2707.50, and creosote oils)""",1616426.0
202608,502,United States,271012,Light oils and preparations,15369410.0
202608,502,United States,271019,"Medium oils and preparations, of petroleum or bituminous minerals, n.e.s.",36620408.0
202608,502,United States,271111,Liquefied natural gas,540627372.0
202608,502,United States,271112,Liquefied propane,5974646498.0
202608,502,United States,271113,Liquefied butanes,162786154.0
202608,502,United States,271129,"Hydrocarbons in gaseous state, n.e.s. (excluding natural gas)",445033.0
202608,502,United States,271210,Petroleum jelly,1356100.0
202608,502,United States,271220,Paraffin wax containing by weight less than 0.75% of oil,1430610.0
202608,502,United States,271290,"Paraffin wax, microcrystalline petroleum wax, slack wax, ozokerite, lignite wax, peat wax, other mineral waxes, and similar products obtained by synthesis or by other processes, whether or not coloured (excluding petroleum jelly and paraffin wax containing ＜ 0,75% by weight of oil)",3696981.0
202608,502,United States,271311,"Petroleum coke, non-calcined",966763852.0
202608,502,United States,271312,"Petroleum coke, calcined",83656.0
202608,502,United States,271320,Petroleum bitumen,139584.0
202608,502,United States,271500,"Bituminous mastics, cut-backs and other bituminous mixtures based on natural asphalt, on natural bitumen, on petroleum bitumen, on mineral tar or on mineral tar pitch(for example, bituminous mastics, cutbacks).",8168083.0
202608,502,United States,280120,Iodine,17871.0
202608,502,United States,280130,Fluorine; bromine,2009925.0
202608,502,United States,280200,"Sulphur, sublimed or precipitated; colloidal sulphur.",240623.0
202608,502,United States,280300,Carbon (carbon blacks and other forms of carbon not elsewhere specified or included).,6976506.0
202608,502,United States,280421,Argon,44233.0
202608,502,United States,280429,Other rare gases,51906066.0
202608,502,United States,280430,Nitrogen,260639.0
202608,502,United States,280440,Oxygen,785716.0
202608,502,United States,280450,Boron; tellurium,191.0
202608,502,United States,280461,Containing by weight not less than 99.99% of silicon,54106747.0
202608,502,United States,280469,Other silicon,10531.0
202608,502,United States,280490,Selenium,1884.0
202608,502,United States,280519,Alkali or alkaline-earth metals (excluding sodium and calcium),137269.0
202608,502,United States,280530,"Rareearth metals, scandium and yttrium, whether or not intermixed or interalloyed",1533.0
202608,502,United States,280610,Hydrogen chloride (hydrochloric acid),27073.0
202608,502,United States,280700,Sulphuric acid; oleum.,9079.0
202608,502,United States,280800,Nitric acid; sulphonitric acids.,48079.0
202608,502,United States,280920,Phosphoric acid and polyphosphoric acids,104002.0
202608,502,United States,281000,Oxides of boron; boric acids.,44634539.0
202608,502,United States,281111,Hydrogen fluoride (hydrofluoric acid),814920.0
202608,502,United States,281119,"Inorganic acids (excluding hydrogen chloride hydrochloric acid"", chlorosulphuric acid, sulphuric acid, oleum, nitric acid, sulphonitric acids, phosphoric acid, polyphosphoric acids, boric acids and hydrogen fluoride ""hydrofluoric acid"")""",32333.0
202608,502,United States,281121,Carbon dioxide,91100.0
202608,502,United States,281122,Silicon dioxide,2936357.0
202608,502,United States,281129,"Inorganic oxygen compounds of non-metals (excluding diphosphorus pentaoxide, oxides of boron, carbon dioxide and silicon dioxide)",1539202.0
202608,502,United States,281219,"Chlorides and chloride oxides (excl. carbonyl dichloride (phosgene), phosphorus oxy-, tri- and pentachloride, sulphur monochloride, sulphur dichloride and thionyl chloride)",1254769.0
202608,502,United States,281290,Halides and halide oxides of non-metals (excluding chlorides and chloride oxides),525563.0
202608,502,United States,281420,Ammonia in aqueous solution,60923.0
202608,502,United States,281511,Solid,269348.0
202608,502,United States,281512,In aqueous solution (soda lye or liquid soda),564758.0
202608,502,United States,281520,Potassium hydroxide (caustic potash),164514.0
202608,502,United States,281610,Hydroxide and peroxide of magnesium,18106.0
202608,502,United States,281640,"Oxides, hydroxides and peroxides, of strontium or barium",1597.0
202608,502,United States,281700,Zinc oxide; zinc peroxide.,101255.0
202608,502,United States,281810,"Artificial corundum, whether or not chemically defined",1671543.0
202608,502,United States,281820,"Aluminium oxide, other than artificial corundum",9209310.0
202608,502,United States,281830,Aluminium hydroxide,12794045.0
202608,502,United States,281910,Chromium trioxide,878645.0
202608,502,United States,281990,Chromium oxides and hydroxides (excluding chromium trioxide),28974.0
202608,502,United States,282010,Manganese dioxide,3915.0
202608,502,United States,282110,Iron oxides and hydroxides,2280820.0
202608,502,United States,282120,Earth colours,60746.0
202608,502,United States,282200,Cobalt oxides and hydroxides; commercial cobalt oxides.,460.0
202608,502,United States,282300,Titanium oxides.,546024.0
202608,502,United States,282410,"Lead monoxide (litharge, massicot)",3255.0
202608,502,United States,282510,Hydrazine and hydroxylamine and their inorganic salts,168.0
202608,502,United States,282520,Lithium oxide and hydroxide,12094.0
202608,502,United States,282540,Nickel oxides and hydroxides,18283.0
202608,502,United States,282550,Copper oxides and hydroxides,1452406.0
202608,502,United States,282560,Germanium oxides and zirconium dioxide,533625.0
202608,502,United States,282570,Molybdenum oxides and hydroxides,2316.0
202608,502,United States,282580,Antimony oxides,47499.0
202608,502,United States,282590,"Bases, inorganic, and metal oxides, hydroxides and peroxides, n.e.s.",661798.0
202608,502,United States,282619,Fluorides (excluding of aluminium and mercury),9109.0
202608,502,United States,282690,"Fluorosilicates, fluoroaluminates and other complex fluorine salts (excluding sodium hexafluoroaluminate synthetic cryolite"" and inorganic or organic compounds of mercury)""",42393.0
202608,502,United States,282710,Ammonium chloride,14157.0
202608,502,United States,282720,Calcium chloride,2567.0
202608,502,United States,282731,Chlorides of magnesium,389298.0
202608,502,United States,282732,Chlorides of aluminium,14258.0
202608,502,United States,282735,Chlorides of nickel,730.0
202608,502,United States,282739,"Chlorides (excluding ammonium, calcium, magnesium, aluminium, nickel and mercury chloride)",711346.0
202608,502,United States,282749,Chloride oxides and chloride hydroxides (excluding copper and mercury),3107447.0
202608,502,United States,282751,Bromides of sodium or of potassium,2283.0
202608,502,United States,282759,"Bromides and bromide oxides (excluding of sodium, potassium and mercury)",201267.0
202608,502,United States,282760,Hypochlorites; commercial calcium hypochlorite; chlorites; hypobromites,4930283.0
202608,502,United States,282890,"Hypochlorites, chlorites and hypobromites (excluding calcium hypochlorites)",19994.0
202608,502,United States,282990,Perchlorates; bromates and perbromates; iodates and periodates (excluding inorganic or organic compounds of mercury),246578.0
202608,502,United States,283090,"Sulphides (excluding sodium); polysulphides, whether or not chemically defined (excluding inorganic or organic compounds of mercury whether or not chemically defined)",840118.0
202608,502,United States,283110,Dithionite and sulfoxylate of sodium,56346.0
202608,502,United States,283220,Sulphites (excluding sodium),318.0
202608,502,United States,283230,Thiosulphates,2891.0
202608,502,United States,283311,Disodium sulphate,92236.0
202608,502,United States,283319,Sodium sulphates (excluding disodium),951.0
202608,502,United States,283321,Sulphate of magnesium,37391.0
202608,502,United States,283322,Sulphate of aluminium,792.0
202608,502,United States,283325,Sulphate of copper,577123.0
202608,502,United States,283329,"Sulphates (excluding of sodium, magnesium, aluminium, nickel, copper, barium and mercury)",2528862.0
202608,502,United States,283330,Alums,90.0
202608,502,United States,283340,Peroxosulphates (persulphates),16698.0
202608,502,United States,283410,Nitrites,3618.0
202608,502,United States,283421,Nitrate of potassium,562638.0
202608,502,United States,283429,Nitrates (excluding of potassium and of mercury),1705468.0
202608,502,United States,283522,Mono- or disodium phosphate,54302.0
202608,502,United States,283524,Phosphates of potassium,64289.0
202608,502,United States,283525,Calcium hydrogenorthophosphate (ìdicalcium phosphate?),1174360.0
202608,502,United States,283526,Other phosphates of calcium,244281.0
202608,502,United States,283529,"Phosphates (excluding phosphates of monosodium, disodium, potassium, calcium and mercury)",276159.0
202608,502,United States,283531,Sodium triphosphate (sodium tripolyphosphate),261.0
202608,502,United States,283539,"Polyphosphates, whether or not chemically defined (excluding sodium triphosphate sodium tripolyphosphate"", and inorganic or organic compounds of mercury whether or not chemically defined)""",1468442.0
202608,502,United States,283620,Disodium carbonate,21647.0
202608,502,United States,283630,Sodium hydrogencarbonate (sodium bicarbonate),58143.0
202608,502,United States,283640,Potassium carbonates,17908.0
202608,502,United States,283650,Calcium carbonate,52710.0
202608,502,United States,283691,Lithium carbonates,2066041.0
202608,502,United States,283692,Strontium carbonate,898.0
202608,502,United States,283699,"Carbonates and peroxocarbonates percarbonates""; commercial ammonium carbonate containing ammonium carbamate (excluding disodium carbonate, sodium hydrogencarbonate ""sodium bicarbonate"", potassium carbonates, calcium carbonate, barium carbonate, lithium carbonates, strontium carbonate and inorganic or organic compounds of mercury)""",416864.0
202608,502,United States,283720,Complex cyanides,30203.0
202608,502,United States,283911,Sodium metasilicates,1012.0
202608,502,United States,283919,"Silicates of sodium, incl. commercial silicates (excluding sodium metasilicates)",80329.0
202608,502,United States,283990,"Silicates, incl. commercial alkali metal silicates (excluding sodium silicates)",1281812.0
202608,502,United States,284011,Anhydrous,13288854.0
202608,502,United States,284019,"Disodium tetraborate refined borax"" (excluding anhydrous)""",90572267.0
202608,502,United States,284020,"Borates (excluding disodium tetraborate refined borax"")""",1053973.0
202608,502,United States,284150,Other chromates and dichromates; peroxochromates,205.0
202608,502,United States,284169,"Manganites, manganates and permanganates (excluding potassium permanganate)",1876.0
202608,502,United States,284170,Molybdates,3264482.0
202608,502,United States,284180,Tungstates (wolframates),2905.0
202608,502,United States,284190,"Salts of oxometallic or peroxometallic acids (excluding chromates, dichromates, peroxochromates, manganites, manganates, permanganates, molybdates and tungstates wolframamtes"")""",115021.0
202608,502,United States,284210,"Double or complex silicates, including aluminosilicates whether or not chemically defined",4451306.0
202608,502,United States,284290,"Salts of inorganic acids or peroxoacids (excluding of oxometallic or peroxometallic acids, double or complex silicates [incl. aluminosilicates whether or not chemically defined], azides, and inorganic or organic compounds of mercury)",362044.0
202608,502,United States,284321,Silver nitrate,8493.0
202608,502,United States,284329,"Silver compounds, inorganic or organic, whether or not chemically defined (excluding of mercury and silver nitrate)",97949.0
202608,502,United States,284330,Gold compounds,17076.0
202608,502,United States,284390,"Inorganic or organic compounds of precious metals, whether or not chemically defined (excluding silver and gold); amalgams of precious metals",13915977.0
202608,502,United States,284441,"Tritium and its compounds; alloys, dispersions (including cermets), ceramic products and mixtures containing tritium or its compounds",207010.0
202608,502,United States,284442,"Actinium-225, actinium-227, californium-253, curium-240, curium-241, curium-242, curium-243, curium-244, einsteinium-253, einsteinium-254, gadolinium-148, polonium-208, polonium-209, polonium-210, radium-223, uranium-230 or uranium-232, and their compounds; alloys, dispersions (including cermets), ceramic products and mixtures containing these elements or compounds",6539719.0
202608,502,United States,284443,"Other radioactive elements and isotopes and compounds; other alloys, dispersions (including cermets), ceramic products and mixtures containing these elements, isotopes or compounds",13717079.0
202608,502,United States,284510,Heavy water (deuterium oxide),76104.0
202608,502,United States,284530,Lithium enriched in lithium-6 and its compounds,62177.0
202608,502,United States,284590,"Non-radioactive isotopes; inorganic or organic compounds of such isotopes, whether or not chemically defined (excluding heavy water deuterium oxide"")""",116557386.0
202608,502,United States,284610,Cerium compounds,16082.0
202608,502,United States,284690,"Compounds, inorganic or organic, of rare-earth metals, of yttrium or of scandium or of mixtures of these metals (excluding cerium)",2393473.0
202608,502,United States,284700,"Hydrogen peroxide, whether or not solidified with urea.",2604358.0
202608,502,United States,284920,"Carbides of silicon, whether or not chemically defined",183926.0
202608,502,United States,284990,"Carbides, whether or not chemically defined (excluding of calcium or silicon, and inorganic or organic compounds of mercury whether or not chemically defined)",164414.0
202608,502,United States,285000,"Hydrides, nitrides, azides, silicides and borides, whether or not chemically defined, other than compounds which are also carbides of heading 28.49.",16818230.0
202608,502,United States,285390,"Phosphides, whether or not chemically defined (excl. ferrophosphorus); inorganic compounds, incl. distilled or conductivity water and water of similar purity, n.e.s.; liquid air, whether or not rare gases have been removed; compressed air; amalgams (excl. amalgams of precious metals)",6787179.0
202608,502,United States,290110,Saturated acyclic hydrocarbons,2650911660.0
202608,502,United States,290121,Ethylene,99104160.0
202608,502,United States,290122,Propene (propylene),286467.0
202608,502,United States,290129,"Hydrocarbons, acyclic, unsaturated (excluding ethylene, propene propylene"", butene ""butylene"" and isomers thereof and Buta-1,3-diene and isoprene)""",34568795.0
202608,502,United States,290211,Cyclohexane,36154.0
202608,502,United States,290219,"Cyclanes, cyclenes and cycloterpenes (excluding cyclohexane)",13564711.0
202608,502,United States,290220,Benzene,875.0
202608,502,United States,290244,Mixed xylene isomers,5741.0
202608,502,United States,290250,Styrene,207.0
202608,502,United States,290270,Cumene,137.0
202608,502,United States,290290,"Cyclic hydrocarbons (excluding cyclanes, cyclenes, benzene, toluene, xylenes, styrene, ethylbenzene and cumene)",163005.0
202608,502,United States,290312,Dichloromethane (methylene chloride),7896.0
202608,502,United States,290315,"Ethylene dichloride (ISO) (1,2dichloroethane)",17468.0
202608,502,United States,290319,"Saturated chlorinated derivatives of acyclic hydrocarbons (excluding chloromethane [methyl chloride], chloroethane [ethyl chloride], dichloromethane [methylene chloride], chloroform [trichloromethane], carbon tetrachloride and ethylene dichloride [ISO] [1,2 dichloroethane])",4531.0
202608,502,United States,290329,"Unsaturated chlorinated derivatives of acyclic hydrocarbons (excluding vinyl chloride chloroethylene"", trichloroethylene and tetrachloroethylene ""perchloroethylene"")""",807768.0
202608,502,United States,290342,Difluoromethane (HFC-32),943895.0
202608,502,United States,290343,"Fluoromethane (HFC-41), 1,2-difluoroethane (HFC-152) and 1,1-difluoroethane (HFC-152a)",852065.0
202608,502,United States,290345,"1,1,1,2-Tetrafluoroethane (HFC-134a) and 1,1,2,2-tetrafluoroethane (HFC-134)",9440465.0
202608,502,United States,290351,"2,3,3,3-Tetrafluoropropene (HFO-1234yf), 1,3,3,3-tetrafluoropropene (HFO-1234ze) and (Z)-1,1,1,4,4,4-hexafluoro-2-butene (HFO-1336mzz)",5041477.0
202608,502,United States,290369,Other brominated or iodinated derivatives of acyclic hydrocarbons,8181.0
202608,502,United States,290389,"Halogenated derivatives of cyclanic, cyclenic or cycloterpenic hydrocarbons (excluding 1,2,3,4,5,6-Hexachlorocyclohexane HCH [ISO]"", lindane [ISO, INN], aldrin [ISO], chlordane [ISO] and heptachlor [ISO)])""",500952.0
202608,502,United States,290391,"Chlorobenzene, odichlorobenzene and pdichlorobenzene",7171.0
202608,502,United States,290399,"Halogenated derivatives of aromatic hydrocarbons (excluding chlorobenzene, o-dichlorobenzene, p-dichlorobenzene, hexachlorobenzene [ISO] and DDT [ISO] clofenotane [INN], 1,1,1-trichloro-2,2-bis[p-chlorophenyl]ethane"")""",16185520.0
202608,502,United States,290410,"Derivatives containing only sulpho groups, their salts and ethyl esters",1982939.0
202608,502,United States,290420,Derivatives containing only nitro or only nitroso groups,355.0
202608,502,United States,290499,"Sulphonated, nitrated or nitrosated derivatives of hydrocarbons, whether or not halogenated (excl. those containing only sulpho, nitro or nitroso groups, trichloronitromethane chloropicrin"", perfluorooctane sulphonic acid and its salts, perfluorooctane sulphonyl fluoride and esters of glycerol formed with acid-function compounds)""",81217.0
202608,502,United States,290511,Methanol (methyl alcohol),80783.0
202608,502,United States,290512,Propan1ol (propyl alcohol) and propan2ol (isopropyl alcohol),116508.0
202608,502,United States,290513,Butan1ol (nbutyl alcohol),4608.0
202608,502,United States,290514,Other butanols,35983.0
202608,502,United States,290516,Octanol (octyl alcohol) and isomers thereof,4783260.0
202608,502,United States,290517,"Dodecan1ol (lauryl alcohol), hexadecan1ol (cetyl alcohol) and octadecan1ol (stearyl alcohol)",17891.0
202608,502,United States,290519,"Saturated monohydric acyclic alcohols (excluding methanol methyl alcohol"", propan-1-ol ""propyl alcohol"", propan-2-ol ""isopropyl alcohol"", butanols, octanol ""octyl alcohol"" and isomers thereof, dodecan-1-ol ""lauryl alcohol"", hexadecan-1-ol ""cetyl alcohol"" and octadecan-1-ol ""stearyl alcohol"")""",9561163.0
202608,502,United States,290522,Acyclic terpene alcohols,701241.0
202608,502,United States,290529,Unsaturated monohydric acyclic alcohols (excluding acyclic terpene alcohols),939236.0
202608,502,United States,290531,Ethylene glycol (ethanediol),39435671.0
202608,502,United States,290532,"Propylene glycol (propane1,2diol)",106260.0
202608,502,United States,290539,"Diols (excluding ethylene glycol ethanediol"" and propylene glycol ""propane-1,2-diol"")""",29917126.0
202608,502,United States,290543,Mannitol,392705.0
202608,502,United States,290544,Dglucitol (sorbitol),71921.0
202608,502,United States,290545,Glycerol,34422.0
202608,502,United States,290549,"Tri- and other polyhydric acyclic alcohols (excluding 2-ethyl-2-hydroxymethyl"" propane-1,3-diol ""trimethylolpropane"", pentaerythritol, mannitol, d-glucitol ""sorbitol"" and glycerol)""",22583.0
202608,502,United States,290559,"Halogenated, sulphonated, nitrated or nitrosated derivatives or acyclic alcohols (excluding ethchlorvynol INN"")""",550763.0
202608,502,United States,290611,Menthol,880113.0
202608,502,United States,290613,Sterols and inositols,2553102.0
202608,502,United States,290619,"Cyclanic, cyclenic or cycloterpenic alcohols and their halogenated, sulphonated, nitrated or nitrosated derivatives (excluding menthol, cyclohexanol, methylcyclohexanols, dimethylcyclohexanols, sterols and inositols)",268599.0
202608,502,United States,290621,Benzyl alcohol,5202.0
202608,502,United States,290629,"Aromatic cyclic alcohols and their halogenated, sulphonated, nitrated or nitrosated derivatives (excluding benzyl alcohol)",357209.0
202608,502,United States,290711,Phenol (hydroxybenzene) and its salts,151472.0
202608,502,United States,290712,Cresols and their salts,1083.0
202608,502,United States,290713,"Octylphenol, nonylphenol and their isomers; salts thereof",1966.0
202608,502,United States,290719,"Monophenols (excluding phenol hydroxybenzene"" and its salts, cresols and their salts, octylphenol, nonylphenol and their isomers and salts thereof and naphthols and their salts)""",8572428.0
202608,502,United States,290721,Resorcinol and its salts,2312.0
202608,502,United States,290722,Hydroquinone (quinol) and its salts,7452619.0
202608,502,United States,290729,"Polyphenols and phenol-alcohols (excluding resorcinol and hydroquinone quinol"" and their salts, and 4,4'-isopropylidenediphenol ""bisphenol A, diphenylolpropane"" and its salts)""",5039.0
202608,502,United States,290819,"Derivatives containing only halogen substituents and their salts, of phenols or phenol-alcohols (excluding pentachlorophenol [ISO])",9235624.0
202608,502,United States,290899,"Halogenated, sulphonated, nitrated or nitrosated derivatives of phenols or phenol-alcohols (excluding derivatives containing only halogen substitutes and their salts, dinoseb [ISO] and its salts, and 4,6-Dinitro-o-cresol [DNOC [ISO]] and its salts)",2160.0
202608,502,United States,290919,"Acyclic ethers and their halogenated, sulphonated, nitrated or nitrosated derivatives (excluding diethyl ether)",44242.0
202608,502,United States,290930,"Aromatic ethers and their halogenated, sulphonated, nitrated or nitrosated derivatives",941437.0
202608,502,United States,290941,"2,2'Oxydiethanol (diethylene glycol, digol)",26648.0
202608,502,United States,290943,Monobutyl ethers of ethylene glycol or of diethylene glycol,5079899.0
202608,502,United States,290944,Other monoalkylethers of ethylene glycol or of diethylene glycol,364120.0
202608,502,United States,290949,"Ether-alcohols and their halogenated, sulphonated, nitrated or nitrosated derivatives (excluding 2,2'-Oxydiethanol diethylene glycol, digol"" and monoalkylethers of ethylene glycol or of diethylene glycol)""",4112170.0
202608,502,United States,290950,"Etherphenols, etheralcoholphenols and their halogenated, sulphonated, nitrated or nitrosated derivatives",17172.0
202608,502,United States,290960,"Alcohol peroxides, ether peroxides, acetal and hemiacetal peroxides, ketone peroxides and their halogenated, sulphonated, nitrated or nitrosated derivatives",39349.0
202608,502,United States,291090,"Epoxides, epoxyalcohols, epoxyphenols and epoxyethers, with a three-membered ring, and their halogenated, sulphonated, nitrated or nitrosated derivatives (excluding oxirane ethylene oxide"", methyloxirane ""propylene oxide"", 1-Chloro-2,3-epoxypropane ""epichlorohydrin"" and dieldrin [ISO] [INN])""",2097726.0
202608,502,United States,291100,"Acetals and hemiacetals, whether or not with other oxygen function, and their halogenated, sulphonated, nitrated or nitrosated derivatives.",14933.0
202608,502,United States,291211,Methanal (formaldehyde),116639.0
202608,502,United States,291212,Ethanal (acetaldehyde),32488.0
202608,502,United States,291219,"Acyclic aldehydes, without other oxygen function (excluding methanal [formaldehyde] and ethanal [acetaldehyde])",6265893.0
202608,502,United States,291221,Benzaldehyde,4232.0
202608,502,United States,291229,"Cyclic aldehydes, without other oxygen function (excluding benzaldehyde)",1441717.0
202608,502,United States,291241,Vanillin (4hydroxy3methoxybenzaldehyde),15435.0
202608,502,United States,291249,"Aldehyde-alcohols, aldehyde-ethers, aldehyde-phenols and aldehydes with other oxygen function (excluding ethylvanillin 3-ethoxy-4-hydroxybenzaldehyde"" and vanillin ""4-hydroxy-3-methoxybenzaldehyde"")""",57500.0
202608,502,United States,291300,"Halogenated, sulphonated, nitrated or nitrosated derivatives of products of heading 29.12.",4943.0
202608,502,United States,291411,Acetone,94023.0
202608,502,United States,291412,Butanone (methyl ethyl ketone),105907.0
202608,502,United States,291419,"Acyclic ketones, without other oxygen function (excluding acetone, butanone methyl ethyl ketone"" and 4-Methylpentan-2-one ""Methyl isobutyl ketone"")""",895798.0
202608,502,United States,291422,Cyclohexanone and methylcyclohexanones,106245.0
202608,502,United States,291423,Ionones and methylionones,16262.0
202608,502,United States,291429,"Cyclanic, cyclenic or cycloterpenic ketones, without other oxygen function (excluding cyclohexanone, methylcyclohexanones, ionones and methylionones)",663351.0
202608,502,United States,291439,"Ketones, aromatic, without other oxygen function (excluding phenylacetone [phenylpropan-2-one])",1941.0
202608,502,United States,291440,Ketonealcohols and ketonealdehydes,67229.0
202608,502,United States,291450,Ketonephenols and ketones with other oxygen function,1042475.0
202608,502,United States,291469,Quinones (excluding anthraquinone),6482.0
202608,502,United States,291479,"Halogenated, sulphonated, nitrated or nitrosated derivatives of ketones or quinones (excl. chlordecone ISO"" and inorganic or organic compounds of mercury)""",14685.0
202608,502,United States,291511,Formic acid,15052.0
202608,502,United States,291512,Salts of formic acid,20669.0
202608,502,United States,291513,Esters of formic acid,53962.0
202608,502,United States,291521,Acetic acid,508399.0
202608,502,United States,291529,Salts of acetic acid (excluding inorganic or organic compounds of mercury),195981.0
202608,502,United States,291531,Ethyl acetate,26792.0
202608,502,United States,291533,nButyl acetate,11473.0
202608,502,United States,291539,"Esters of acetic acid (excluding ethyl, vinyl, n-butyl and dinoseb [ISO] acetates)",1098884.0
202608,502,United States,291550,"Propionic acid, its salts and esters",3576.0
202608,502,United States,291560,"Butanoic acids, pentanoic acids, their salts and esters",263895.0
202608,502,United States,291570,"Palmitic acid, stearic acid, their salts and esters",699455.0
202608,502,United States,291590,"Saturated acyclic monocarboxylic acids, their anhydrides, halides, peroxides and peroxyacids; their halogenated, sulphonated, nitrated or nitrosated derivatives (excluding formic acid and acetic acid, mono-, di- or trichloroacetic acids, propionic acid, butanoic and pentanoic acids, palmitic and stearic acids, their salts and esters, and acetic anhydride)",12160732.0
202608,502,United States,291612,Esters of acrylic acid,2486261.0
202608,502,United States,291613,Methacrylic acid and its salts,607502.0
202608,502,United States,291614,Esters of methacrylic acid,741508.0
202608,502,United States,291615,"Oleic, linoleic or linolenic acids, their salts and esters",271460.0
202608,502,United States,291619,"Unsaturated acyclic monocarboxylic acids, their anhydrides, halides, peroxides, peroxyacids and halogenated, sulphonated, nitrated or nitrosated derivatives (excluding acrylic acid and its salts and esters, methacrylic acid and its salts and esters, and oleic, linoleic or linolenic acids, their salts and esters, and binapacryl [ISO])",623954.0
202608,502,United States,291620,"Cyclanic, cyclenic or cycloterpenic monocarboxylic acids, their anhydrides, halides, peroxides, peroxyacids and their derivatives",6456.0
202608,502,United States,291631,"Benzoic acid, its salts and esters",216038.0
202608,502,United States,291632,Benzoyl peroxide and benzoyl chloride,87119.0
202608,502,United States,291634,Phenylacetic acid and its salts,10920.0
202608,502,United States,291639,"Aromatic monocarboxylic acids, their anhydrides, halides, peroxides, peroxyacids and their halogenated, sulphonated, nitrated or nitrosated derivatives (excluding benzoic acid, its salts and esters, benzoyl peroxide, benzoyl chloride, phenylacetic acid and its salts, and inorganic or organic compounds of mercury whether or not chemically defined)",171919.0
202608,502,United States,291711,"Oxalic acid, its salts and esters",10361.0
202608,502,United States,291712,"Adipic acid, its salts and esters",2234297.0
202608,502,United States,291713,"Azelaic acid, sebacic acid, their salts and esters",2029.0
202608,502,United States,291719,"Acyclic polycarboxylic acids, their anhydrides, halides, peroxides, peroxyacids and their halogenated, sulphonated, nitrated or nitrosated derivatives (excluding oxalic acid, its salts and esters, adipic acid, its salts and esters, azelaic acid, sebacic acid, their salts and esters, maleic anhydride, and inorganic or organic compounds of mercury)",5959492.0
202608,502,United States,291720,"Cyclanic, cyclenic or cycloterpenic polycarboxylic acids, their anhydrides, halides, peroxides, peroxyacids and their derivatives",412367.0
202608,502,United States,291734,Other esters of orthophthalic acid,1601231.0
202608,502,United States,291739,"Aromatic polycarboxylic acids, their anhydrides, halides, peroxides, peroxyacids and their halogenated, sulphonated, nitrated or nitrosated derivatives (excluding esters of orthophthalic acid, phthalic anhydride, terephthalic acid and its salts and dimethyl terephthalate)",6389623.0
202608,502,United States,291811,"Lactic acid, its salts and esters",389326.0
202608,502,United States,291813,Salts and esters of tartaric acid,24806.0
202608,502,United States,291814,Citric acid,55671.0
202608,502,United States,291815,Salts and esters of citric acid,263093.0
202608,502,United States,291816,"Gluconic acid, its salts and esters",135405.0
202608,502,United States,291819,"Carboxylic acids with additional oxygen function and their anhydrides, halides, peroxides and peroxyacids; their halogenated, sulphonated, nitrated or nitrosated derivatives (excluding lactic acid, tartaric acid, citric acid, gluconic acid and their salts and esters, and chlorobenzilate [ISO])",54956.0
202608,502,United States,291821,Salicylic acid and its salts,127.0
202608,502,United States,291822,"OAcetylsalicylic acid, its salts and esters",11176.0
202608,502,United States,291823,Other esters of salicylic acid and their salts,141795.0
202608,502,United States,291829,"Carboxylic acids with phenol function but without other oxygen function, their anhydrides, halides, peroxides, peroxyacids and their halogenated, sulphonated, nitrated or nitrosated derivatives (excluding salicylic acid and o-Acetylsalicylic acid, and their salts and esters)",131534.0
202608,502,United States,291830,"Carboxylic acids with aldehyde or ketone function but without other oxygen function, their anhydrides, halides, peroxides, peroxyacids and their derivatives",1094872.0
202608,502,United States,291899,"Carboxylic acids with additional oxygen function and their anhydrides, halides, peroxides and peroxyacids; their halogenated, sulphonated, nitrated or nitrosated derivatives (excluding only with alcohol, phenol, aldehyde or ketone function, and 2,4,5-T [ISO] [2,4,5-trichlorophenoxyacetic acid] and its salts and esters)",357117.0
202608,502,United States,291990,"Phosphoric esters and their salts, incl. lactophosphates; their halogenated, sulphonated, nitrated or nitrosated derivatives (excluding tris2,3-dibromopropyl"" phosphate)""",816583.0
202608,502,United States,292019,"Thiophosphoric esters phosphorothioates"" and their salts; their halogenated, sulphonated, nitrated or nitrosated derivatives (excluding parathion [ISO] and parathion-methyl [ISO] [methyl-parathion])""",66.0
202608,502,United States,292029,"Phosphite esters and their salts; their halogenated, sulphonated, nitrated or nitrosated derivatives (excl. dimethyl, diethyl, trimethyl and triethyl phosphites)",256118.0
202608,502,United States,292090,"Esters of other inorganic acids of non-metals and their salts; their halogenated, sulphonated, nitrated or nitrosated derivatives (excluding esters of hydrogen halides, and thiophosphoric esters phosphorothioates"", their salts and their halogenated, sulphonated, nitrated or nitrosated derivatives, and inorganic or organic compounds of mercury))""",2157281.0
202608,502,United States,292111,"Methylamine, di or trimethylamine and their salts",193164.0
202608,502,United States,292119,"Acyclic monoamines and their derivatives; salts thereof (excluding methylamine, dimethylamine, trimethylamine, and their salts)",4381308.0
202608,502,United States,292121,Ethylenediamine and its salts,1031208.0
202608,502,United States,292122,Hexamethylenediamine and its salts,3226.0
202608,502,United States,292129,"Acyclic polyamines and their derivatives; salts thereof (excluding ethylenediamine and hexamethylenediamine, and their salts)",5763644.0
202608,502,United States,292130,"Cyclanic, cyclenic or cycloterpenic mono or polyamines, and their derivatives; salts thereof",281666.0
202608,502,United States,292142,Aniline derivatives and their salts,911.0
202608,502,United States,292143,Toluidines and their derivatives; salts thereof,695.0
202608,502,United States,292145,"1Naphthylamine (alphanaphthylamine), 2naphthylamine (betanaphthylamine) and their derivatives; salts thereof",2785.0
202608,502,United States,292146,"Amfetamine (INN), benzfetamine (INN), dexamfetamine (INN), etilamfetamine (INN), fencamfamin (INN), lefetamine (INN), levamfetamine (INN), mefenorex (INN) and phentermine (INN); salts thereof",4469.0
202608,502,United States,292149,"Aromatic monoamines and derivatives; salts thereof (excluding aniline, toluidines, diphenylamine, 1-naphthylamine alpha-naphthylamine"", 2-naphthylamine ""beta-naphthylamine"" and their derivatives, and salts thereof, and amfetamine ""INN"", benzfetamine ""INN"", dexamfetamine ""INN"", etilamfetamine ""INN"", fencamfamine ""INN"", lefetamine ""INN"", levamfetamine ""INN"", mefenorex ""INN"" and phentermine ""INN"", and salts thereof)""",41765.0
202608,502,United States,292151,"o-, m-, p-Phenylenediamine, diaminotoluenes, and their derivatives; salts thereof",982217.0
202608,502,United States,292159,"Aromatic polyamines and their derivatives; salts thereof (excluding o-phenylenediamine, m-phenylenediamine, p-phenylenediamine or diaminotoluenes and their derivatives, and salts thereof)",52057.0
202608,502,United States,292211,Monoethanolamine and its salts,16650.0
202608,502,United States,292212,Diethanolamine and its salts,2024.0
202608,502,United States,292219,"Amino-alcohols, their ethers and esters; salts thereof (other than those containing ＞ one kind of oxygen function and excluding monoethanolamine, diethanolamine, triethanolamine, dextropropoxyphene INN"", and salts thereof)""",16686668.0
202608,502,United States,292229,"Amino-naphthols and other amino-phenols, their ethers and esters; salts thereof (excluding those containing ＞ one kind of oxygen function; aminohydroxynaphthalenesulphonic acids and their salts)",5599.0
202608,502,United States,292239,"Amino-aldehydes, amino-ketones and amino-quinones; salts thereof (excluding those containing ＞ one kind of oxygen function, and amfepramone INN"", methadone ""INN"" and normethadone ""INN"", and salts thereof)""",4620.0
202608,502,United States,292242,Glutamic acid and its salts,5418.0
202608,502,United States,292249,"Amino-acids and their esters; salts thereof (excluding those with ＞ one kind of oxygen function, lysine and its esters, and salts thereof, and glutamic acid, anthranilic acid, tilidine INN"", and salts thereof)""",3343071.0
202608,502,United States,292250,"Aminoalcoholphenols, aminoacidphenols and other aminocompounds with oxygen function",2178427.0
202608,502,United States,292310,Choline and its salts,23898.0
202608,502,United States,292320,Lecithins and other phosphoaminolipids,2280548.0
202608,502,United States,292390,Quaternary ammonium salts and hydroxides (excluding choline and its salts),2280576.0
202608,502,United States,292419,"Acyclic amides, incl. acyclic carbamates, and their derivatives, and salts thereof (excluding meprobamate [INN], fluoroacetamide [ISO], monocrotophos [ISO] and phosphamidon [ISO])",819965.0
202608,502,United States,292421,Ureides and their derivatives; salts thereof,77590.0
202608,502,United States,292429,"Cyclic amides, incl. cyclic carbamates, and their derivatives; salts thereof (excluding ureines and their derivatives, salts thereof, 2-acetamidobenzoic acid N-acetylanthranilic acid"" and its salts and ethinamate ""INN"")""",338757.0
202608,502,United States,292511,Saccharin and its salts,131937.0
202608,502,United States,292519,"Imides and their derivatives; salts thereof (excluding saccharin and its salts, glutethimide [INN] and inorganic or organic compounds of mercury)",1523712.0
202608,502,United States,292529,Imines and their derivatives; salts thereof (excluding chlordimeform [ISO]),8899642.0
202608,502,United States,292620,1Cyanoguanidine (dicyandiamide),243198.0
202608,502,United States,292690,"Nitrile-function compounds (excluding acrylonitrile, 1-cyanoguanidine dicyandiamide"", fenproporex ""INN"" and its salts, and methadone ""INN""-intermediate ""4-cyano-2-dimethylamino-4,4-diphenylbutane"")""",284129.0
202608,502,United States,292700,"Diazo, azo or azoxycompounds.",21384.0
202608,502,United States,292800,Organic derivatives of hydrazine or of hydroxylamine.,898137.0
202608,502,United States,292910,Isocyanates,2010282.0
202608,502,United States,292990,"Compounds with nitrogen function (excluding amine-function compounds; oxygen-function amino-compounds; quaternary ammonium salts and hydroxides; lecithin and other phosphoaminolipids; carboxyamide-function compounds; amide-function compounds of carbonic acid; carboxyimide-function, imine-function or nitrile-function compounds; diazo-, azo- or azoxy-compounds; organic derivatives of hydrazine or of hydroxylamine and isocyanates)",280938.0
202608,502,United States,293020,Thiocarbamates and dithiocarbamates,1139482.0
202608,502,United States,293030,"Thiuram mono, di or tetrasulphides",34.0
202608,502,United States,293090,"Organo-sulphur compounds (excluding thiocarbamates and dithiocarbamates, thiuram mono-, di- or tetrasulphides, methionine, captafol [ISO] and methamidophos [ISO])",51420712.0
202608,502,United States,293149,Other non-halogenated organo-phosphorous derivatives,71887.0
202608,502,United States,293190,"Separate chemically defined organo-inorganic compounds (excluding organo-sulphur compounds and those of mercury, tetramethyl lead, tetraethyl lead and tributyltin compounds)",12364712.0
202608,502,United States,293211,Tetrahydrofuran,26028.0
202608,502,United States,293214,Sucralose,620181.0
202608,502,United States,293219,"Heterocyclic compounds with oxygen hetero-atom[s] only, containing an unfused furan ring, whether or not hydrogenated, in the structure (excluding tetrahydrofuran, 2-furaldehyde furfuraldehyde"", furfuryl alcohol and tetrahydrofurfuryl alcohol)""",208060.0
202608,502,United States,293220,Lactones,251856.0
202608,502,United States,293299,"Heterocyclic compounds with oxygen hetero-atom[s] only (excluding compounds containing unfused furan ring, whether or not hydrogenated, in the structure, and lactones, isosafrole, 1-[1,3-benzodioxol-5-yl]propan-2-one, piperonal, safrole, tetrahydrocannabinols all isomers"", and inorganic or organic compounds of mercury)""",7418404.0
202608,502,United States,293319,"Heterocyclic compounds with nitrogen hetero-atom[s] only, containing an unfused pyrazole ring, whether or not hydrogenated, in the structure (excluding phenazone antipyrin"" and its derivatives)""",2515265.0
202608,502,United States,293321,Hydantoin and its derivatives,132382.0
202608,502,United States,293329,"Heterocyclic compounds with nitrogen hetero-atom[s] only, containing an unfused imidazole ring, whether or not hydrogenated, in the structure (excluding hydantoin and its derivatives, and products of subheading 3002 10)",4119849.0
202608,502,United States,293331,Pyridine and its salts,37321.0
202608,502,United States,293339,"Heterocyclic compounds with nitrogen hetero-atom[s] only, containing an unfused pyridine ring, whether or not hydrogenated, in the structure (excluding pyridine, piperidine, alfentanil INN"", anileridine ""INN"", bezitramide ""INN"", bromazepam ""INN"", difenoxin ""INN"", diphenoxylate ""INN"", dipipanone ""INN"", fentanyl ""INN"", ketobemidone ""INN"", methylphenidate ""INN"", pentazocine ""INN"", pethidine ""INN"", pethidine ""INN"" intermediate A, phencyclidine ""INN"" ""PCP"", phenoperidine ""INN"", pipradol ""INN"", piritramide ""INN"", propiram ""INN"", trimeperidine ""INN"", and salts thereof, and inorganic or organic compounds of mercury)""",245933.0
202608,502,United States,293349,"Heterocyclic compounds with nitrogen hetero-atom[s] only, containing in the structure a quinoline or isoquinoline ring-system, whether or not hydrogenated, but not further fused (excluding levorphanol INN"" and its salts, and inorganic or organic compounds of mercury)""",66774.0
202608,502,United States,293359,"Heterocyclic compounds with nitrogen hetero-atom[s] only, containing a pyrimidine ring, whether or not hydrogenated, or piperazine ring in the structure (excluding malonylurea barbituric acid"" and its derivatives, allobarbital ""INN"", amobarbital ""INN"", barbital ""INN"", butalbital ""INN"", butobarbital ""INN"", cyclobarbital ""INN"", methylphenobarbital ""INN"", pentobarbital ""INN"", phenobarbital ""INN"", secbutabarbital ""INN"", secobarbital ""INN"", vinylbital ""INN"", loprazolam ""INN"", mecloqualone ""INN"", methaqualone ""INN"" and zipeprol ""INN"", and salts thereof)""",956434.0
202608,502,United States,293369,"Heterocyclic compounds with nitrogen hetero-atom[s] only, containing an unfused triazine ring, whether or not hydrogenated, in the structure (excluding melamine)",2194707.0
202608,502,United States,293379,Other lactams,12872810.0
202608,502,United States,293399,"Heterocyclic compounds with nitrogen hetero-atom[s] only (excluding those containing an unfused pyrazole, imidazole, pyridine or triazine ring, whether or not hydrogenated, a quinoline or isoquinoline ring-system, not further fused, whether or not hydrogenated, a pyrimidine ring, whether or not hydrogenated, or piperazine ring in the structure, and lactams, alprazolam INN"", camazepam ""INN"", chlordiazepoxide ""INN"", clonazepam ""INN"", clorazepate, delorazepam ""INN"", diazepam ""INN"", estazolam ""INN"", ethyl loflazepate ""INN"", fludiazepam ""INN"", flunitrazepam ""INN"", flurazepam ""INN"", halazepam ""INN"", lorazepam ""INN"", lormetazepam ""INN"", mazindol ""INN"", medazepam ""INN"", midazolam ""INN"", nimetazepam ""INN"", nitrazepam ""INN"", nordazepam ""INN"", oxazepam ""INN"", pinazepam ""INN"", prazepam ""INN"", pyrovalerone ""INN"", temazepam ""INN"", tetrazepam ""INN"" and triazolam ""INN"", and salts thereof)""",5064435.0
202608,502,United States,293410,Compounds containing an unfused thiazole ring (whether or not hydrogenated) in the structure,50981.0
202608,502,United States,293420,"Compounds containing in the structure a benzothiazole ringsystem (whether or not hydrogenated), not further fused",279052.0
202608,502,United States,293430,"Compounds containing in the structure a phenothiazine ringsystem (whether or not hydrogenated), not further fused",9159.0
202608,502,United States,293499,"Nucleic acids and their salts, whether or not chemically defined; heterocyclic compounds (excluding with oxygen only or with nitrogen hetero-atom[s] only, compounds containing in the structure an unfused thiazole ring or a benzothiazole or phenothiazine ring-system, not further fused and aminorex INN"", brotizolam ""INN"", clotiazepam ""INN"", cloxazolam ""INN"", dextromoramide ""INN"", haloxazolam ""INN"", ketazolam ""INN"", mesocarb ""INN"", oxazolam ""INN"", pemoline ""INN"", phendimetrazine ""INN"", phenmetrazine ""INN"", sufentanil ""INN"", and salts thereof, and inorganic or organic compounds of mercury whether or not chemically defined, and products of 3002 10)""",106172514.0
202608,502,United States,293590,Other sulphonamides,54303.0
202608,502,United States,293621,"Vitamins A and their derivatives, unmixed",19280.0
202608,502,United States,293623,"Vitamin B2 and its derivatives,unmixed",147772.0
202608,502,United States,293624,"D or DLPantothenic acid (Vitamin B5) and its derivatives,unmixed",14549.0
202608,502,United States,293626,"Vitamin B12 and its derivatives,unmixed",16281.0
202608,502,United States,293627,"Vitamin C and its derivatives,unmixed",7118.0
202608,502,United States,293628,"Vitamin E and its derivatives,unmixed",5669336.0
202608,502,United States,293629,"Other vitamins and their derivatives,unmixed",71656.0
202608,502,United States,293690,Other provitamins and vitamins and their derivatives and mixtures,7255.0
202608,502,United States,293712,Insulin and its salts,8404536.0
202608,502,United States,293719,"Polypeptide hormones, protein hormones and glycoprotein hormones, their derivatives and structural analogues, used primarily as hormones (excluding somatropin, its derivatives and structural analogues, and insulin and its salts)",36033.0
202608,502,United States,293890,"Glycosides, natural or reproduced by synthesis, and their salts, ethers, esters and other derivatives (excluding rutoside rutin"" and its derivatives)""",1564917.0
202608,502,United States,293945,"Levometamfetamine, metamfetamine (INN), metamfetamine racemate and their salts",3052.0
202608,502,United States,293979,"Vegetable alkaloids, natural or reproduced by synthesis, and their salts, ethers, esters and other derivatives (excl. alkaloids of opium, alkaloids of cinchons, theophylline, aminophylline theophylline-ethylenediamine"" alkaloids of rye ergot and their salts and derivatives, cocaine, ecgonine, levometamfetamine, metamfetamine ""INN"", metamfetamine racemate, and salts, esters and other derivatives thereof, caffeine and ephedrines, and their salts)""",3739.0
202608,502,United States,294000,"Sugars, chemically pure, other than sucrose, lactose, maltose, glucose and fructose; sugar ethers, sugar acetals and sugar esters, and their salts, other than products of heading 29.37, 29.38 or 29.39.",2053696.0
202608,502,United States,294190,"Antibiotics (excluding penicillins and their derivatives with a penicillanic acid structure, salts thereof, streptomycins, tetracyclines, chloramphenicol and erythromycin, their derivatives and salts thereof)",681.0
202608,502,United States,294200,Other organic compounds,3166.0
202608,502,United States,300120,Extracts of glands or other organs or of their secretions,900691.0
202608,502,United States,300190,"Glands and other organs for organo-therapeutic uses, whether or not powdered; heparin and its salts; other human or animal substances prepared for therapeutic or prophylactic uses, n.e.s.",48759.0
202608,502,United States,300212,Antisera and other blood fractions,239013792.0
202608,502,United States,300213,"Immunological products, unmixed, not put up in measured doses or in forms or packings for retail sale",1779413.0
202608,502,United States,300214,"Immunological products, mixed, not put up in measured doses or in forms or packings for retail sale",29249447.0
202608,502,United States,300215,"Immunological products, put up in measured doses or in forms or packings for retail sale",823863546.0
202608,502,United States,300241,Vaccines for human medicine,51474150.0
202608,502,United States,300242,Vaccines for veterinary medicine,45024455.0
202608,502,United States,300249,"Toxins, cultured microorganisms and similar products",21634158.0
202608,502,United States,300259,Other cell cultures (excl. Cell therapy products),9978725.0
202608,502,United States,300290,"Human blood; animal blood prepared for therapeutic, prophylactic or diagnostic uses",4957.0
202608,502,United States,300410,"Medicaments containing penicillins or derivatives thereof, with a penicillanic acid structure, or streptomycins or their derivatives,in forms or packings for retail sale",1525623.0
202608,502,United States,300420,"Other medicaments containing antibiotics,in forms or packings for retail sale",111290018.0
202608,502,United States,300432,"Medicaments containing corticosteroid hormones, their derivatives or structural analogues,in forms or packings for retail sale",22952983.0
202608,502,United States,300439,"Medicaments containing hormones or products under heading 39.37,in forms or packings for retail sale,nes",20302273.0
202608,502,United States,300449,"Medicaments containing other alkaloids or derivatives thereof, in forms or packings for retail sale, nes",191057.0
202608,502,United States,300450,"Other medicaments containing vitamins or products under heading 29.36, in forms or packings for retail sale",19212062.0
202608,502,United States,300490,"Other Medicaments consisting of mixed or unmixed products for therapeutic or prophylactic uses, in forms or packings for retail sale",625416599.0
202608,502,United States,300510,Adhesive dressings and other articles having an adhesive layer,6760811.0
202608,502,United States,300590,"Wadding, gauze, bandages and the like, e.g. dressings, adhesive plasters, poultices, impregnated or covered with pharmaceutical substances or put up for retail sale for medical, surgical, dental or veterinary purposes (excluding adhesive dressings and other articles having an adhesive layer)",5981668.0
202608,502,United States,300610,"Sterile surgical catgut, similar sterile suture materials (including sterile absorbable surgical or dental yarns) and sterile tissue adhesives for surgical wound closure; sterile laminaria and sterile laminaria tents; sterile absorbable surgical or dental haemostatics; sterile surgical or dental adhesion barriers, whether or not absorbable",84626513.0
202608,502,United States,300640,Dental cements and other dental fillings; bone reconstruction cements,24102383.0
202608,502,United States,300650,Firstaid boxes and kits,646417.0
202608,502,United States,300670,Gel preparations designed to be used in human or veterinary medicine as a lubricant for parts of the body for surgical operations or physical examinations or as a coupling agent between the body and medical instruments,4102694.0
202608,502,United States,300691,Appliances identifiable for ostomy use,339812.0
202608,502,United States,300693,"Placebos and blinded (or double-blinded) clinical trial kits for a recognised clinical trial, put up in measured doses",8193599.0
202608,502,United States,310210,"Urea, whether or not in aqueous solution",71496.0
202608,502,United States,310420,Potassium chloride,37745.0
202608,502,United States,310510,Goods of this Chapter in tablets or similar forms or in packages of a gross weight not exceeding 10 kg,128872.0
202608,502,United States,310559,"Mineral or chemical fertilisers containing the two fertilising elements nitrogen (excluding nitrate) and phosphorus but not nitrates (excluding ammonium dihydrogenorthophosphate monoammonium phosphate"", diammonium hydrogenorthophosphate ""diammonium phosphate"" in tablets or similar forms, or in packages with a gross weight of ≤ 10 kg)""",5411867.0
202608,502,United States,310590,"Mineral or chemical fertilisers containing the two fertilising elements nitrogen and potassium or one principal fertilising substance only, incl. mixtures of animal or vegetable fertilisers with chemical or mineral fertilisers (excluding those in tablets or similar forms, or in packages with a gross weight of ≤ 10 kg)",1327734.0
202608,502,United States,320210,Synthetic organic tanning substances,1296483.0
202608,502,United States,320300,"Colouring matter of vegetable or animal origin (including dyeinextracts but excluding animal black), whether or not chemicalldefined; preparations as specified in Note 4 to this Chapter baseon colouring matter of vegetable or animal origin.",67379.0
202608,502,United States,320411,Disperse dyes and preparations based thereon,2620744.0
202608,502,United States,320412,"Acid dyes, whether or not premetallised, and preparations based thereon; mordant dyes and preparations based thereon",1712749.0
202608,502,United States,320413,Basic dyes and preparations based thereon,9492.0
202608,502,United States,320414,Direct dyes and preparations based thereon,438290.0
202608,502,United States,320415,Vat dyes (including those usable in that state as pigments) and preparations based thereon,10971.0
202608,502,United States,320416,Reactive dyes and preparations based thereon,124191.0
202608,502,United States,320417,Pigments and preparations based thereon,7103928.0
202608,502,United States,320418,Carotenoid colouring matters and preparations based thereon,296322.0
202608,502,United States,320419,Other organic colouring matters and preparations based thereon,3784820.0
202608,502,United States,320420,Synthetic organic products of a kind used as fluorescent brightening agents,716107.0
202608,502,United States,320490,"Synthetic organic products of a kind used as luminophores, whether or not chemically defined",4319498.0
202608,502,United States,320500,Colour lakes; preparations as specified in Note 3 to this Chapter based on colour lakes.,1797388.0
202608,502,United States,320611,"Pigments and preparations based on titanium dioxide of a kind used for colouring any material or produce colorant preparations, containing ≥ 80% by weight of titanium dioxide calculated on the dry matter (excluding preparations of heading 3207, 3208, 3209, 3210, 3212, 3213 and 3215)",9316891.0
202608,502,United States,320619,"Pigments and preparations based on titanium dioxide of a kind used for colouring any material or produce colorant preparations, containing ＜ 80% by weight of titanium dioxide calculated on the dry matter (excluding preparations of heading 3207, 3208, 3209, 3210, 3212, 3213 and 3215)",979443.0
202608,502,United States,320641,Ultramarine and preparations based thereon,1780.0
202608,502,United States,320649,"Inorganic or mineral colouring matter, n.e.s.; preparations based on inorganic or mineral colouring matter of a kind used for colouring any material or produce colorant preparations, n.e.s. (excluding preparations of heading 3207, 3208, 3209, 3210, 3213 and 3215 and inorganic products of a kind used as liminophores)",12105856.0
202608,502,United States,320650,Inorganic products of a kind used as luminophores,4308070.0
202608,502,United States,320710,"Prepared pigments, prepared opacifiers, prepared colours and similar preparations",96491.0
202608,502,United States,320720,"Vitrifiable enamels and glazes, engobes (slips) and similar preparations",124545.0
202608,502,United States,320740,"Glass frit and other glass, in the form of powder, granules or flakes",6017419.0
202608,502,United States,320810,"Paints&vanishes based on polyesters, in a non-aqueous medium",30547690.0
202608,502,United States,320820,"Paints&vanishes based on acrylic or vinyl polymers, in a non-aqueous medium",3628924.0
202608,502,United States,320890,"Paints and varnishes based, incl. enamels and lacquers, on synthetic polymers or chemically modified natural polymers, dispersed or dissolved in a non-aqueous medium, and solutions of products of headings 3901 to 3913 in volatile organic solvents, containing ＞ 50% solvent by weight (excluding those based on polyesters and acrylic or vinyl polymers and solutions of collodion)",29515129.0
202608,502,United States,320910,"Paints&varnishs based on acrylic/vinyl polymers, in aqueous medium",6030608.0
202608,502,United States,320990,"Paints and varnishes, incl. enamels and lacquers, based on synthetic or chemically modified natural polymers, dispersed or dissolved in an aqueous medium (excluding those based on acrylic or vinyl polymers)",2110023.0
202608,502,United States,321000,"Other paints and varnishes (including enamels, lacquers and distempers); prepared water pigments of a kind used for finishing leather.",2744365.0
202608,502,United States,321100,Prepared driers.,1783799.0
202608,502,United States,321210,Stamping foils,6294037.0
202608,502,United States,321290,"Pigments, incl. metallic powders and flakes, dispersed in non-aqueous media, in liquid or paste form, of a kind used in the manufacture of paints; colorants and other colouring matter, n.e.s. put up for retail sale",7214838.0
202608,502,United States,321310,Colours in sets,63076.0
202608,502,United States,321390,"Artist's, student's or signboard painter's colours, modifying tints, amusement colours and the like, in tablets, tubes, jars, bottles, pans or similar packages (excluding those in sets)",1116012.0
202608,502,United States,321410,"Glaziers' putty, grafting putty, resin cements, caulking compounds and other mastics; painters' fillings",23702574.0
202608,502,United States,321490,"Non-refractory surfacing preparations for facades, inside walls, floors, ceilings and the like",130577.0
202608,502,United States,321511,Black,666219.0
202608,502,United States,321519,"Printing ink, whether or not concentrated or solid (excluding black ink)",1120594.0
202608,502,United States,321590,"Ink, whether or not concentrated or solid (excluding printing ink)",2784968.0
202608,502,United States,330112,Oils of orange,20900853.0
202608,502,United States,330113,Oils of lemon,3040251.0
202608,502,United States,330119,Other essential oils of citrus fruit,8636597.0
202608,502,United States,330124,Oils of peppermint (Mentha piperita),4988323.0
202608,502,United States,330125,Oils of other mints,1114992.0
202608,502,United States,330129,"Essential oils,(excluding those of citrus fruit and mint)",4426546.0
202608,502,United States,330130,Resinoids,38184.0
202608,502,United States,330190,"Extracted oleoresins; concentrates of essential oils in fats, fixed oils, waxes and the like, obtained by enfleurage or maceration; terpenic by-products of the deterpenation of essential oils; aromatic aqueous distillates and aqueous solutions of essential oils",3812886.0
202608,502,United States,330210,Mixtures of a kind used in the food or drink industries,29884974.0
202608,502,United States,330290,"Mixtures of odoriferous substances and mixtures, incl. alcoholic solutions, based on one or more of these substances, of a kind used as raw materials in industry (excluding food or drink industries)",9503955.0
202608,502,United States,330300,Perfumes and toilet waters.,22866464.0
202608,502,United States,330410,Lip makeup preparations,8147650.0
202608,502,United States,330420,Eye makeup preparations,6044324.0
202608,502,United States,330430,Manicure or pedicure preparations,10265.0
202608,502,United States,330491,"Powders, whether or not compressed",5800183.0
202608,502,United States,330499,"Beauty or make-up preparations and preparations for the care of the skin (other than medicaments), incl. sunscreen or suntan preparations (excluding medicaments, lip and eye make-up preparations, manicure or pedicure preparations and make-up or skin care powders, incl. baby powders)",384624008.0
202608,502,United States,330510,Shampoos,14364821.0
202608,502,United States,330520,Preparations for permanent waving or straightening,128.0
202608,502,United States,330530,Hair lacquers,200040.0
202608,502,United States,330590,"Preparations for use on the hair (excluding shampoos, preparations for permanent waving or straightening and hair lacquers)",12201066.0
202608,502,United States,330610,Dentifrices,4047279.0
202608,502,United States,330620,Yarn used to clean between the teeth (dental floss),13569.0
202608,502,United States,330690,"Preparations for oral or dental hygiene, incl. denture fixative pastes and powders (excluding dentifrices and yarn used to clean between the teeth dental floss"")""",3181553.0
202608,502,United States,330710,"Preshave, shaving or aftershave preparations",183306.0
202608,502,United States,330720,Personal deodorants and antiperspirants,1334196.0
202608,502,United States,330730,Perfumed bath salts and other bath preparations,338435.0
202608,502,United States,330741,“Agarbatti” and other odoriferous preparations which operate by burning,41941.0
202608,502,United States,330749,"Preparations for perfuming or deodorising rooms, incl. odoriferous preparations used during religious rites (excluding agarbatti and other odoriferous preparations which operate by burning)",2284244.0
202608,502,United States,330790,"Depilatories and other perfumery, toilet or cosmetic preparations, n.e.s.",27577822.0
202608,502,United States,340111,"Soap and organic surface-active products and preparations, in the form of bars, cakes, moulded pieces or shapes, and paper, wadding, felt and nonwovens, impregnated, coated or covered with soap or detergent, for toilet use, incl. medicated products",839782.0
202608,502,United States,340119,"Soap and organic surface-active products and preparations, in the form of bars, cakes, moulded pieces or shapes, and paper, wadding, felt and nonwovens, impregnated, coated or covered with soap or detergent (excluding those for toilet use, incl. medicated products)",370101.0
202608,502,United States,340120,Soap in other forms,255798.0
202608,502,United States,340130,"Organic surfaceactive products and preparations for washing the skin, in the form of liquid or cream and put up for retail sale, whether or not containing soap",25313837.0
202608,502,United States,340231,Linear alkylbenzene sulphonic acids and their salts,10598.0
202608,502,United States,340239,"Other anionic organic surface active agents, whether or not put up for retail sale",15712894.0
202608,502,United States,340241,"Cationic surface-active agents, (excl. soap)",2645927.0
202608,502,United States,340242,"Non-ionic surface-active agents, (excl. soap)",23711145.0
202608,502,United States,340249,"Other organic surface-active agents,(excluding anionic, cationic or non-ionic agents and soap)",688956.0
202608,502,United States,340250,"Other organic surface active agents,washing preparations (including auxiliary washing preparations) and cleaning preparations, preparations put up for retail sale",10343941.0
202608,502,United States,340290,"Surface-active preparations, washing preparations, incl. auxiliary washing preparations and cleaning preparations (excluding those put up for retail sale, organic surface-active agents, soap and organic surface-active preparations in the form of bars, cakes, moulded pieces or shapes, and products and preparations for washing the skin in the form of liquid or cream)",32865832.0
202608,502,United States,340311,"Preparations for the treatment of textile materials, leather, furskins or other materials",6836441.0
202608,502,United States,340319,"Lubricant preparations, incl. cutting-oil preparations, bolt or nut release preparations, anti-rust or anti-corrosion preparations and mould-release preparations, based on lubricants and containing petroleum oil or bituminous mineral oil (excluding preparations containing, as basic constituents, ≥ 70% of petroleum oil or bituminous mineral oil by weight and preparations for treating textiles, leather, furskins and other materials)",38607761.0
202608,502,United States,340391,"Preparations for the treatment of textile materials, leather, furskins or other materials",5088662.0
202608,502,United States,340399,"Lubricant preparations, incl. cutting-oil preparations, bolt or nut release preparations, anti-rust or anti-corrosion preparations and mould-release preparations, based on lubricants but not containing petroleum oil or bituminous mineral oil (excluding preparations for the treatment of textiles, leather, furskins and other materials)",53850859.0
202608,502,United States,340420,Waxes of poly(oxyethylene) (polyethylene glycol),6348345.0
202608,502,United States,340490,Other artificial waxes and prepared waxes,43619488.0
202608,502,United States,340510,"Polishes, creams and similar preparations for footwear or leather",76844.0
202608,502,United States,340520,"Polishes, creams and similar preparations for the maintenance of wooden furniture, floors or other woodwork",230193.0
202608,502,United States,340530,"Polishes and similar preparations for coachwork, other than metal polishes",930020.0
202608,502,United States,340540,Scouring pastes and powders and other scouring preparations,94369.0
202608,502,United States,340590,"Glass or metal polishes, whether or not in the form of paper, wadding, felt, nonwovens, cellular plastics or cellular rubber, impregnated, coated or covered with such preparations",23660479.0
202608,502,United States,340600,"Candles, tapers and the like",1588953.0
202608,502,United States,340700,"Modelling pastes, including those put up for children's amusement; preparations known as “dental wax”or as “dental impression compounds”, put up in sets, in packings for retail sale or in plates, horseshoe shapes, sticks or similar forms; other preparations for use in dentistry, with a basis of plaster (of calcined gypsum or calcium sulphate).",5784906.0
202608,502,United States,350110,Casein,75457.0
202608,502,United States,350190,"Caseinates and other casein derivatives; casein glues (excluding those put up for retail sale as glue and weighing ≤ 1 kg, and organic or inorganic compounds of mercury whether or not chemically defined)",9650.0
202608,502,United States,350220,"Milk albumin, including concentrates of two or more whey proteins",126726271.0
202608,502,United States,350290,"Albumins, albuminates and other albumin derivatives (excluding egg albumin and milk albumin [incl. concentrates of two or more whey proteins containing by weight ＞ 80% whey proteins, calculated on the dry matter], and organic or inorganic compounds of mercury whether or not chemically defined)",876029.0
202608,502,United States,350300,"Gelatin (including gelatin in rectangular (including square) sheets, whether or not surfaceworked or coloured) and gelatin derivatives; isinglass; other glues of animal origin, excluding casein glues of heading 35.01.",19198.0
202608,502,United States,350400,"Peptones and their derivatives; other protein substances and their derivatives, not elsewhere specified or included; hide powder, whether or not chromed.",15897853.0
202608,502,United States,350510,Dextrins and other modified starches,26230097.0
202608,502,United States,350610,"Products suitable for use as glues or adhesives, put up for retail sale as glues or adhesives, not exceeding a net weight of 1 kg",41969755.0
202608,502,United States,350691,Adhesives based on polymers of headings 39.01 to 39.13 or on rubber,50393369.0
202608,502,United States,350699,"Glues, prepared, and other prepared adhesives, n.e.s.",12058666.0
202608,502,United States,350790,"Enzymes and prepared enzymes, n.e.s. (excluding rennet and concentrates thereof)",53497715.0
202608,502,United States,360100,Propellent powders,4732680.0
202608,502,United States,360350,Igniters,1963247.0
202608,502,United States,360410,Fireworks,2596500.0
202608,502,United States,360490,"Signalling flares, rain rockets, fog signals and other pyrotechnic articles (excluding fireworks and cartridge blanks)",979470.0
202608,502,United States,360690,Ferro-cerium and other pyrophoricalloys and other articles of combustible materials,49169.0
202608,502,United States,370110,"Photographic plates and film in the flat, sensitised, unexposed, for X-ray (excluding of paper, paperboard and textiles)",498844.0
202608,502,United States,370120,Instant print film,19911.0
202608,502,United States,370130,"Other plates and film, with any side exceeding 255 mm",2853176.0
202608,502,United States,370199,"Photographic plates and film in the flat for monochrome photography, sensitised, unexposed, of any material other than paper, paperboard or textiles (excluding X-ray film and photographic plates, film in the flat with any side ＞ 255 mm, and instant print film)",383645.0
202608,502,United States,370210,"Photographic film in rolls, unexposed, for X-ray",9350397.0
202608,502,United States,370231,"Photographic film in rolls, unexposed, for colour photography (polychrome)",13215.0
202608,502,United States,370232,"Other films with silver halide emulsion, width≤105mm",88743.0
202608,502,United States,370242,"Other films for non-colour photography (polychrome),width＞610 mm and length＞200m",69548575.0
202608,502,United States,370243,"Other films,width＞610 mm and length＞200m",23178.0
202608,502,United States,370244,"Other films,105mm＜width≤610mm",2344655.0
202608,502,United States,370252,"Other film, for colour photography (polychrome) , of a width not exceeding 16 mm",19324.0
202608,502,United States,370254,"Other film, for colour photography (polychrome) , of a width exceeding 16 mm but not exceeding 35 mm and of a length not exceeding 30 m, other than for slides",16877124.0
202608,502,United States,370255,"Other film, for colour photography (polychrome) , of a width exceeding 16 mm but not exceeding 35 mm and of a length exceeding 30 m",3082429.0
202608,502,United States,370256,"Other film, for colour photography (polychrome) , of a width exceeding 35 mm",116126.0
202608,502,United States,370296,Other film of a width not exceeding 35 mm and of a length not exceeding 30 m,13773.0
202608,502,United States,370500,"Photographic plates and film, exposed and developed, other than cinematographic film.",5208047.0
202608,502,United States,370610,"Cinematographic film, exposed and developed, whether or not incorporating soundtrack or consisting only of soundtrack, width ≥ 35 mm",407460.0
202608,502,United States,370710,Sensitising emulsions,58702.0
202608,502,United States,370790,"Preparation of chemicals, incl. unmixed products put up in measured portions or put up for retail sale in a form ready for use (excluding varnishes, glues, adhesives and similar preparations, sensitising emulsions and salts and precious-metal compounds etc. of heading 2843 to 2846)",75568091.0
202608,502,United States,380110,Artificial graphite,11197943.0
202608,502,United States,380120,Colloidal or semicolloidal graphite,20358.0
202608,502,United States,380190,"Preparations based on graphite or other carbon in the form of pastes, blocks, plates or other semi-manufactures (excluding carbonaceous pastes for electrodes and similar pastes for furnace linings)",9784036.0
202608,502,United States,380210,Activated carbon,6692738.0
202608,502,United States,380290,"Activated kieselguhr and other activated natural mineral products; animal black, whether or not spent (excluding activated carbon, calcinated diatomite without the addition of sintering agents and activated chemical products)",2469612.0
202608,502,United States,380300,"Tall oil, whether or not refined.",450228.0
202608,502,United States,380400,"Residual lyes from the manufacture of wood pulp, whether or not concentrated, desugared or chemically treated, including lignin sulphonates, but excluding tall oil of heading 38.03.",1145605.0
202608,502,United States,380590,"Crude dipentene; sulphite turpentine and other crude para-cymene; terpenic oils produced by the distillation or other treatment of coniferous woods (excluding gum turpentine, wood turpentine and sulphate turpentine)",1674.0
202608,502,United States,380610,Rosin and resin acids,564510.0
202608,502,United States,380620,"Salts of rosin, of resin acids or of derivatives of rosin or resin acids, other than salts of rosin adducts",189810.0
202608,502,United States,380630,Ester gums,344998.0
202608,502,United States,380690,"Derivatives of rosin, incl. salts of rosin adducts, and of resin acids, light and heavy resin oils and modified natural resins obtained by heat treatment run gums"" (excluding salts of rosin, of resin acids or salts of derivatives of rosin or resin acids, and ester gums)""",141483.0
202608,502,United States,380700,"Wood tar; wood tar oils; wood creosote; wood naphtha; vegetable pitch; brewers' pitch and similar preparations based on rosin, resin acids or on vegetable pitch.",1835.0
202608,502,United States,380891,Insecticides,3505.0
202608,502,United States,380892,Fungicides,8724055.0
202608,502,United States,380893,"Herbicides, antisprouting products and plantgrowth regulators",25870.0
202608,502,United States,380894,Disinfectants,17896117.0
202608,502,United States,380991,"Other finishing agents and like, of a kind used in the textile or like industries",2472987.0
202608,502,United States,380992,"Other finishing agents and like, of a kind used in the paper or like industries",8307076.0
202608,502,United States,380993,"Other finishing agents and like, of a kind used in the leather or like industries",472914.0
202608,502,United States,381010,"Pickling preparations for metal surfaces; soldering, brazing or welding powders and pastes consisting of metal and other materials",5768569.0
202608,502,United States,381090,"Fluxes and other auxiliary preparations for soldering, brazing or welding;preparations of a kind used as cores or coatings for welding electrodes or rods",1788757.0
202608,502,United States,381121,"Additives for lubricating oils,containing petroleum oils or oils obtained from bituminous minerals",93049210.0
202608,502,United States,381129,Other additives for lubricating oils,14900827.0
202608,502,United States,381190,"Oxidation inhibitors, gum inhibitors, viscosity improvers, anti-corrosive preparations and other prepared additives for mineral oils, incl. gasoline, or for other liquids used for the same purposes as mineral oils (excluding anti-knock preparations and oil lubricant additives)",2217378.0
202608,502,United States,381210,Prepared rubber accelerators,1058581.0
202608,502,United States,381220,Compound plasticisers for rubber or plastics,264609.0
202608,502,United States,381239,"Anti-oxidising preparations and other compound stabilisers for rubber or plastics (excl. mixtures of oligomers of 2,2,4-trimethyl-1,2-dihydroquinoline TMQ"")""",3215218.0
202608,502,United States,381300,Preparations and charges for fireextinguishers; charged fireextinguishing grenades,1114712.0
202608,502,United States,381400,"Organic composite solvents and thinners, not elsewhere specified or included; prepared paint or varnish removers.",1709204.0
202608,502,United States,381511,Supported catalysts with nickel or nickel compounds as the active substance,2141230.0
202608,502,United States,381512,Supported catalysts with precious metal or precious metal compounds as the active substance,27190600.0
202608,502,United States,381519,"Supported catalysts, n.e.s. (excluding with precious metal, a precious-metal compound, nickel or a nickel compound as the active substance)",68233206.0
202608,502,United States,381590,"Reaction initiators, reaction accelerators and catalytic preparations, n.e.s. (excluding rubber accelerators and supported catalysts)",24163608.0
202608,502,United States,381600,"Refractory cements, mortars, concretes and similar compositions, other than products of heading 38.01",967649.0
202608,502,United States,381700,"Mixed alkylbenzenes and mixed alkylnaphthalenes, other than those of heading 27.07 or 29.02.",1169111.0
202608,502,United States,381800,"Chemical elements doped for use in electronics, in the form of discs, wafers or similar forms; chemical compounds doped for use in electronics",72937709.0
202608,502,United States,381900,"Hydraulic brake fluids and other prepared liquids for hydraulictransmission, not containing or containing less than 70% byweight of petroleum oils or oils obtained from bituminousminerals.",5688429.0
202608,502,United States,382000,Antifreezing preparations and prepared deicing fluids.,591959.0
202608,502,United States,382100,"Prepared culture media for the development or maintenance of microorganisms (including viruses and the like) or of plant, human or animal cells.",59711027.0
202608,502,United States,382212,"Diagnostic or laboratory reagents on a backing, prepared diagnostic or laboratory reagents whether or not on a backing, for Zika and other diseases transmitted by mosquitoes of the genus Aedes",3756.0
202608,502,United States,382213,"Diagnostic or laboratory reagents on a backing, prepared diagnostic or laboratory reagents whether or not on a backing, for blood-grouping",890579.0
202608,502,United States,382219,"Other diagnostic or laboratory reagents attached to backing and dispensing reagents, whether or not attached to backing",710202355.0
202608,502,United States,382290,Certified reference sample,12004095.0
202608,502,United States,382311,Stearic acid,42140.0
202608,502,United States,382312,Oleic acid,20684.0
202608,502,United States,382313,Tall oil fatty acids,264049.0
202608,502,United States,382319,"Fatty acids, industrial, monocarboxylic; acid oils from refining (excluding stearic acid, oleic acid and tall oil fatty acids)",883633.0
202608,502,United States,382370,Industrial fatty alcohols,16017149.0
202608,502,United States,382410,Prepared binders for foundry moulds or cores,17984.0
202608,502,United States,382430,Nonagglomerated metal carbides mixed together or with metallic binders,22170446.0
202608,502,United States,382440,"Prepared additives for cements, mortars or concretes",3149901.0
202608,502,United States,382492,Polyglycol esters of methylphosphonic acid,1248.0
202608,502,United States,382499,"Chemical products and preparations of the chemical or allied industries, incl. those consisting of mixtures of natural products, n.e.s.",389279616.0
202608,502,United States,390110,Polyethylene having a specific gravity of less than 0.94,153179153.0
202608,502,United States,390120,Polyethylene having a specific gravity of 0.94 or more,129606084.0
202608,502,United States,390130,Ethylenevinyl acetate copolymers,14701472.0
202608,502,United States,390140,"Ethylenealphaolefin copolymers, having a specific gravity of less than 0.94",409666262.0
202608,502,United States,390190,"Polymers of ethylene, in primary forms (excluding polyethylene and ethylene-vinyl acetate copolymers)",86347990.0
202608,502,United States,390210,Polypropylene,15532271.0
202608,502,United States,390220,Polyisobutylene,3792241.0
202608,502,United States,390230,Propylene copolymers,23497845.0
202608,502,United States,390290,"Polymers of propylene or of other olefins, in primary forms (excluding polypropylene, polyisobutylene and propylene copolymers)",163778209.0
202608,502,United States,390311,"Expansible polystyrene, in primary forms",10018073.0
202608,502,United States,390319,"Polystyrene, in primary forms (excluding expansible)",2561997.0
202608,502,United States,390320,Styreneacrylonitrile (SAN) copolymers,3396.0
202608,502,United States,390330,Acrylonitrilebutadienestyrene (ABS) copolymers,1690035.0
202608,502,United States,390390,"Polymers of styrene, in primary forms (excluding polystyrene, styrene-acrylonitrile copolymers SAN"" and acrylonitrile-butadiene-styrene ""ABS"")""",32499553.0
202608,502,United States,390410,"Poly(vinyl chloride), not mixed with any other substances",1880842.0
202608,502,United States,390421,Nonplasticised,126256.0
202608,502,United States,390422,Plasticised,6021247.0
202608,502,United States,390440,Other vinyl chloride copolymers,124282.0
202608,502,United States,390461,Polytetrafluoroethylene,19331077.0
202608,502,United States,390469,"Fluoropolymers of vinyl chloride or of other halogenated olefins, in primary forms (excluding polytetrafluoroethylene)",37515639.0
202608,502,United States,390529,"Vinyl acetate copolymers, in primary forms (excluding in aqueous dispersion)",41679.0
202608,502,United States,390530,"Poly(vinyl alcohol), whether or not containing unhydrolysed acetate groups",76998.0
202608,502,United States,390591,Copolymers,21280919.0
202608,502,United States,390599,"Polymers of vinyl esters and other vinyl polymers, in primary forms (excluding those of vinyl chloride or other halogenated olefins, polyvinyl acetate"", vinyl acetate copolymers and poly""vinyl alcohol"", whether or not containing unhydrolised acetate groups)""",21741329.0
202608,502,United States,390610,"Polymethyl methacrylate"", in primary forms""",501082.0
202608,502,United States,390690,"Acrylic polymers, in primary forms (excluding polymethyl methacrylate"")""",54069573.0
202608,502,United States,390710,Polyacetals,30039978.0
202608,502,United States,390729,"Other polyethers, in primary forms",72601123.0
202608,502,United States,390730,Epoxide resins,10739427.0
202608,502,United States,390740,Polycarbonates,17841354.0
202608,502,United States,390750,Alkyd resins,45242.0
202608,502,United States,390761,"Polyethylene terephthalate"", in primary forms, having a viscosity number of 78 ml/g or higher""",670289.0
202608,502,United States,390769,"Polyethylene terephthalate"", in primary forms, having a viscosity number of ＜ 78 ml/g""",11603944.0
202608,502,United States,390770,Poly(lactic acid) in primary forms,18491519.0
202608,502,United States,390791,Unsaturated polyesters in primary forms,1903171.0
202608,502,United States,390799,"Saturated polyesters in primary forms (excluding polycarbonates, alkyd resins, polyethylene terephthalate"" and poly""lactic acid"")""",254894415.0
202608,502,United States,390810,"Polyamide6, 11, 12, 6,6, 6,9, 6,10 or 6,12 ,in primary forms",30714317.0
202608,502,United States,390890,"Polyamides, in primary forms (excluding polyamides-6, -11, -12, -6,6, -6,9, -6,10 and -6,12)",51728907.0
202608,502,United States,390910,"Urea resins and thiourea resins, in primary forms",1592.0
202608,502,United States,390920,Melamine resins,1766785.0
202608,502,United States,390931,"Poly(methylene phenyl isocyanate) (crude MDI, polymeric MDI) ,in primary forms",1123785.0
202608,502,United States,390939,"Amino-resins, in primary forms (excl. urea, thiourea and melamine resins and MDI)",96550.0
202608,502,United States,390940,"Phenolic resins,in primary forms",11267820.0
202608,502,United States,390950,"Polyurethanes,in primary forms",39879366.0
202608,502,United States,391000,Silicones in primary forms,63124796.0
202608,502,United States,391110,"Petroleum resins, coumarone, indene or coumaroneindene resins and polyterpenes",6446633.0
202608,502,United States,391190,"Polysulphides, polysulphones and other polymers and prepolymers produced by chemical synthesis, nes, in primary forms",59759063.0
202608,502,United States,391211,"Nonplasticised cellulose acetates,in primary forms",119324637.0
202608,502,United States,391212,"Plasticised cellulose acetates,in primary forms",805859.0
202608,502,United States,391231,"Carboxymethylcellulose and its salts,in primary forms",16444.0
202608,502,United States,391239,"Cellulose ethers, in primary forms (excluding carboxymethylcellulose and its salts)",19811293.0
202608,502,United States,391290,"Cellulose and chemical derivatives thereof, n.e.s., in primary forms (excluding cellulose acetates, cellulose nitrates and cellulose ethers)",65547585.0
202608,502,United States,391390,"Natural polymers and modified natural polymers, e.g. hardened proteins, chemical derivatives of natural rubber, n.e.s., in primary forms (excluding alginic acid and its salts and esters)",6176476.0
202608,502,United States,391400,"Ionexchangers based on polymers of headings 39.01 to 39.13, in primary forms",9349364.0
202608,502,United States,391610,Monofilament of polymers of ethylene,4096911.0
202608,502,United States,391620,Monofilament of polymers of vinyl chloride,21360.0
202608,502,United States,391690,Monofilament of other plastics,33010420.0
202608,502,United States,391721,"Rigid tubes, pipes and hoses, of polymers of ethylene",444042.0
202608,502,United States,391722,"Rigid tubes, pipes and hoses, of polymers of propylene",444981.0
202608,502,United States,391723,"Rigid tubes, pipes and hoses, of polymers of vinyl chloride",1011442.0
202608,502,United States,391729,"Rigid tubes, pipes and hoses, of other plastics",10073179.0
202608,502,United States,391731,"Flexible tubes, pipes and hoses, having a minimum burst pressure of 27.6 Mpa",21567139.0
202608,502,United States,391732,"Other plastic tubes, not reinforced or otherwise combined with other materials,without fittings",30758613.0
202608,502,United States,391733,"Other plastic tubes, not reinforced or otherwise combined with other materials,with fittings",4214836.0
202608,502,United States,391739,"Flexible tubes, pipes and hoses, of plastics, reinforced or otherwise combined with other materials (excluding those with a burst pressure of ≥ 27,6 MPa)",13641869.0
202608,502,United States,391740,"Fittings for tubes, of plastic",35704958.0
202608,502,United States,391810,"Wall or floor coverings, of polymers of vinyl chloride",1895094.0
202608,502,United States,391890,"Wall or floor coverings, of other plastics",4742456.0
202608,502,United States,391910,"Self-adhesive plates, sheets, film, foil, tape, strip and other flat shapes, of plastics, in rolls ≤ 20 cm wide",27476094.0
202608,502,United States,391990,"Self-adhesive plates, sheets, film, foil, tape, strip and other flat shapes, of plastics, whether or not in rolls ＞ 20 cm wide (excluding floor, wall and ceiling coverings of heading 3918)",120471221.0
202608,502,United States,392010,"Plates, sheets, film, foil and strip, of non-cellular polymers of ethylene, not reinforced, laminated, supported or similarly combined with other materials, without backing, unworked or merely surface-worked or merely cut into squares or rectangles (excluding self-adhesive products, and floor, wall and ceiling coverings of heading 3918)",22077651.0
202608,502,United States,392020,"Plates, sheets, film, foil and strip, of non-cellular polymers of ethylene, not reinforced, laminated, supported or similarly combined with other materials, without backing, unworked or merely surface-worked or merely cut into squares or rectangles (excluding self-adhesive products, and floor, wall and ceiling coverings of heading 3918)",20907487.0
202608,502,United States,392030,"Plates, sheets, foil, film and strip, of non-cellular polymers of styrene, not reinforced, laminated, supported or similarly combined with other materials, without backing, unworked or merely surface-worked or merely cut into squares or rectangles (excluding self-adhesive products, and floor, wall and ceiling coverings of heading 3918)",293501.0
202608,502,United States,392043,"Plates, sheets, film, foil and strip, of non-cellular polymers of vinyl chloride, containing by weight ≥ 6% of plasticisers, not reinforced, laminated, supported or similarly combined with other materials, without backing, unworked or merely surface-worked or merely cut into squares or rectangles (excluding self-adhesive products, and floor, wall and ceiling coverings of heading 3918)",4084497.0
202608,502,United States,392049,"Plates, sheets, film, foil and strip, of non-cellular polymers of vinyl chloride, containing by weight ＜ 6% of plasticisers, not reinforced, laminated, supported or similarly combined with other materials, without backing, unworked or merely surface-worked or merely cut into squares or rectangles (excluding self-adhesive products, and floor, wall and ceiling coverings of heading 3918)",13485851.0
202608,502,United States,392051,"Plates, sheets, film, foil and strip, of non-cellular polymethyl methacrylate"", not reinforced, laminated, supported or similarly combined with other materials, without backing, unworked or merely surface-worked or merely cut into squares or rectangles (excluding self-adhesive products, and floor, wall and ceiling coverings of heading 3918)""",11010150.0
202608,502,United States,392059,"Plates, sheets, film, foil and strip, of non-cellular acrylic polymers, not reinforced, laminated, supported or similarly combined with other materials, without backing, unworked or merely surface-worked or merely cut into squares or rectangles (excluding those of polymethyl methacrylate"", self-adhesive products, and floor, wall and ceiling coverings of heading 3918)""",3502254.0
202608,502,United States,392061,"Plates, sheets, film, foil and strip, of non-cellular polycarbonates, not reinforced, laminated, supported or similarly combined with other materials, without backing, unworked or merely surface-worked or merely cut into squares or rectangles (excluding those of polymethyl methacrylate"", self-adhesive products, and floor, wall and ceiling coverings of heading 3918)""",2071824.0
202608,502,United States,392062,"Plates, sheets, film, foil and strip, of non-cellular polyethylene terephthalate"", not reinforced, laminated, supported or similarly combined with other materials, without backing, unworked or merely surface-worked or merely cut into squares or rectangles (excluding those of poly""methyl methacrylate"", self-adhesive products, and floor, wall and ceiling coverings of heading 3918)""",53434464.0
202608,502,United States,392063,"Plates, sheets, film, foil and strip, of non-cellular unsaturated polyesters, not reinforced, laminated, supported or similarly combined with other materials, without backing, unworked or merely surface-worked or merely cut into squares or rectangles (excluding those of polymethyl methacrylate"", self-adhesive products, and floor, wall and ceiling coverings of heading 3918)""",54390.0
202608,502,United States,392069,"Plates, sheets, film, foil and strip, of non-cellular polyesters, not reinforced, laminated, supported or similarly combined with other materials, not worked or only surface-worked, or only cut to rectangular, incl. square, shapes (excluding polycarbonates, polythylene terephthalate and other unsaturated polyesters, self-adhesive products, and floor, wall and ceiling coverings in heading 3918)",11782973.0
202608,502,United States,392071,"Plates, sheets, film, foil and strip, of non-cellular regenerated cellulose, not reinforced, laminated, supported or similarly combined with other materials, without backing, unworked or merely surface-worked or merely cut into squares or rectangles (excluding self-adhesive products, and floor, wall and ceiling coverings of heading 3918)",526.0
202608,502,United States,392073,"Plates, sheets, film, foil and strip, of non-cellular cellulose acetates, not reinforced, laminated, supported or similarly combined with other materials, without backing, unworked or merely surface-worked or merely cut into squares or rectangles (excluding self-adhesive products, and floor, wall and ceiling coverings of heading 3918)",82712.0
202608,502,United States,392079,"Plates, sheets, film, foil and strip, of non-cellular cellulose derivatives, not reinforced, laminated, supported or similarly combined with other materials, without backing, unworked or merely surface-worked or merely cut into squares or rectangles (excluding products of cellulose acetates, self-adhesive products, floor, wall and ceiling coverings of heading 3918)",136.0
202608,502,United States,392091,"Plates, sheets, film, foil and strip, of non-cellular polyvinyl butyral"", not reinforced, laminated, supported or similarly combined with other materials, without backing, unworked or merely surface-worked or merely cut into squares or rectangles (excluding self-adhesive products, floor, wall and ceiling coverings of heading 3918)""",259726.0
202608,502,United States,392092,"Plates, sheets, film, foil and strip, of non-cellular polyamides, not reinforced, laminated, supported or similarly combined with other materials, without backing, unworked or merely surface-worked or merely cut into squares or rectangles (excluding self-adhesive products, floor, wall and ceiling coverings of heading 3918)",2340784.0
202608,502,United States,392093,"Plates, sheets, film, foil and strip, of non-cellular amino-resins, not reinforced, laminated, supported or similarly combined with other materials, without backing, unworked or merely surface-worked or merely cut into squares or rectangles (excluding self-adhesive products, floor, wall and ceiling coverings of heading 3918)",23913.0
202608,502,United States,392094,"Plates, sheets, film, foil and strip, of non-cellular phenolic resins, not reinforced, laminated, supported or similarly combined with other materials, without backing, unworked or merely surface-worked or merely cut into squares or rectangles (excluding self-adhesive products, floor, wall and ceiling coverings of heading 3918)",1019952.0
202608,502,United States,392099,"Plates, sheets, film, foil and strip, of non-cellular plastics, n.e.s., not reinforced, laminated, supported or similarly combined with other materials, without backing, unworked or merely surface-worked or merely cut into squares or rectangles (excluding self-adhesive products, floor, wall and ceiling coverings of heading 3918 and sterile surgical or dental adhesion barriers of subheading 3006.10.30)",91270535.0
202608,502,United States,392111,"Plates, sheets, film, foil and strip, of polymers of styrene",568320.0
202608,502,United States,392112,"Plates, sheets, film, foil and strip, of polymers of vinyl chloride",271067.0
202608,502,United States,392113,"Plates, sheets, film, foil and strip, of polyurethanes",9092039.0
202608,502,United States,392119,"Plates, sheets, film, foil and strip, of other plastics",27056915.0
202608,502,United States,392190,"Plates, sheets, film, foil and strip, (excluding of cellular plastic; self-adhesive products, floor, wall and ceiling coverings of heading 3918)",50854098.0
202608,502,United States,392210,"Baths, showerbaths, sinks and washbasins,of plastics",67846.0
202608,502,United States,392220,Lavatory seats and covers,129413.0
202608,502,United States,392290,"Bidets, lavatory pans, flushing cisterns and similar sanitary ware, of plastics (excluding baths, shower-baths, sinks, washbasins, lavatory seats and covers)",443726.0
202608,502,United States,392310,"Boxes, cases, crates and similar articles",12460405.0
202608,502,United States,392321,"Sacks and bags, incl. cones, of polymers of ethylene",5571187.0
202608,502,United States,392329,"Sacks and bags, incl. cones, of other plastics",2985643.0
202608,502,United States,392330,"Carboys, bottles, flasks and similar articles, of plastics",7599817.0
202608,502,United States,392340,"Spools, cops, bobbins and similar supports, of plastics",450826.0
202608,502,United States,392350,"Stoppers, lids, caps and other closures, of plastics",9845054.0
202608,502,United States,392390,"Articles for the conveyance or packaging of goods, of plastics (excluding boxes, cases, crates and similar articles; sacks and bags, incl. cones; carboys, bottles, flasks and similar articles; spools, spindles, bobbins and similar supports; stoppers, lids, caps and other closures)",5807022.0
202608,502,United States,392410,"Tableware and kitchenware, of plastics",1336638.0
202608,502,United States,392490,"Household articles and toilet articles, of plastics (excluding tableware, kitchenware, baths, shower-baths, washbasins, bidets, lavatory pans, seats and covers, flushing cisterns and similar sanitary ware)",340713.0
202608,502,United States,392510,"Reservoirs, tanks, vats and similar containers, of a capacity exceeding 300 l, of plastics",739.0
202608,502,United States,392520,"Doors, windows and their frames and thresholds for doors, of plastics",130897.0
202608,502,United States,392530,"Shutters, blinds (including Venetian blinds) and similar articles and parts thereof, of plastics",155527.0
202608,502,United States,392590,"Builderss ware of plastics, nes",62733.0
202608,502,United States,392610,"Office or school supplies, of plastics",39152.0
202608,502,United States,392620,"Articles of apparel and clothing accessories (including gloves, mittens and mitts), of plastics",437861.0
202608,502,United States,392630,"Fittings for furniture, coachwork or the like, of plastics",531662.0
202608,502,United States,392640,"Statuettes and other ornamental articles, of plastics",429548.0
202608,502,United States,392690,"Articles of plastics and articles of other materials of heading 3901 to 3914, n.e.s (excluding goods of 9619)",357348246.0
202608,502,United States,400110,"Natural rubber latex, whether or not prevulcanised",7233.0
202608,502,United States,400211,Latex,278564.0
202608,502,United States,400219,"Styrene-butadiene rubber SBR""; carboxylated styrene-butadiene rubber ""XSBR"", in primary forms or in plates, sheets or strip (excluding latex)""",14793305.0
202608,502,United States,400220,Butadiene rubber (BR),729590.0
202608,502,United States,400231,Isobuteneisoprene (butyl) rubber (IIR),740052.0
202608,502,United States,400239,"Halo-isobutene-isoprene rubber CIIR"" or ""BIIR"", in primary forms or in plates, sheets or strip""",742.0
202608,502,United States,400251,"Latex of acrylonitrile-butadiene rubber NBR""""",409.0
202608,502,United States,400259,"Acrylonitrile-butadiene rubber NBR"", in primary forms or in plates, sheets or strip (excluding latex)""",7785380.0
202608,502,United States,400260,Isoprene rubber (IR),709528.0
202608,502,United States,400270,Ethylenepropylenenonconjugated diene rubber (EPDM),11845081.0
202608,502,United States,400299,"Synthetic rubber and factice derived from oils, in primary forms or in plates, sheets or strip (excluding latex, styrene-butadiene rubber SBR"", carboxylated styrene-butadiene rubber ""XSBR"", butadiene rubber ""BR"", isobutylene isoprene rubber ""IIR"", halo-isobutene-isoprene rubber ""CIIR"" or ""BIIR"", chloroprene rubber ""CR"", acrylonitrile-butadiene rubber ""NBR"", isoprene rubber ""IR"" and non-conjugated ethylene-propylene diene rubber ""EPDM"")""",54983373.0
202608,502,United States,400510,"Compounded rubber with carbon black or silica, unvulcanized",2194522.0
202608,502,United States,400520,Solutions of unvulcanized compounded rubber; dispersions other than those of subheading 4005.10,874717.0
202608,502,United States,400591,"Compounded rubber, unvulcanised, in the form of plates, sheets or strip",3514105.0
202608,502,United States,400599,"Other compounded, unvulcanised rubber in primary forms",4539481.0
202608,502,United States,400690,"Rods, bars, tubes, profiles and other forms of unvulcanised rubber, incl. mixed rubber, and articles of unvulcanised rubber, incl. mixed rubber (excluding plates, sheets and strip which, apart from basic surface-working, have not been cut, or have merely been cut into square or rectangular shapes, and 'camel-back' strips)",1131942.0
202608,502,United States,400700,Vulcanised rubber thread and cord.,176772.0
202608,502,United States,400811,"Plates, sheets and strip, of cellular rubber",716322.0
202608,502,United States,400819,"Rods and profile shapes, of cellular rubber",192342.0
202608,502,United States,400821,"Plates, sheets and strip, of non-cellular rubber",3403723.0
202608,502,United States,400829,"Rods, tubes and profile shapes, of non-cellular rubber",270873.0
202608,502,United States,400911,"Tubes, pipes and hoses, of vulcanised rubber (excluding hard rubber), not reinforced or otherwise combined with other materials, without fittings",4486123.0
202608,502,United States,400912,"Tubes, pipes and hoses, of vulcanised rubber (excluding hard rubber), not reinforced or otherwise combined with other materials, with fittings",866216.0
202608,502,United States,400921,"Tubes, pipes and hoses, of vulcanised rubber (excluding hard rubber), reinforced or otherwise combined only with metal, without fittings",3217768.0
202608,502,United States,400922,"Tubes, pipes and hoses, of vulcanised rubber (excluding hard rubber), reinforced or otherwise combined only with metal, with fittings",2686451.0
202608,502,United States,400931,"Tubes, pipes and hoses, of vulcanised rubber (excluding hard rubber), reinforced or otherwise combined only with textile materials, without fittings",18934933.0
202608,502,United States,400932,"Tubes, pipes and hoses, of vulcanised rubber (excluding hard rubber), reinforced or otherwise combined only with textile materials, with fittings",2777545.0
202608,502,United States,400941,"Tubes, pipes and hoses, of vulcanised rubber (excluding hard rubber), reinforced or otherwise combined with materials other than metal or textile materials, without fittings",3943147.0
202608,502,United States,400942,"Tubes, pipes and hoses, of vulcanised rubber (excluding hard rubber), reinforced or otherwise combined with materials other than metal or textile materials, with fittings",1784436.0
202608,502,United States,401011,"Conveyor belts or belting, of vulcanised rubber, reinforced only with metal",841.0
202608,502,United States,401012,"Conveyor belts or belting, of vulcanised rubber, reinforced only with textile materials",472108.0
202608,502,United States,401019,"Conveyor belts or belting, of vulcanised rubber (excluding reinforced only with metal or only with textile materials)",150512.0
202608,502,United States,401031,"Endless transmission belts of trapezoidal crosssection (Vbelts), Vribbed, of an outside circumference exceeding 60 cm but not exceeding 180 cm",530537.0
202608,502,United States,401032,"Endless transmission belts of trapezoidal crosssection (Vbelts), other than Vribbed, of an outside circumference exceeding 60 cm but not exceeding 180 cm",37331.0
202608,502,United States,401033,"Endless transmission belts of trapezoidal crosssection (Vbelts), Vribbed, of an outside circumference exceeding 180 cm but not exceeding 240 cm",52801.0
202608,502,United States,401034,"Endless transmission belts of trapezoidal crosssection (Vbelts), other than Vribbed, of an outside circumference exceeding 180 cm but not exceeding 240 cm",162613.0
202608,502,United States,401035,"Endless synchronous belts, of an outside circumference exceeding 60 cm but not exceeding 150 cm",352757.0
202608,502,United States,401036,"Endless synchronous belts, of an outside circumference exceeding 150 cm but not exceeding 198 cm",178541.0
202608,502,United States,401039,"Other transmission belts or belting, of valcanized rubber",2888076.0
202608,502,United States,401110,"New pneumatic tyres, of rubber, of a kind used on motor cars (including station wagons and racing cars)",11429238.0
202608,502,United States,401120,"New pneumatic tyres, of rubber, of a kind used on buses or lorries",5476100.0
202608,502,United States,401130,"New pneumatic tyres, of rubber, of a kind used on aircraft",2760599.0
202608,502,United States,401180,"New pneumatic tyres, of rubber, of a kind used on construction, mining or industrial handling vehicles and machines",14399365.0
202608,502,United States,401213,"Retreaded pneumatic tyres, of rubber, of a kind used on aircraft",1098769.0
202608,502,United States,401290,"Solid or cushion tyres, interchangeable tyre treads and tyre flaps, of rubber",57789.0
202608,502,United States,401390,"Inner tubes, of rubber (excluding those of a kind used on motor cars, incl. station wagons and racing cars, buses, lorries and bicycles)",3924.0
202608,502,United States,401410,"Sheath contraceptives, of valcanized rubber",102.0
202608,502,United States,401490,"Hygienic or pharmaceutical articles, incl. teats, of vulcanised rubber (excluding hard rubber), with or without fittings of hard rubber, n.e.s. (excluding sheath contraceptives and articles of apparel and clothing accessories, incl. gloves, for all purposes)",457277.0
202608,502,United States,401519,"Gloves, mittens and mitts, of vulcanised rubber (excluding surgical gloves)",3599569.0
202608,502,United States,401590,"Articles of apparel and clothing accessories, for all purposes, of vulcanised rubber (excluding hard rubber and footwear and headgear and parts thereof, and gloves, mittens and mitts)",204632.0
202608,502,United States,401610,"Articles of cellular rubber, of valcanized rubber",1692385.0
202608,502,United States,401691,"Floor coverings and mats, of valcanized rubber",369538.0
202608,502,United States,401693,"Gaskets, washers and other seals,of valcanized rubber",119930924.0
202608,502,United States,401694,"Boat or dock fenders, whether or not inflatable, of valcanized rubber",5599.0
202608,502,United States,401695,"Other inflatable articles, of valcanized rubber",2653984.0
202608,502,United States,401699,"Articles of vulcanised rubber (excluding hard rubber), n.e.s",43347855.0
202608,502,United States,401700,"Hard rubber (for example, ebonite) in all forms, including waste and scrap; articles of hard rubber",274756.0
202608,502,United States,410120,"Whole hides and skins, unsplit, of a weight per skin not exceeding 8 kg when simply dried, 10 kg when drysalted, or 16 kg when fresh, wetsalted or otherwise preserved",1180928.0
202608,502,United States,410150,"Whole hides and skins, of a weight exceeding 16 kg",144133710.0
202608,502,United States,410210,"Raw skins of sheep or lambs, with wool on, fresh or salted, dried, limed, pickled or otherwise preserved (excluding those of Astrakhan, Caracul, Persian, Broadtail or similar lambs, or of Indian, Chinese, Mongolian or Tibetan lambs and tanned, parchment-dressed or further prepared)",100491.0
202608,502,United States,410330,"Raw hides and skins of swine, fresh, or salted, dried, limed, pickled or otherwise preserved, whether or not dehaired or split (excluding tanned, parchment-dressed or further prepared)",1049661.0
202608,502,United States,410411,"Full grains, unsplit and grain splits, in the wet state incl. wet-blue"", of hides and skins of bovine ""incl. buffalo"" or equine animals, tanned, without hair on (excluding further prepared)""",17126817.0
202608,502,United States,410419,"Hides and skins of bovine incl. buffalo"" or equine animals, in the wet state ""incl. wet-blue"", tanned, without hair on, whether or not split (excluding further prepared and full grains, unsplit and grain splits)""",325595.0
202608,502,United States,410711,"Full grains leather incl. parchment-dressed leather"", unsplit, of the whole hides and skins of bovine ""incl. buffalo"" or equine animals, further prepared after tanning or crusting, without hair on (excluding chamois leather, patent leather and patent laminated leather, and metallised leather)""",107071.0
202608,502,United States,410712,"Grain splits leather incl. parchment-dressed leather"", of the whole hides and skins of bovine ""incl. buffalo"" or equine animals, further prepared after tanning or crusting, without hair on (excluding chamois leather, patent leather and patent laminated leather, and metallised leather)""",368291.0
202608,502,United States,410719,"Leather incl. parchment-dressed leather"" of the whole hides and skins of bovine ""incl. buffalo"" or equine animals, further prepared after tanning or crusting, without hair on (excluding unsplit full grains leather, grain splits leather, chamois leather, patent leather and patent laminated leather, and metallised leather)""",5971.0
202608,502,United States,410791,"Full grains leather incl. parchment-dressed leather"", unsplit, of the portions, strips or sheets of hides and skins of bovine ""incl. buffalo"" or equine animals, further prepared after tanning or crusting, without hair on (excluding chamois leather, patent leather and patent laminated leather, and metallised leather)""",664.0
202608,502,United States,410792,"Grain splits leather incl. parchment-dressed leather"", of the portions, strips or sheets of hides and skins of bovine ""incl. buffalo"" or equine animals, further prepared after tanning or crusting, without hair on (excluding chamois leather, patent leather and patent laminated leather, and metallised leather)""",1461252.0
202608,502,United States,410799,"Leather incl. parchment-dressed leather"" of the portions, strips or sheets of hides and skins of bovine ""incl. buffalo"" or equine animals, further prepared after tanning or crusting, without hair on (excluding unsplit full grains leather, grain splits leather, chamois leather, patent leather and patent laminated leather, and metallised leather)""",755616.0
202608,502,United States,411200,"Leather further prepared after tanning or crusting, including parchmentdressed leather, of sheep or lamb, without wool on, whether or not split, other than leather of heading 41.14",3660.0
202608,502,United States,411310,"Leather further prepared after tanning or crusting incl. parchment-dressed leather"", of goats or kids, without wool or hair on, whether or not split (excluding chamois leather, patent leather and patent laminated leather, and metallised leather)""",1364.0
202608,502,United States,411410,Chamois (including combination chamois) leather,1471.0
202608,502,United States,411510,"Composition leather with a basis of leather or leather fibre, inslabs, sheets or strip, whether or not in rolls",223138.0
202608,502,United States,420100,"Saddlery and harness for any animal, incl. traces, leads, knee pads, muzzles, saddle cloths, saddlebags, dog coats and the like, of any material",21355.0
202608,502,United States,420211,"Trunks, suitcases, vanity cases, executive-cases, briefcases, school satchels and similar containers, with outer surface of leather, composition leather or patent leather",107640.0
202608,502,United States,420212,"Trunks, suitcases, vanity cases, executive-cases, briefcases, school satchels and similar containers, with outer surface of plastics or textile materials",1193012.0
202608,502,United States,420219,"Trunks, suitcases, vanity cases, executive-cases, briefcases, school satchels and similar containers (excluding with outer surface of leather, composition leather, patent leather",12513.0
202608,502,United States,420221,"Handbags, whether or not with shoulder straps, incl. those without handles, with outer surface of leather, composition leather or patent leather",2492063.0
202608,502,United States,420222,"Handbags, whether or not with shoulder straps, incl. those without handles, with outer surface of plastic sheeting or textile materials",5376664.0
202608,502,United States,420229,"Handbags, whether or not with shoulder strap, incl. those without handle, with outer surface of vulcanised fibre or paperboard, or wholly or mainly covered with such materials or with paper",532064.0
202608,502,United States,420231,"Wallets, purses, key-pouches, cigarette-cases, tobacco-pouches and similar articles carried in the pocket or handbag, with outer surface of leather, composition leather or patent leather",254958.0
202608,502,United States,420232,"Wallets, purses, key-pouches, cigarette-cases, tobacco-pouches and similar articles carried in the pocket or handbag, with outer surface of plastic sheeting or textile materials",395674.0
202608,502,United States,420239,"Wallets, purses, key-cases, cigarette-cases, tobacco-pouches and similar articles of a kind normally carried in the pocket or handbag, with outer surface of vulcanised fibre or paperboard, or wholly or mainly covered with such materials or with paper, incl. spectacle cases of moulded plastic material",2687.0
202608,502,United States,420291,"Travelling-bags, insulated food or beverage bags, toilet bags, rucksacks, shopping-bags, map-cases, tool bags, sports bags, jewellery boxes, cutlery cases, binocular cases, camera cases, musical instrument cases, gun cases, holsters and similar containers, with outer surface of leather, composition leather or patent leather (excluding trunks, briefcases, school satchels and similar containers, handbags and articles normally carried in the pocket or handbag)",419646.0
202608,502,United States,420292,"Travelling-bags, insulated food or beverage bags, toilet bags, rucksacks, shopping-bags, map-cases, tool bags, sports bags, jewellery boxes, cutlery cases, binocular cases, camera cases, musical instrument cases, gun cases, holsters and similar containers, with outer surface of plastic sheeting or textile materials (excluding trunks, briefcases, school satchels and similar containers, handbags and articles carried in the pocket or handbag)",1539644.0
202608,502,United States,420299,"Travelling-bags, shopping or tool bags, jewellery boxes, cutlery cases and similar, with outer surface of vulcanised fibre or paperboard; cases for binoculars, cameras, musical instruments, guns, holsters and similar containers with outer surface of materials (not leather, plastic sheeting or textile materials) (excluding trunks, briefcases, school satchels and similar; handbags; articles normally carried in pocket or handbag)",350757.0
202608,502,United States,420310,Articles of apparel,900925.0
202608,502,United States,420321,"Gloves of lather or of composition leather, specially designed for use in sports",47349.0
202608,502,United States,420329,"Gloves, mittens and mitts, of leather or composition leather (excluding special sports gloves)",1950.0
202608,502,United States,420330,"Belts and bandoliers,of lather or composition leather",239301.0
202608,502,United States,420340,"Other clothing accessories,of leather or of composition leather",18794.0
202608,502,United States,420500,Other articles of leather or of composition leather,2891616.0
202608,502,United States,430180,"Other furskins, whole, with or without head, tail or paws",826174.0
202608,502,United States,430219,"Other tanned or dressed furskins, whole, with or without heads, tails or paws, not assembled",10674.0
202608,502,United States,430220,"Heads, tails, paws and other pieces or cuttings, not assembled",211.0
202608,502,United States,430310,Articles of apparel and clothing accessories,98540.0
202608,502,United States,440122,"Wood in chips or particles (excluding those of a kind used principally for dying or tanning purposes, and coniferous wood)",2550.0
202608,502,United States,440290,"Other wood charcoal, whether or not agglomerated",8255.0
202608,502,United States,440323,"Wood of fir (Abies spp.) and spruce (Picea spp.), of which the smallestcross-sectional dimension is 15 cm or more",22903694.0
202608,502,United States,440324,"Wood in the rough, of fir (Abies spp.) and spruce (Picea spp.), of which the smallestcross-sectional dimension ＜15 cm",260.0
202608,502,United States,440325,"Other coniferous wood in the rough, of which the smallest cross-sectional dimension is 15 cm ormore",10736498.0
202608,502,United States,440326,"Other coniferous wood in the rough,of which the smallestcross-sectional dimension ＜15 cm",288019.0
202608,502,United States,440391,Wood in the rough of oak (Quercus spp.),82461233.0
202608,502,United States,440399,Other non-coniferous wood in the rough,140737225.0
202608,502,United States,440711,"Pine (Pinus spp.) sawn or chipped lengthwise, sliced or peeled, whether or not planed, sanded or end-jointed, of a thickness＞6 mm",4900518.0
202608,502,United States,440719,"Coniferous wood sawn or chipped lengthwise, sliced or peeled, whether or not planed, sanded or end-jointed, of a thickness of＞6mm (excl. pine Pinus spp."", fir ""Abies spp."" and spruce ""Picea spp."")""",3476758.0
202608,502,United States,440729,Other Tropical wood,936.0
202608,502,United States,440791,"Oak (Quercus spp.)Tropical wood specified in Subheading Note 2 to this chapter, sawn or chipped lengthwise, sliced or peeled, whether or not planed, sanded or end-jointed, of a thickness of ＞ 6 mm",140045943.0
202608,502,United States,440793,"Maple (Acer spp.)Tropical wood specified in Subheading Note 2 to this chapter, sawn or chipped lengthwise, sliced or peeled, whether or not planed, sanded or end-jointed, of a thickness of ＞ 6 mm",15696620.0
202608,502,United States,440794,"Cherry (Prunus spp.)Tropical wood specified in Subheading Note 2 to this chapter, sawn or chipped lengthwise, sliced or peeled, whether or not planed, sanded or end-jointed, of a thickness of ＞ 6 mm",36955032.0
202608,502,United States,440795,"Aash (Fraxinus spp.)Tropical wood specified in Subheading Note 2 to this chapter, sawn or chipped lengthwise, sliced or peeled, whether or not planed, sanded or end-jointed, of a thickness of ＞ 6 mm",18800825.0
202608,502,United States,440797,"Poplar and aspen (Populus spp.)Tropical wood specified in Subheading Note 2 to this chapter, sawn or chipped lengthwise, sliced or peeled, whether or not planed, sanded or end-jointed, of a thickness of ＞ 6 mm",75239.0
202608,502,United States,440799,"Wood, sawn or chipped lengthwise, sliced or peeled, whether or not planed, sanded or end-jointed, of a thickness of ＞ 6 mm",89759959.0
202608,502,United States,440810,"Sheets for veneering, incl. those obtained by slicing laminated wood, for coniferous plywood or for other similar laminated coniferous wood and other coniferous wood, sawn lengthwise, sliced or peeled, whether or not planed, sanded, spliced or end-jointed, of a thickness of ≤ 6 mm",160.0
202608,502,United States,440839,"Sheets for veneering, incl. those obtained by slicing laminated wood, for plywood or for other similar laminated wood and other wood, sawn lengthwise, sliced or peeled, whether or not planed, sanded, spliced or end-jointed, of a thickness of ≤ 6 mm, of tropical wood specified in Subheading Note 1 to this chapter (excluding dark red meranti, light red meranti and meranti bakau)",8.0
202608,502,United States,440890,"Sheets for veneering, incl. those obtained by slicing laminated wood, for plywood or for other similar laminated wood and other wood, sawn lengthwise, sliced or peeled, whether or not planed, sanded, spliced or end-jointed, of a thickness of ≤ 6 mm (excluding tropical wood specified in Subheading Note 2 to this chapter and coniferous wood)",1229109.0
202608,502,United States,440910,"Coniferous wood, incl. strips and friezes for parquet flooring, not assembled, continuously shaped tongued, grooved, rebated, chamfered, V-jointed beaded, moulded, rounded or the like"" along any of its edges, ends or faces, whether or not planed, sanded or end-jointed""",897.0
202608,502,United States,441114,Medium density fibreboard (MDF) of a thickness exceeding 9 mm,10909.0
202608,502,United States,441192,"Other ligneous materials,of a density exceeding 0.8 g/cm3",23754.0
202608,502,United States,441231,"Other plywood, consisting solely of sheets of wood (other than bamboo), each ply not exceeding 6 mm thickness With at least one outer ply of tropical wood",374.0
202608,502,United States,441233,"Other plywood consisting soley of sheets of wood, with at least one outer ply of nonconiferous wood of the species alder (Alnus spp.), ash (Fraxinus spp.), beech (Fagus spp.), birch (Betula spp.), cherry (Prunus spp.), chestnut (Castanea spp.), elm (Ulmus spp.), eucalyptus(Eucalyptus spp.), hickory (Carya spp.), horse chestnut (Aesculus spp.), lime (Tilia spp.), maple (Acer spp.), oak (Quercus spp.), plane tree (Platanus spp.), poplar and aspen (Populus spp.), robinia (Robinia spp.), tulipwood (Liriodendron spp.) or walnut (Juglans spp.)",3053.0
202608,502,United States,441292,"Other plywood, veneered panels and similar laminated wood, with at least one outer ply of other non-coniferous wood",2877.0
202608,502,United States,441300,"Densified wood, in blocks, plates, strips or profile shapes",4839.0
202608,502,United States,441490,"Frames for paintings, photographs, mirrors or similar objects, of non-tropical wood",272300.0
202608,502,United States,441510,"Wood cases, boxes, crates, drums and similar packings; cabledrums",304532.0
202608,502,United States,441520,"Wood pallets, box pallets and other load boards; pallet collars",50354.0
202608,502,United States,441600,"Wood casks, barrels, vats, tubs and other coopers' products and parts thereof, of wood, including staves",12895424.0
202608,502,United States,441700,"Tools, tool bodies, tool handles, broom or brush bodies and handles, of wood; boot or shoe lasts and trees, of wood",2696.0
202608,502,United States,441829,"Doors and their frames and thresholds, of non-tropical wood",5620.0
202608,502,United States,441875,"Flooring panels, multilayer, assembled, of wood other than bamboo (excl. for mosaic floors)",1001.0
202608,502,United States,441899,"Builders’ joinery and carpentry of wood, nes",2319.0
202608,502,United States,441912,Chopsticks of bamboo,996.0
202608,502,United States,441920,"Tableware and kitchenware, of tropical wood",2218.0
202608,502,United States,441990,"Tableware and kitchenware, of other wood",609440.0
202608,502,United States,442019,"Statuettes and other ornaments, of non-tropical wood",41576.0
202608,502,United States,442090,"Wood marquetry and inlaid wood; caskets and cases for jewellery or cutlery, and similar articles, of wood; wooden articles of furniture (excluding statuettes and other ornaments; furniture, lighting fixtures and parts thereof)",8905.0
202608,502,United States,442110,Clothes hangers of wood,934.0
202608,502,United States,442191,"Articles of bamboo, nes",6032.0
202608,502,United States,442199,"Articles of wood, nes",941515.0
202608,502,United States,450410,"Tiles of any shape, blocks, plates, sheets and strip, solid cylinders, incl. discs, of agglomerated cork",18621.0
202608,502,United States,450490,"Other agglomerated cork, with or without a binding substance, and articles of agglomerated cork",41965.0
202608,502,United States,460199,"Plaiting materials, plaits and similar products of non-vegetable plaiting materials, flat-woven or bound together in parallel (excluding wallcoverings of heading 4814; parts of footware or headgear)",31802.0
202608,502,United States,460219,"Basketwork, wickerwork and other articles, made directly to shape from vegetable plaiting materials or made up from goods of vegetable plaiting materials of heading 4601, and articles of loofah",20985.0
202608,502,United States,470200,"Chemical wood pulp, dissolving grades",135147452.0
202608,502,United States,470311,"Unbleached coniferous chemical wood pulp, soda or sulphate",1991978.0
202608,502,United States,470321,"Semi-bleached or bleached coniferous chemical wood pulp, soda or sulphate",173183541.0
202608,502,United States,470610,Cotton linters pulp,72037.0
202608,502,United States,480100,"Newsprint, in rolls or sheets",2769.0
202608,502,United States,480210,Handmade paper and paperboard,3257.0
202608,502,United States,480220,"Paper and paperboard of a kind used as a base for photosensitive, heatsensitive or electrosensitive paper or paperboard",6851.0
202608,502,United States,480255,"Other uncoated paper, weighing 40 g/m2 or more but not more than 150 g/m2, in rolls",787709.0
202608,502,United States,480256,"Uncoated paper and paperboard, of a kind used for writing, printing or other graphic purposes, and non-perforated punchcards and punch-tape paper, in rolls or in square or rectangular sheets, of any size, not containing fibres obtained by a mechanical or chemi-mechanical process or of which ≤ 10% by weight of the total fibre content consists of such fibres, weighing ＜ 40 g/m2, n.e.s.",39256.0
202608,502,United States,480257,"Uncoated paper and paperboard, of a kind used for writing, printing or other graphic purposes, and non-perforated punchcards and punch-tape paper, in rolls of any size, not containing fibres obtained by a mechanical or chemi-mechanical process or of which ≤ 10% by weight of the total fibre content consists of such fibres, and weighing 40 g to 150 g/m2, n.e.s.",7849.0
202608,502,United States,480258,"Uncoated paper and paperboard, of a kind used for writing, printing or other graphic purposes, and non-perforated punchcards and punch-tape paper, in rolls or in square or rectangular sheets, of any size, not containing fibres obtained by a mechanical or chemi-mechanical process or of which ≤ 10% by weight of the total fibre content consists of such fibres, weighing ＞ 150 g/m2, n.e.s.",602213.0
202608,502,United States,480262,"Uncoated paper in sheets, with one side not exceeding 435 mm and the other side not exceeding 297 mm in the unfolded state",4914.0
202608,502,United States,480300,"Toilet or facial tissue stock, towel or napkin stock and similar paper of a kind used for household or sanitary purposes, cellulose wadding and webs of cellulose fibres, whether or not creped, crinkled, embossed, perforated, surfacecoloured, surfacedecorated or printed, in rolls or sheets.",4812133.0
202608,502,United States,480411,"Unbleached kraftliner, uncoated",35674204.0
202608,502,United States,480421,"Unbleached sack kraft paper, uncoated",8525.0
202608,502,United States,480431,"Unbleached kraft paper and paperboard, uncoated,weighing ≤ 150 g/m2",2548078.0
202608,502,United States,480439,"Kraft paper and paperboard, uncoated,weighing ≤ 150 g/m2",143880.0
202608,502,United States,480449,"Kraft paper and paperboard, uncoated,weighing ＞ 150 g to ＜ 225 g/m2",465299.0
202608,502,United States,480451,"Unbleached kraft paper and paperboard, uncoated",15411.0
202608,502,United States,480452,Bleached uniformly throughout the mass and of which more than 95% by weight of the total fibre content consists of wood obtained by a chemical process,3318283.0
202608,502,United States,480519,Other fluting paper,8712225.0
202608,502,United States,480524,"Testliner (recycled liner board), weighing 150 g/m2 or less",436728.0
202608,502,United States,480525,"Testliner (recycled liner board), weighing more than 150 g/m2",3936494.0
202608,502,United States,480540,Filter paper and paperboard,3595043.0
202608,502,United States,480591,"Paper and paperboard, uncoated, weighing 150 g/m2 or less",9858503.0
202608,502,United States,480593,"Paper and paperboard, uncoated, weighing 225 g/m2 or more",785482.0
202608,502,United States,480610,Vegetable parchment,188.0
202608,502,United States,480620,Greaseproof papers,36514.0
202608,502,United States,480640,Glassine and other glazed transparent or translucent papers,1301659.0
202608,502,United States,480700,"Composite paper and paperboard (made by sticking flat layers of paper or paperboard together with an adhesive), not surfacecoated or impregnated, whether or not internally reinforced, in rolls or sheets",6814.0
202608,502,United States,480810,"Corrugated paper and paperboard, whether or not perforated",7267.0
202608,502,United States,480840,"Kraft paper, creped or crinkled, whether or not embossed or perforated",6480181.0
202608,502,United States,480890,"Paper and paperboard, creped, crinkled, embossed or perforated",240011.0
202608,502,United States,480920,"Selfcopy paper,in rolls or sheets",56708.0
202608,502,United States,480990,"Carbon paper and other copying or transfer papers,in rolls or sheets",1613.0
202608,502,United States,481013,"Paper and paperboard of a kind used for writing, printing or other graphic purposes, not containing fibres obtained by a mechanical or chemi-mechanical process or of which not more than 10% by weight of the total fibre content consists of such fibres, in rolls",3483657.0
202608,502,United States,481014,"Paper for writing, in sheets with one side not exceeding 435 mm and the other side not exceeding 297 mm in the unfolded state",274.0
202608,502,United States,481019,"Paper and paperboard of a kind used for writing, printing or other graphic purposes, not containing fibres obtained by a mechanical or chemi-mechanical process or of which not more than 10% by weight of the total fibre content consists of such fibres, Other",32298.0
202608,502,United States,481029,"Paper and paperboard of a kind used for writing, printing or other graphic purposes, of which more than 10% by weight of the total fibre content consists of fibres obtained by a mechanical or chemi-mechanical process,Other",285.0
202608,502,United States,481031,"Kraft paper and paperboard, bleached uniformly throughout the mass and containing ＞ 95% chemically processed wood fibres by weight in relation to the total fibre content, coated on one or both sides with kaolin or other inorganic substances, in rolls or in square or rectangular sheets, of any size, weighing ≤ 150 g/m2 (excluding that for writing, printing or other graphic purposes)",492980.0
202608,502,United States,481032,"Kraft paper and paperboard, bleached uniformly throughout the mass and containing ＞ 95% chemically processed wood fibres by weight in relation to the total fibre content, coated on one or both sides with kaolin or other inorganic substances, in rolls or in square or rectangular sheets, of any size, weighing ＞ 150 g/m2 (excluding that for writing, printing or other graphic purposes)",2074748.0
202608,502,United States,481039,"Kraft paper and paperboard, coated on one or both sides with kaolin or other inorganic substances, in rolls or in square or rectangular sheets, of any size (excluding that for writing, printing or other graphic purposes; paper and paperboard bleached uniformly in the mass and containing ＞ 95% chemically processed wood fibres by weight in relation to the total fibre content)",24133550.0
202608,502,United States,481092,"Multi-ply paper and paperboard, coated on one or both sides with kaolin or other inorganic substances, in rolls or in square or rectangular sheets, of any size (excluding that for writing, printing or other graphic purposes, kraft paper and paperboard)",3053.0
202608,502,United States,481099,"Paper and paperboard, coated on one or both sides with kaolin China clay"" or other inorganic substances, with or without a binder, and with no other coating, whether or not surface-coloured, surface-decorated or printed, in rolls or in square or rectangular sheets, of any size (excluding that for writing, printing or other graphic purposes, kraft paper and paperboard, multi-ply paper and paperboard, and with no other coating)""",287917.0
202608,502,United States,481141,"Self-adhesive paper and paperboard, surface-coloured, surface-decorated or printed, in rolls or in square or rectangular sheets, of any size",8914785.0
202608,502,United States,481149,"Gummed or adhesive paper and paperboard, surface-coloured, surface-decorated or printed, in rolls or in square or rectangular sheets, of any size",161659.0
202608,502,United States,481151,"Paper and paperboard, coated or impregnated or covered with plastics,bleached, weighing more than 150 g/m2",5752384.0
202608,502,United States,481159,"Paper and paperboard, surface-coloured, surface-decorated or printed, coated, impregnated or covered with artificial resins or plastics, in rolls or in square or rectangular sheets, of any size, bleached and weighing ＞ 150 g/m2",16000652.0
202608,502,United States,481160,"Paper and paperboard, coated, impregnated or covered with wax, paraffin wax, stearin, oil or glycerol",2729304.0
202608,502,United States,481190,"Other paper, paperboard, cellulose wadding and webs of cellulose fibres",15598034.0
202608,502,United States,481200,"Filter blocks, slabs and plates, of paper pulp.",507.0
202608,502,United States,481420,"Wallpaper and similar wall coverings, consisting of paper coated or covered, on the face side, with a grained, embossed, coloured,designprinted or otherwise decorated layer of plastics",2492110.0
202608,502,United States,481490,"Wallpaper and similar wallcoverings of paper, and window transparencies of paper,other",47506.0
202608,502,United States,481690,Copying or transfer papers;stencils and offset plates of paper,70705.0
202608,502,United States,481710,Envelopes,15421.0
202608,502,United States,481720,"Letter cards, plain postcards and correspondence cards",1743.0
202608,502,United States,481730,"Boxes, pouches, wallets and writing compendiums, of paper or paperboard, containing an assortment of paper stationery",275.0
202608,502,United States,481810,Toilet paper,279346.0
202608,502,United States,481820,"Handkerchiefs, cleansing or facial tissues and towels",69424.0
202608,502,United States,481830,Tablecloths and serviettes,70293.0
202608,502,United States,481890,"Paper, cellulose wadding or webs of cellulose fibres, of a kind used for household or sanitary purposes, in rolls of a width ≤ 36 cm, or cut to size or shape; articles of paper pulp, paper, cellulose wadding or webs of cellulose fibres for household, sanitary or hospital use, other",376155.0
202608,502,United States,481910,"Cartons, boxes and cases, of corrugated paper or paperboard",1430786.0
202608,502,United States,481920,"Folding cartons, boxes and cases, of noncorrugated paper or paperboard",1172068.0
202608,502,United States,481930,"Sacks and bags, having a base of a width of 40 cm or more",2539.0
202608,502,United States,481940,"Other sacks and bags, including cones",19486.0
202608,502,United States,481950,"Other packing containers, including record sleeves",4310.0
202608,502,United States,481960,"Box files, letter trays, storage boxes and similar articles, of a kind used in offices, shops or the like",622.0
202608,502,United States,482010,"Registers, account books, note books, order books, receipt books, letter pads, memorandum pads, diaries and similar articles",1229305.0
202608,502,United States,482020,Exercise books,2292.0
202608,502,United States,482030,"Paper binders (other than book covers), folders and file covers",50932.0
202608,502,United States,482040,Manifold business forms and interleaved carbon sets,26519.0
202608,502,United States,482050,Paper albums for samples or for collections,5612.0
202608,502,United States,482090,"Blotting pads and similar articles of stationery, of paper and paperboard, and book covers of paper or paperboard,ofher",21597.0
202608,502,United States,482110,"Paper or paperboard labels of all kinds, printed",7964065.0
202608,502,United States,482190,"Paper or paperboard labels of all kinds, non-printed",1255426.0
202608,502,United States,482210,"Bobbins, spools, cops and similar supports of paper pulp, paper or paperboard, whether or not perforated or hardened, for winding textile yarn",3327.0
202608,502,United States,482290,"Bobbins, spools, cops and similar supports of paper pulp, paper or paperboard, whether or not perforated or hardened (excluding those for winding textile yarn)",216268.0
202608,502,United States,482320,Filter paper and paperboard,1255133.0
202608,502,United States,482340,"Paper in rolls, sheets and dials, printed for selfrecording apparatus",229905.0
202608,502,United States,482369,"Trays, dishes, plates, cups and the like, of paper or paperboard (excluding of bamboo paper or bamboo paperboard)",30778.0
202608,502,United States,482370,Moulded or pressed articles of paper pulp,1039.0
202608,502,United States,482390,"Paper, paperboard, cellulose wadding and webs of cellulose fibres, in strips or rolls of a width ≤ 36 cm, in rectangular or square sheets, of which no side ＞ 36 cm in the unfolded state, or cut to shape other than rectangular or square, and ar",4273965.0
202608,502,United States,490110,"Printed books, brochures and similar printed matter, in single sheets, whether or not folded",25814.0
202608,502,United States,490199,"Printed books, brochures and similar printed matter",14936201.0
202608,502,United States,490210,Appearing at least four times a week,272454.0
202608,502,United States,490290,"Newspapers, journals and periodicals, whether or not illustrated or containing advertising material (excluding those appearing at least four times a week)",2113091.0
202608,502,United States,490300,"Children's picture, drawing or colouring books.",64776.0
202608,502,United States,490400,"Music, printed or in manuscript, whether or not bound or illustrated",278595.0
202608,502,United States,490520,"Maps and hydrographic or similar charts of all kinds,printed and in book form",7351.0
202608,502,United States,490600,"Plans and drawings for architectural, engineering, industrial, commercial, topographical or similar purposes, being originals drawn by hand; handwritten texts; photographic reproductions on sensitised paper and carbon copies of the foregoing",14813.0
202608,502,United States,490700,"Unused postage, revenue or similar stamps of current or new issue in the country in which they have, or will have, a recognised face value; stamp-impressed paper; banknotes; cheque forms; stock, share or bond certificates and similar documents of title",36727597.0
202608,502,United States,490810,"Transfers (decalcomanias), vitrifiable",1210.0
202608,502,United States,490890,"Transfers decalcomanias"" (excluding vitrifiable)""",3338464.0
202608,502,United States,490900,"Printed or illustrated postcards; printed cards bearing personal greetings, messages or announcements, whether or not illustrated, with or without envelopes or trimmings.",62119.0
202608,502,United States,491000,"Calendars of any kind, printed, including calendar blocks.",16240.0
202608,502,United States,491110,"Trade advertising material, commercial catalogues and the like",1075191.0
202608,502,United States,491191,"Pictures, designs and photographs",103561053.0
202608,502,United States,491199,"Printed matter, n.e.s.",11553266.0
202608,502,United States,500720,"Other fabrics, containing 85% or more by weight of silk or of silk waste other than noil silk",8208.0
202608,502,United States,510111,"Greasy shorn wool, incl. fleece-washed wool, neither carded nor combed",9423186.0
202608,502,United States,511111,Woven fabrics containing ≥ 85% carded wool or carded fine animal hair by weight and weighing ≤ 300 g/m2,1490.0
202608,502,United States,511119,Woven fabrics containing ≥ 85% carded wool or carded fine animal hair by weight and weighing ＞ 300 g/m2 (excluding fabrics for technical uses specificed in heading 5911),910.0
202608,502,United States,511190,"Woven fabrics containing predominantly, but ＜ 85% carded wool or carded fine animal hair by weight (excluding those mixed principally or solely with synthetic or artificial filaments or staple fibres)",3178.0
202608,502,United States,511211,Woven fabrics containing ≥ 85% combed wool or combed fine animal hair by weight and weighing ≤ 200 g/m2 (excluding fabrics for technical uses of heading 5911),8406.0
202608,502,United States,511219,Woven fabrics containing ≥ 85% combed wool or combed fine animal hair by weight and weighing ＞ 200 g/m2,13606.0
202608,502,United States,511220,"Other, mixed mainly or solely with manmade filaments",311.0
202608,502,United States,511230,"Other, mixed mainly or solely with manmade staple fibres",3355.0
202608,502,United States,520100,"Cotton, not carded or combed.",105712530.0
202608,502,United States,520411,"Sewing thread, containing 85% or more by weight of cotton",211.0
202608,502,United States,520531,"Multiple yarn of uncombed fibres, measuring per single yarn 714.29 decitex or more (not exceeding 14 metric number per single yarn)",1028.0
202608,502,United States,520541,"Multiple yarn of combed fibres, measuring per single yarn 714.29 decitex or more (not exceeding 14 metric number per single yarn)",228.0
202608,502,United States,520622,"Single yarn of combed fibres, measuring less than 714.29 decitex but not less than 232.56 decitex (exceeding 14 metric number but not exceeding 43 metric number)",554.0
202608,502,United States,520811,"Plain weave, weighing not more than 100 g/m2, unbleached",1184.0
202608,502,United States,520812,"Woven fabrics of cotton, plain weave, weighing more than 100 g/m2, unbleached",1358.0
202608,502,United States,520813,"Woven fabrics of cotton, containing ≥ 85% cotton by weight and weighing ≤ 200 g/m2, in three-thread or four-thread twill, incl. cross twill, unbleached, unbleached",57.0
202608,502,United States,520821,"Plain weave, weighing not more than 100 g/m2,bleached",2201.0
202608,502,United States,520831,"Woven fabrics of cotton, plain weave, weighing not more than 100 g/m2, dyed",1465.0
202608,502,United States,520832,"Woven fabrics of cotton, plain weave, weighing more than 100 g/m2, dyed",23723.0
202608,502,United States,520833,"3thread or 4thread twill, including cross twill, dyed",2062.0
202608,502,United States,520839,"Other fabrics of cotton, dyed",271.0
202608,502,United States,520841,"Plain woven fabrics of cotton, containing ≥ 85% cotton by weight and weighing ≤ 100 g/m2, made from yarn of different colours",190.0
202608,502,United States,520842,"Plain woven fabrics of cotton, containing ≥ 85% cotton by weight and weighing ＞ 100 g to 200 g/m2, made from yarn of different colours",2713.0
202608,502,United States,520852,"Plain woven fabrics of cotton, containing ≥ 85% cotton by weight and weighing ＞ 100 g to 200 g/m2, printed",8996.0
202608,502,United States,520911,"Plain woven fabrics of cotton, containing ≥ 85% cotton by weight and weighing ＞ 200 g/m2, unbleached",1228.0
202608,502,United States,520921,"Plain woven fabrics of cotton, containing ≥ 85% cotton by weight and weighing ＞ 200 g/m2, bleached",886.0
202608,502,United States,520931,"Plain woven fabrics of cotton, containing ≥ 85% cotton by weight and weighing ＞ 200 g/m2, dyed",10164.0
202608,502,United States,520932,"Woven fabrics of cotton, containing ≥ 85% cotton by weight and weighing ＞ 200 g/m2, in three-thread or four-thread twill, incl. cross twill, dyed",462940.0
202608,502,United States,520939,"Woven fabrics of cotton, containing ≥ 85% cotton by weight and weighing ＞ 200 g/m2, dyed (excluding those in three-thread or four-thread twill, incl. cross twill, and plain woven fabrics)",107.0
202608,502,United States,520942,"Denim, containing ≥ 85% cotton by weight and weighing ＞ 200 g/m2, made of yarn of different colours",1078.0
202608,502,United States,520951,"Plain woven fabrics of cotton, containing ≥ 85% cotton by weight and weighing ＞ 200 g/m2, printed",1111.0
202608,502,United States,520952,"Woven fabrics of cotton, containing ≥ 85% cotton by weight and weighing ＞ 200 g/m2, in three-thread or four-thread twill, incl. cross twill, printed",389.0
202608,502,United States,521031,"Plain woven fabrics of cotton, containing predominantly, but ＜ 85% cotton by weight, mixed principally or solely with man-made fibres and weighing ≤ 200 g/m2, dyed",481.0
202608,502,United States,521051,"Plain woven fabrics of cotton, containing predominantly, but ＜ 85% cotton by weight, mixed principally or solely with man-made fibres and weighing ≤ 200 g/m2, printed",10377.0
202608,502,United States,521119,"Woven fabrics of cotton, containing predominantly, but ＜ 85% cotton by weight, mixed principally or solely with man-made fibres and weighing ＞ 200 g/m2, unbleached (excluding those in three-thread or four-thread twill, incl. cross twill, and plain woven fabrics)",6020.0
202608,502,United States,521141,"Plain woven fabrics of cotton, containing predominantly, but ＜ 85% cotton by weight, mixed principally or solely with man-made fibres and weighing ＞ 200 g/m2, made of yarn of different colours",982.0
202608,502,United States,521151,"Plain woven fabrics of cotton, containing predominantly, but ＜ 85% cotton by weight, mixed principally or solely with man-made fibres and weighing ＞ 200 g/m2, printed",1069.0
202608,502,United States,521221,"Woven fabrics of cotton, containing predominantly, but ＜ 85% cotton by weight, other than those mixed principally or solely with man-made fibres, weighing ＞ 200 g/m2, unbleached",1507.0
202608,502,United States,521223,"Woven fabrics of cotton, containing predominantly, but ＜ 85% cotton by weight, other than those mixed principally or solely with man-made fibres, weighing ＞ 200 g/m2, dyed",1059.0
202608,502,United States,530620,"Multiple folded"" or cabled flax yarn""",1643.0
202608,502,United States,530911,"Woven fabrics of flax, containing ≥ 85% flax by weight, unbleached or bleached",21815.0
202608,502,United States,530921,"Woven fabrics of flax, containing predominantly, but ＜ 85% flax by weight, unbleached or bleached",248.0
202608,502,United States,530929,"Woven fabrics of flax, containing predominantly, but ＜ 85% flax by weight, dyed, made of yarn of different colours, or printed",151.0
202608,502,United States,531010,"Woven fabrics of jute or of other textile bast fibres of heading 5303, unbleached",168.0
202608,502,United States,531100,Woven fabrics of other vegetable textile fibres; woven fabrics of paper yarn.,22357.0
202608,502,United States,540110,"Sewing thread of synthetic filaments, whether or not put up for retail sale",248930.0
202608,502,United States,540211,High-tenacity filament yarn of aramids (excluding sewing thread and yarn put up for retail sale),8190818.0
202608,502,United States,540219,"High-tenacity filament yarn of nylon or other polyamides (excluding sewing thread, yarn put up for retail sale and high-tenacity filament yarn of aramids)",132316.0
202608,502,United States,540220,"High tenacity yarn of polyesters, whether or not textured",240827.0
202608,502,United States,540231,"Textured filament yarn of nylon or other polyamides, with a linear density of ≤ 50 tex per single yarn (excluding sewing thread and yarn put up for retail sale)",49543.0
202608,502,United States,540232,"Textured filament yarn of nylon or other polyamides, with a linear density of ＞ 50 tex per single yarn (excluding sewing thread and yarn put up for retail sale)",1557714.0
202608,502,United States,540233,Textured filament yarn of polyester (excluding that put up for retail sale),146787.0
202608,502,United States,540234,Textured synthetic filament yarn of polypropylene (excluding sewing thread and yarn put up for retail sale),2778.0
202608,502,United States,540244,"Synthetic filament elastomeric yarn, single, untwisted or with a twist of ≤ 50 turns per metre",3260.0
202608,502,United States,540245,"Filament yarn of nylon or other polyamides, incl. monofilament of ＜ 67 decitex, single, untwisted or with a twist of ≤ 50 turns per metre (excluding sewing thread, yarn put up for retail sale, elastomeric yarn, high-tenacity yarn and textured yarn)",3546201.0
202608,502,United States,540246,"Other, of polyesters, partially oriented",382895.0
202608,502,United States,540248,"Other, of polypropylene",750747.0
202608,502,United States,540249,"Other,Filament yarn of polypropylene, incl. monofilament of ＜ 67 decitex, single, untwisted or with a twist of ≤ 50 turns per metre",440707.0
202608,502,United States,540259,"Synthetic filament yarn, incl. synthetic monofilament of ＜ 67 decitex, single, with a twist of ＞ 50 turns per metre",20787394.0
202608,502,United States,540261,"Multiple folded"" or cabled filament yarn of nylon or other polyamides, incl. monofilament of ＜ 67 decitex""",1372.0
202608,502,United States,540262,"Multiple folded"" or cabled filament yarn of polyester, incl. monofilament of ＜ 67 decitex""",20923.0
202608,502,United States,540269,"Multiple folded"" or cabled synthetic filament yarn, incl. synthetic monofilament of ＜ 67 decitex""",200697.0
202608,502,United States,540331,"Yarn of viscose rayon filament, incl. monofilament of ＜ 67 decitex, single, untwisted or with a twist of ≤ 120 turns per metre",123.0
202608,502,United States,540333,"Filament yarn of cellulose acetate, incl. monofilament of ＜ 67 decitex, single",21699042.0
202608,502,United States,540342,"Multiple folded"" or cabled filament yarn of cellulose acetate, incl. monofilament of ＜ 67 decitex""",1525522.0
202608,502,United States,540412,Polypropylene monofilament of ≥ 67 decitex and with a cross sectional dimension of ≤ 1 mm (excluding elastomers),110270.0
202608,502,United States,540419,Synthetic monofilament of ≥ 67 decitex and with a cross sectional dimension of ≤ 1 mm (excluding of elastomers and polypropylene),4101893.0
202608,502,United States,540490,"Strip and the like, e.g. artificial straw, of synthetic textile material, with an apparent width of ≤ 5 mm",1865149.0
202608,502,United States,540600,"Manmade filament yarn (other than sewing thread), put up for retail sale.",38155.0
202608,502,United States,540710,Woven fabrics obtained from high tenacity yarn of nylon or other polyamides or of polyesters,146671.0
202608,502,United States,540720,Woven fabrics obtained from strip or the like,15781.0
202608,502,United States,540730,Fabrics specified in Note 9 to Section XI,225944.0
202608,502,United States,540741,"Woven fabrics of yarn containing ≥ 85% by weight of filaments of nylon or other polyamides, incl. monofilament of ≥ 67 decitex and a maximum diameter of ≤ 1 mm, unbleached or bleached",50854.0
202608,502,United States,540742,"Woven fabrics of filament yarn containing ≥ 85% nylon or other polyamides by weight, incl. monofilament of ≥ 67 decitex and a maximum diameter of ≤ 1 mm, dyed",28717.0
202608,502,United States,540743,"Woven fabrics of yarn containing ≥ 85% by weight of filaments of nylon or other polyamides by weight, incl. monofilament of ≥ 67 decitex and a maximum diameter of ≤ 1 mm, made of yarn of different colours",49528.0
202608,502,United States,540744,"Woven fabrics of yarn containing ≥ 85% by weight of filaments of nylon or other polyamides by weight, incl. monofilament of ≥ 67 decitex and a maximum diameter of ≤ 1 mm, printed",2713821.0
202608,502,United States,540751,"Woven fabrics of yarn containing ≥ 85% by weight of textured polyester filaments, incl. monofilament of ≥ 67 decitex and a maximum diameter of ≤ 1 mm, unbleached or bleached",737.0
202608,502,United States,540752,"Woven fabrics of yarn containing ≥ 85% by weight of textured polyester filaments, incl. monofilament of ≥ 67 decitex and a maximum diameter of ≤ 1 mm, dyed",190300.0
202608,502,United States,540753,"Woven fabrics of yarn containing ≥ 85% by weight of textured polyester filaments, incl. monofilament of ≥ 67 decitex and a maximum diameter of ≤ 1 mm, made of yarn of different colours",181491.0
202608,502,United States,540754,"Woven fabrics of yarn containing ≥ 85% by weight of textured polyester filaments, incl. monofilament of ≥ 67 decitex and a maximum diameter of ≤ 1 mm, printed",11371.0
202608,502,United States,540761,"Woven fabrics, containing 85% or more by weight of nontextured polyester filaments",371802.0
202608,502,United States,540769,"Woven fabrics of yarn containing ≥ 85% by weight of mixtures of textured and non-textured polyester filaments, incl. monofilament of ≥ 67 decitex and a maximum diameter of ≤ 1 mm",849654.0
202608,502,United States,540772,"Woven fabrics of yarn containing ≥ 85% synthetic filament by weight, incl. monofilament of ≥ 67 decitex and a maximum diameter of ≤ 1 mm, dyed",99636.0
202608,502,United States,540773,"Woven fabrics of yarn containing ≥ 85% synthetic filament by weight, incl. monofilament of ≥ 67 decitex and a maximum diameter of ≤ 1 mm, made of yarn of different colours",66207.0
202608,502,United States,540781,"Woven fabrics of yarn containing predominantly, but ＜ 85% synthetic filament by weight, incl. monofilament of ≥ 67 decitex and a maximum diameter of ≤ 1 mm, mixed principally or solely with cotton, unbleached or bleached",278.0
202608,502,United States,540782,"Woven fabrics of yarn containing predominantly, but ＜ 85% synthetic filament by weight, incl. monofilament of ≥ 67 decitex and a maximum diameter of ≤ 1 mm, mixed principally or solely with cotton, dyed",5659.0
202608,502,United States,540792,"Woven fabrics of yarn containing predominantly, but ＜ 85% synthetic filament by weight, incl. monofilament of ≥ 67 decitex and a maximum diameter of ≤ 1 mm, dyed, other than those mixed principally or solely with cotton",276.0
202608,502,United States,540793,"Woven fabrics of yarn containing predominantly, but ＜ 85% synthetic filament by weight, incl. monofilament of ≥ 67 decitex and a maximum diameter of ≤ 1 mm, made of yarn of different colours, other than those mixed principally or solely with cotton",43704.0
202608,502,United States,540810,"Woven fabrics of high-tenacity viscose yarn, incl. monofilament of ≥ 67 decitex and a maximum diameter of ≤ 1 mm",84.0
202608,502,United States,540822,"Woven fabrics of yarn containing ≥ 85% artificial filament by weight, incl. monofilament of ≥ 67 decitex and a maximum diameter of ≤ 1 mm, dyed",11622.0
202608,502,United States,540832,"Woven fabrics of yarn containing predominantly, but ＜ 85% artificial filament by weight, incl. monofilament of ≥ 67 decitex and a maximum diameter of ≤ 1 mm, dyed",370.0
202608,502,United States,550130,Acrylic or modacrylic,107493.0
202608,502,United States,550190,"Synthetic filament tow, other",159881.0
202608,502,United States,550311,"Staple fibres of aramids, not carded, combed or otherwise processed for spinning",135305.0
202608,502,United States,550319,"Staple fibres of nylon or other polyamides, not carded, combed or otherwise processed for spinning (excluding those of aramids)",2215334.0
202608,502,United States,550320,"Staple fibres of polyesters, not carded, combed or otherwise processed for spinning",832188.0
202608,502,United States,550330,"Acrylic or modacrylic staple fibres, not carded, combed or otherwise processed for spinning",487162.0
202608,502,United States,550340,"Staple fibres of polypropylene, not carded, combed or otherwise processed for spinning",885.0
202608,502,United States,550390,"Synthetic staple fibres, not carded, combed or otherwise processed for spinning (excluding those of polypropylene, acrylic, modacrylic, polyesters, nylon or other polyamides)",1143167.0
202608,502,United States,550490,"Artificial staple fibres, not carded, combed or otherwise processed for spinning (excluding those of viscose rayon)",11518230.0
202608,502,United States,550610,"Staple fibres of nylon or other polyamides, carded, combed or otherwise processed for spinning",55112.0
202608,502,United States,550620,"Staple fibres of polyesters, carded, combed or otherwise processed for spinning",733.0
202608,502,United States,550690,"Synthetic staple fibres carded, combed or otherwise processed for spinning (excluding acrylic, modacrylic, polyester, nylon or other polyamides)",6602.0
202608,502,United States,550810,"Sewing thread of synthetic staple fibres, whether or not put up for retail sale",15304.0
202608,502,United States,550820,"Sewing thread of artificial staple fibres, whether or not put up for retail sale",6125.0
202608,502,United States,550921,Single yarn containing ≥ 85% polyester staple fibres by weight (excluding sewing thread and yarn put up for retail sale),1510.0
202608,502,United States,550932,"Multiple folded"" or cabled yarn containing ≥ 85% acrylic or modacrylic staple fibres by weight (excluding sewing thread and yarn put up for retail sale)""",226654.0
202608,502,United States,551011,"Single yarn, containing ≥ 85% artificial staple fibres by weight (excluding sewing thread and yarn put up for retail sale)",1653.0
202608,502,United States,551211,"Woven fabrics containing ≥ 85% polyester staple fibres by weight, unbleached or bleached",4421.0
202608,502,United States,551219,"Woven fabrics containing ≥ 85% polyester staple fibres by weight, dyed, made of yarn of different colours, or printed",6778244.0
202608,502,United States,551221,"Woven fabrics containing ≥ 85% acrylic or modacrylic staple fibres by weight, unbleached or bleached",8576.0
202608,502,United States,551229,"Woven fabrics containing ≥ 85% acrylic or modacrylic staple fibres by weight, dyed, made of yarn of different colours or printed",3379482.0
202608,502,United States,551299,"Woven fabrics containing ≥ 85% synthetic staple fibres by weight, dyed, made of yarn of different colours or printed (excluding those of acrylic, modacrylic or polyester staple fibres)",2059359.0
202608,502,United States,551323,"Woven fabrics containing predominantly, but ＜ 85% polyester staple fibres by weight, mixed principally or solely with cotton and weighing ≤ 170 g/m2, dyed (excluding plain woven fabrics)",2134.0
202608,502,United States,551421,"Plain woven fabrics containing predominantly, but ＜ 85% polyester staple fibres by weight, mixed principally or solely with cotton and weighing ＞ 170 g/m2, dyed",3137.0
202608,502,United States,551422,"Woven fabrics containing predominantly, but ＜ 85% polyester staple fibres by weight, mixed principally or solely with cotton and weighing ＞ 170 g/m2, in 3thread or 4thread twill, incl. cross twill, dyed",13904.0
202608,502,United States,551423,"Woven fabrics containing predominantly, but ＜ 85% polyester staple fibres by weight, mixed principally or solely with cotton and weighing ＞ 170 g/m2, dyed (excluding those in three-thread or four-thread twill, incl. cross twill, and plain woven fabrics)",6122.0
202608,502,United States,551430,"Woven fabrics containing predominantly, but ＜ 85% synthetic staple fibres by weight, mixed principally or solely with cotton and weighing ＞ 170 g/m2, made of yarn of different colours",12106.0
202608,502,United States,551441,"Plain woven fabrics containing predominantly, but ＜ 85% polyester staple fibres by weight, mixed principally or solely with cotton and weighing ＞ 170g/m2, printed",859.0
202608,502,United States,551511,"Woven fabrics containing predominantly, but ＜ 85% polyester staple fibres by weight, mixed principally or solely with viscose staple fibres",3501.0
202608,502,United States,551512,"Woven fabrics containing predominantly, but ＜ 85% polyester staple fibres by weight, mixed principally or solely with man-made filament",705.0
202608,502,United States,551513,"Woven fabrics containing predominantly, but ＜ 85% polyester staple fibres by weight, mixed principally or solely with cotton or fine animal hair",12720.0
202608,502,United States,551519,"Woven fabrics containing predominantly, but ＜ 85% polyester staple fibres by weight, other than those mixed principally or solely with wool or fine animal hair, man-made filament, viscose staple fibres or cotton",8454.0
202608,502,United States,551521,"Woven fabrics containing predominantly, but ＜ 85% acrylic or modacrylic staple fibres by weight, mixed principally or solely with man-made filament",5593.0
202608,502,United States,551599,"Woven fabrics containing predominantly, but ＜ 85% synthetic staple fibres, other than those mixed principally or solely with man-made filament or cotton (excluding those of acrylic, modacrylic or polyester staple fibres)",1713.0
202608,502,United States,551612,"Woven fabrics containing ≥ 85% artificial staple fibres by weight,Dyed",9478.0
202608,502,United States,551623,"Woven fabrics containing predominantly, but ＜ 85% artificial staple fibres, mixed principally or solely with man-made filament, made of yarn of different colours",3269.0
202608,502,United States,551624,"Woven fabrics containing predominantly, but ＜ 85% artificial staple fibres by weight, mixed principally or solely with man-made filament, printed",364.0
202608,502,United States,560121,Wadding of cotton and articles thereof,40003.0
202608,502,United States,560122,Wadding of man-made fibres and articles thereof,1276581.0
202608,502,United States,560130,Textile flock and dust and mill neps,1721144.0
202608,502,United States,560210,Needleloom felt and stitchbonded fibre fabrics,408815.0
202608,502,United States,560221,"Felt, not impregnated, coated, covered or laminated, of wool or fine animal hair",107180.0
202608,502,United States,560229,"Felt, not impregnated, coated, covered or laminated",25681.0
202608,502,United States,560290,"Felt, impregnated, coated, covered or laminated",13539.0
202608,502,United States,560311,"Nonwovens, whether or not impregnated, coated, covered or laminated, n.e.s., of synthetic or man-made filaments, weighing ≤ 25 g/m2",764721.0
202608,502,United States,560312,"Nonwovens, whether or not impregnated, coated, covered or laminated, n.e.s., of man-made filaments, weighing ＞ 25 g/m2 but ≤ 70 g/m2",8298980.0
202608,502,United States,560313,"Nonwovens, whether or not impregnated, coated, covered or laminated, n.e.s., of man-made filaments, weighing ＞ 70 g/m2 but ≤ 150 g/m2",16094802.0
202608,502,United States,560314,"Nonwovens, whether or not impregnated, coated, covered or laminated, n.e.s., of man-made filaments, weighing ＞ 150 g",1656736.0
202608,502,United States,560391,"Nonwovens, whether or not impregnated, coated, covered or laminated, n.e.s., weighing ≤ 25 g/m2 (excluding of man-made filaments)",107024.0
202608,502,United States,560392,"Nonwovens, whether or not impregnated, coated, covered or laminated, n.e.s., weighing ＞ 25 g/m2 but ≤ 70 g/m2 (excluding of man-made filaments)",4381297.0
202608,502,United States,560393,"Nonwovens, whether or not impregnated, coated, covered or laminated, n.e.s., weighing ＞ 70 g/m2 but ≤ 150 g/m2 (excluding of man-made filaments)",4744774.0
202608,502,United States,560394,"Nonwovens, whether or not impregnated, coated, covered or laminated, n.e.s., weighing ＞ than 150 g/m2 (excluding of man-made filaments)",13777966.0
202608,502,United States,560410,Textile-covered rubber thread and cord,60587.0
202608,502,United States,560490,"High tenacity yarn of polyesters, nylon, other polyamides or viscose, impregnated or coated with rubber or plastics",939336.0
202608,502,United States,560500,"Metallised yarn, whether or not gimped, being textile yarn, or strip or the like of heading 5404 or 5405, of textile fibres, combined with metal in the form of thread, strip or powder or covered with metal",14212.0
202608,502,United States,560741,"Binder or baler twine, of polyethylene or polypropylene",24760.0
202608,502,United States,560749,"Twine, cordage, ropes and cables of polyethylene or polypropylene, whether or not plaited or braided and whether or not impregnated, coated, covered or sheathed with rubber or plastics (excluding binder or baler twine)",210357.0
202608,502,United States,560750,"Twine, cordage, ropes and cables, of synthetic fibres, whether or not plaited or braided and whether or not impregnated, coated, covered or sheathed with rubber or plastics (excluding polyethylene and polypropylene)",5517667.0
202608,502,United States,560790,"Twine, cordage, ropes and cables, whether or not plaited or braided and whether or not impregnated, coated, covered or sheathed with rubber or plastics (excluding that of synthetic fibres and of sisal or other textile fibres of the genus Agave)",8521.0
202608,502,United States,560819,"Knotted netting of twine, cordage, ropes or cables, by the piece or metre; made-up nets, of man-made textile materials (excluding made-up fishing nets, hairnets, nets for sporting purposes, incl. landing nets, butterfly nets and the like)",346214.0
202608,502,United States,560900,"Articles of yarn, strip or the like of heading 54.04 or 54.05, twine, cordage, rope or cables, not elsewhere specified or included.",770016.0
202608,502,United States,570190,"Carpets and other textile floor coverings, of textile materials, knotted, whether or not made up (excluding those of wool or fine animal hair)",87253.0
202608,502,United States,570231,"Carpets and other floor coverings, of wool or fine animal hair, woven, not tufted or flocked, of pile construction, not made up (excluding Kelem, Schumacks, Karamanie and similar hand-woven rugs)",326027.0
202608,502,United States,570232,"Carpets and other floor coverings, of man-made textile materials, woven, not tufted or flocked, of pile construction, not made up (excluding Kelem, Schumacks, Karamanie and similar hand-woven rugs)",160706.0
202608,502,United States,570241,"Carpets and other floor coverings, of wool or fine animal hair, woven, not tufted or flocked, of pile construction, made up (excluding Kelem, Schumacks, Karamanie and similar hand-woven rugs)",135599.0
202608,502,United States,570242,"Carpets and other floor coverings, of man-made textile materials, woven, not tufted or flocked, of pile construction, made up (excluding Kelem, Schumacks, Karamanie and similar hand-woven rugs)",702557.0
202608,502,United States,570292,"Carpets and other floor coverings, of man-made textile materials, woven, not tufted or flocked, not of pile construction, made up (excluding Kelem, Schumacks, Karamanie and similar hand-woven rugs)",22872.0
202608,502,United States,570310,"Carpets and other floor coverings, of wool or fine animal hair, tufted needle punched"", whether or not made up""",93247.0
202608,502,United States,570329,"Carpets and other floor coverings,tufted, of nylon or other polyamides",970530.0
202608,502,United States,570331,"Turf,tufted, of other man-made textile materials",4523.0
202608,502,United States,570339,"Carpets and other floor coverings,tufted, of other man-made textile materials",26946.0
202608,502,United States,570390,"Carpets and other floor coverings,tufted, of other textile materials",418.0
202608,502,United States,570420,"Floor tiles, of felt, not tufted or flocked, with an area of ＞ 0,3 m2 but ≤ 1 m2",2535.0
202608,502,United States,570500,"Other carpets and other textile floor coverings, whether or not made up.",315601.0
202608,502,United States,580123,"Cut weft pile fabrics, of cotton (excluding terry towelling and similar woven terry fabrics, tufted textile fabrics and narrow woven fabrics of heading 5806)",26323.0
202608,502,United States,580126,"Chenille fabrics, of cotton (excluding terry towelling and similar woven terry fabrics, tufted textile fabrics and narrow woven fabrics of heading 5806)",5004.0
202608,502,United States,580127,"Warp pile fabrics, of cotton (excluding terry towelling and similar woven terry fabrics, tufted textile fabrics and narrow woven fabrics of heading 5806)",406.0
202608,502,United States,580133,"Cut weft pile fabrics, of man-made fibres (excluding terry towelling and similar woven terry fabrics, tufted textile fabrics and narrow woven fabrics of heading 5806)",10076.0
202608,502,United States,580136,"Chenille fabrics, of man-made fibres (excluding terry towelling and similar woven terry fabrics, tufted textile fabrics and narrow woven fabrics of heading 5806)",68638.0
202608,502,United States,580137,"Warp pile fabrics, of man-made fibres (excluding terry towelling and similar woven terry fabrics, tufted textile fabrics and narrow woven fabrics of heading 5806)",1545975.0
202608,502,United States,580210,"Terry towelling and similar woven terry fabrics, of cotton",868.0
202608,502,United States,580230,Tufted textile fabrics,1207.0
202608,502,United States,580410,Tulles and other net fabrics,68926.0
202608,502,United States,580421,"Mechanically made lace of man-made fibres in the piece, in strips or in motifs (excluding fabrics of heading 6002 to 6006)",10116.0
202608,502,United States,580430,Handmade lace,1890.0
202608,502,United States,580610,Woven pile fabrics (including terry towelling and similar terry fabrics) and chenille fabrics,1077167.0
202608,502,United States,580620,"Other woven fabrics, containing by weight 5% or more of elastomeric yarn or rubber thread",233827.0
202608,502,United States,580631,"Narrow woven fabrics of cotton, with a width of ≤ 30 cm, n.e.s.",12294.0
202608,502,United States,580632,"Narrow woven fabrics of man-made fibres, with a width of ≤ 30 cm, n.e.s.",1089544.0
202608,502,United States,580639,"Narrow woven fabrics of textile materials other than cotton or man-made fibres, with a width of ≤ 30 cm, n.e.s.",30264.0
202608,502,United States,580710,"Labels, badges and similar articles, of textile materials, in the piece, in strips or cut to shape or size, woven, not embroidered",190283.0
202608,502,United States,580790,"Labels, badges and similar articles, of textile materials, in the piece, in strips or cut to shape or size, not embroidered (excluding woven)",66781.0
202608,502,United States,580810,Braids in the piece,179974.0
202608,502,United States,580890,"Ornamental trimmings of textile materials, in the piece, not embroidered, other than knitted or crocheted; tassels, pompons and similar articles of textile materials (excluding braids in the piece)",166106.0
202608,502,United States,581010,Embroidery without visible ground,10042.0
202608,502,United States,581091,"Embroidery of cotton on a textile fabric ground, in the piece, in strips or in motifs (excluding embroidery without visible ground)",1592.0
202608,502,United States,581092,"Embroidery of man-made fibres on a textile fabric base, in the piece, in strips or in motifs (excluding embroidery without visible ground)",31302.0
202608,502,United States,581100,"Quilted textile products in the piece, composed of one or more layers of textile materials assembled with padding by stitching or otherwise (excluding embroidery of heading 5810 and quilted fabrics for bedding and furnishings)",96091.0
202608,502,United States,590110,"Textile fabrics coated with gum or amylaceous substances, of a kind used for the outer covers of books or the like",23406.0
202608,502,United States,590190,Tracing cloth; prepared painting canvas; buckram and similar stiffened textile fabrics of a kind used for hat foundations (excluding plastic-coated textile fabrics),5288.0
202608,502,United States,590210,"Tyre cord fabric of high-tenacity yarn of nylon or other polyamides, whether or not dipped or impregnated with rubber or plastic",280525.0
202608,502,United States,590220,"Tyre cord fabric of high-tenacity polyester yarn, whether or not dipped or impregnated with rubber or plastic",644.0
202608,502,United States,590310,"Textile fabrics impregnated, coated, covered or laminated with polyvinyl chloride"" (excluding wallcoverings of textile materials impregnated or covered with poly""vinyl chloride""; floor coverings consisting of a textile backing and a top layer or covering of poly""vinyl chloride"")""",1775050.0
202608,502,United States,590320,"Textile fabrics impregnated, coated, covered or laminated with polyurethane (excluding wallcoverings of textile materials impregnated or covered with polyurethane; floor coverings consisting of a textile backing and a top layer or covering of polyurethane)",2691500.0
202608,502,United States,590390,"Textile fabrics impregnated, coated, covered or laminated with plastics other than polyvinyl chloride"" or polyurethane (excluding tyre cord fabric of high-tenacity yarn of nylon or other polyamides, polyesters or viscose rayon; wallcoverings of textile materials impregnated or covered with plastic; floor coverings consisting of a textile backing and a top layer or covering of plastics)""",4582528.0
202608,502,United States,590500,Textile wall coverings.,38394.0
202608,502,United States,590610,Adhesive tape of a width not exceeding 20 cm,588822.0
202608,502,United States,590691,"Knitted or crocheted textile fabrics, rubberised, n.e.s.",65935.0
202608,502,United States,590699,"Rubberised textile fabrics (excluding knitted or crocheted textile fabrics, adhesive tape of a width of ≤ 20 cm, and tyre cord fabric of high-tenacity yarn of nylon or other polyamides, polyesters or viscose rayon)",1957447.0
202608,502,United States,590700,"Impregnated, coated or covered textile fabrics; painted canvas being theatrical scenery, studio backcloths or the like, n.e.s.",2061374.0
202608,502,United States,590800,"Textile wicks, woven, plaited or knitted, for lamps, stoves, lighters, candles or the like; incandescent gas mantles and tubular knitted gas-mantle fabric for incandescent gas mantles, whether or not impregnated",449597.0
202608,502,United States,590900,"Textile hosepiping and similar textile tubing, whether or not impregnated or coated, with or without lining, armour or accessories of other materials",127889.0
202608,502,United States,591000,"Transmission or conveyor belts or belting, of textile material, whether or not impregnated, coated, covered or laminated with plastics, or reinforced with metal or other material.",1538406.0
202608,502,United States,591110,"Textile fabrics, felt and felt-lined woven fabrics, coated, covered or laminated with rubber, leather or other material, of a kind used for card clothing, and similar fabrics of a kind used for other technical purposes, incl. narrow fabrics made of velvet impregnated with rubber, for covering weaving spindles weaving beams""""",63219.0
202608,502,United States,591120,"Bolting cloth, whether or not made up",222739.0
202608,502,United States,591131,"Textile fabrics and felts, endless or fitted with linking devices, of a kind used in papermaking or similar machines, e.g. for paper pulp or asbestos-cement, weighing ＜ 650 g/m2",2243.0
202608,502,United States,591132,"Textile fabrics and felts, endless or fitted with linking devices, of a kind used in papermaking or similar machines, e.g. for paper pulp or asbestos-cement, weighing ≥ 650 g/m2",334867.0
202608,502,United States,591140,"Filtering or straining cloth of a kind used in oil-presses or for similar technical purposes, incl. that of human hair",1360486.0
202608,502,United States,591190,"Textile products and articles, for technical purposes, specified in Note 7 to chapter 59, n.e.s.",8503099.0
202608,502,United States,600110,"Long pile fabrics, knitted or crocheted",6771.0
202608,502,United States,600121,"Looped pile fabrics of cotton, knitted or crocheted",201.0
202608,502,United States,600122,"Looped pile fabrics of man-made fibres, knitted or crocheted",2011327.0
202608,502,United States,600191,"Pile fabrics of cotton, knitted or crocheted (excluding long pile"" fabrics)""",597.0
202608,502,United States,600192,"Pile fabrics of man-made fibres, knitted or crocheted (excluding long pile"" fabrics)""",895503.0
202608,502,United States,600199,"Pile fabrics, knitted or crocheted (excluding cotton or man-made fibres and long pile"" fabrics)""",521915.0
202608,502,United States,600240,"Knitted or crocheted fabrics, of a width of ≤ 30 cm, containing ≥ 5% by weight elastomeric yarn",12302.0
202608,502,United States,600290,"Knitted or crocheted fabrics, of a width of ≤ 30 cm, containing ≥ 5% by weight elastomeric yarn and rubber thread or rubber thread only",5372.0
202608,502,United States,600320,"Knitted or crocheted fabrics of cotton, of a width of ≤ 30 cm",9011.0
202608,502,United States,600330,"Knitted or crocheted fabrics of synthetic fibres, of a width of ≤ 30 cm",49852.0
202608,502,United States,600390,Knitted or crocheted fabrics of a width of ≤ 30 cm,70.0
202608,502,United States,600410,"Knitted or crocheted fabrics, of a width of ＞ 30 cm, containing ≥ 5% by weight elastomeric yarn",230723.0
202608,502,United States,600490,"Knitted or crocheted fabrics, of a width of ＞ 30 cm, containing ≥ 5% by weight elastomeric yarn and rubber thread or rubber thread only",493.0
202608,502,United States,600536,"Unbleached or bleached warp knit fabrics of synthetic fibres incl. those made on galloon knitting machines"", of a width of ＞ 30 cm""",47633.0
202608,502,United States,600537,"Dyed warp knit fabrics of synthetic fibres incl. those made on galloon knitting machines"", of a width of ＞ 30 cm""",73368.0
202608,502,United States,600610,"Fabrics, knitted or crocheted, of a width of ＞ 30 cm, of wool or fine animal hair",1937.0
202608,502,United States,600621,"Unbleached or bleached cotton fabrics, knitted or crocheted, of a width of ＞ 30 cm",5176.0
202608,502,United States,600622,"Dyed cotton fabrics, knitted or crocheted, of a width of ＞ 30 cm",18165.0
202608,502,United States,600623,"Cotton fabrics, knitted or crocheted, of yarns of different colours, of a width of ＞ 30 cm",22619.0
202608,502,United States,600624,"Printed cotton fabrics, knitted or crocheted, of a width of ＞ 30 cm",2285.0
202608,502,United States,600631,"Unbleached or bleached fabrics, knitted or crocheted, of synthetic fibres, of a width of ＞ 30 cm",4904.0
202608,502,United States,600632,"Dyed fabrics, knitted or crocheted, of synthetic fibres, of a width of ＞ 30 cm",217335.0
202608,502,United States,600633,"Fabrics, knitted or crocheted, of synthetic fibres, of yarns of different colours, of a width of ＞ 30 cm",12370.0
202608,502,United States,600642,"Dyed fabrics, knitted or crocheted, of artificial fibres, of a width of ＞ 30 cm",1730.0
202608,502,United States,600690,"Fabrics, knitted or crocheted, of a width of ＞ 30 cm",406.0
202608,502,United States,610120,"Overcoats, car coats, capes, cloaks, anoraks, incl. ski jackets, windcheaters, wind-jackets and similar articles of cotton, for men or boys, knitted or crocheted",2949.0
202608,502,United States,610130,"Overcoats, car coats, capes, cloaks, anoraks, incl. ski jackets, windcheaters, wind-jackets and similar articles of man-made fibres, for men or boys, knitted or crocheted",124894.0
202608,502,United States,610210,"Women's or girls' overcoats, car coats, capes, cloaks, anoraks, incl. ski jackets, windcheaters, wind-jackets and similar articles, of wool or fine animal hair, knitted or crocheted",743.0
202608,502,United States,610220,"Women's or girls' overcoats, car coats, capes, cloaks, anoraks, incl. ski jackets, windcheaters, wind-jackets and similar articles of cotton, knitted or crocheted",378.0
202608,502,United States,610230,"Women's or girls' overcoats, car coats, capes, cloaks, anoraks, incl. ski jackets, windcheaters, wind-jackets and similar articles of man-made fibres, knitted or crocheted",29275.0
202608,502,United States,610323,"Men's or boys' ensembles of synthetic fibres, knitted or crocheted",3394.0
202608,502,United States,610332,"Men's or boys' jackets and blazers of cotton, knitted or crocheted",221063.0
202608,502,United States,610333,"Men's or boys' jackets and blazers of synthetic fibres, knitted or crocheted",16756.0
202608,502,United States,610342,"Men's or boys' trousers, bib and brace overalls, breeches and shorts of cotton, knitted or crocheted",527934.0
202608,502,United States,610343,"Men's or boys' trousers, bib and brace overalls, breeches and shorts of synthetic fibres, knitted or crocheted",88589.0
202608,502,United States,610349,"Men's or boys' trousers, bib and brace overalls, breeches and shorts of textile materials, knitted or crocheted",13181.0
202608,502,United States,610422,"Women's or girls' ensembles of cotton, knitted or crocheted",3188.0
202608,502,United States,610429,Women's or girls' ensembles of textile materials,721.0
202608,502,United States,610431,"Women's or girls' jackets and blazers of wool or fine animal hair, knitted or crocheted",2618.0
202608,502,United States,610432,"Women's or girls' jackets and blazers of cotton, knitted or crocheted",23797.0
202608,502,United States,610433,"Women's or girls' jackets and blazers of synthetic fibres, knitted or crocheted",3455.0
202608,502,United States,610439,"Women's or girls' jackets and blazers of textile materials, knitted or crocheted",3817.0
202608,502,United States,610441,"Women's or girls' dresses of wool or fine animal hair, knitted or crocheted",21803.0
202608,502,United States,610442,"Women's or girls' dresses of cotton, knitted or crocheted",681470.0
202608,502,United States,610443,"Women's or girls' dresses of synthetic fibres, knitted or crocheted",1707428.0
202608,502,United States,610444,"Women's or girls' dresses of artificial fibres, knitted or crocheted",334106.0
202608,502,United States,610449,"Women's or girls' dresses of textile materials, knitted or crocheted",175337.0
202608,502,United States,610452,"Women's or girls' skirts and divided skirts of cotton, knitted or crocheted",88719.0
202608,502,United States,610453,"Women's or girls' skirts and divided skirts of synthetic fibres, knitted or crocheted",7181.0
202608,502,United States,610462,"Women's or girls' trousers, bib and brace overalls, breeches and shorts of cotton, knitted or crocheted",192389.0
202608,502,United States,610463,"Women's or girls' trousers, bib and brace overalls, breeches and shorts of synthetic fibres, knitted or crocheted",472557.0
202608,502,United States,610469,"Women's or girls' trousers, bib and brace overalls, breeches and shorts of textile materials, knitted or crocheted",1189.0
202608,502,United States,610510,"Men's or boys' shirts of cotton, knitted or crocheted (excluding nightshirts, T-shirts, singlets and other vests)",369459.0
202608,502,United States,610520,"Men's or boys' shirts of man-made fibres, knitted or crocheted (excluding nightshirts, T-shirts, singlets and other vests)",278360.0
202608,502,United States,610590,"Men's or boys' shirts of textile materials, knitted or crocheted (excluding of cotton or man-made fibres, nightshirts, T-shirts, singlets and other vests)",16855.0
202608,502,United States,610610,"Women's or girls' blouses, shirts and shirt-blouses of cotton, knitted or crocheted (excluding T-shirts and vests)",714429.0
202608,502,United States,610620,"Women's or girls' blouses, shirts and shirt-blouses of man-made fibres, knitted or crocheted (excluding T-shirts and vests)",922002.0
202608,502,United States,610690,"Women's or girls' blouses, shirts and shirt-blouses of textile materials, knitted or crocheted (excluding of cotton or man-made fibres, T-shirts and vests)",178496.0
202608,502,United States,610711,"Men's or boys' underpants and briefs of cotton, knitted or crocheted",11150.0
202608,502,United States,610712,"Men's or boys' underpants and briefs of man-made fibres, knitted or crocheted",8819.0
202608,502,United States,610722,"Men's or boys' nightshirts and pyjamas of man-made fibres, knitted or crocheted (excluding vests and singlets)",42745.0
202608,502,United States,610799,"Men's or boys' bathrobes, dressing gowns and similar articles of textile materials, knitted or crocheted (excluding of cotton)",1785.0
202608,502,United States,610821,"Women's or girls' briefs and panties of cotton, knitted or crocheted",3557.0
202608,502,United States,610822,"Women's or girls' briefs and panties of man-made fibres, knitted or crocheted",3119.0
202608,502,United States,610829,"Women's or girls' briefs and panties of textile materials, knitted or crocheted (excluding cotton or man-made fibres)",31.0
202608,502,United States,610831,"Women's or girls' nightdresses and pyjamas of cotton, knitted or crocheted (excluding T-shirts, vests and négligés)",34280.0
202608,502,United States,610832,"Women's or girls' nightdresses and pyjamas of man-made fibres, knitted or crocheted (excluding T-shirts, vests and négligés)",30363.0
202608,502,United States,610891,"Women's or girls' négligés, bathrobes, dressing gowns, housejackets and similar articles of cotton, knitted or crocheted (excluding vests, slips, petticoats, briefs and panties, nightdresses, pyjamas, brassiéres, girdles, corsets and similar articles)",1505.0
202608,502,United States,610892,"Women's or girls' négligés, bathrobes, dressing gowns, housejackets and similar articles of man-made fibres, knitted or crocheted (excluding vests, slips, petticoats, briefs and panties, nightdresses, pyjamas, brassiéres, girdles, corsets and similar articles)",8973.0
202608,502,United States,610910,"T-shirts, singlets and other vests of cotton, knitted or crocheted",983876.0
202608,502,United States,610990,"T-shirts, singlets and other vests of textile materials, knitted or crocheted (excluding cotton)",1015574.0
202608,502,United States,611011,"Jerseys, pullovers, cardigans, waistcoats and similar articles, of hair of Kashmir cashmere"" goats, knitted or crocheted (excluding quilted articles)""",68476.0
202608,502,United States,611012,"Jerseys, pullovers, cardigans, waistcoats and similar articles, of fine animal hair, knitted or crocheted (excluding from hair of Kashmir cashmere"" goats and quilted articles)""",162388.0
202608,502,United States,611020,"Jerseys, pullovers, cardigans, waistcoats and similar articles, of man-made fibres, knitted or crocheted (excluding wadded waistcoats)",2466194.0
202608,502,United States,611030,"Jerseys, pullovers, cardigans, waistcoats and similar articles, of textile materials, knitted or crocheted (excluding of wool, fine animal hair, cotton or man-made fibres, and wadded waistcoats)",1150325.0
202608,502,United States,611090,"bies' garments and clothing accessories, knitted or crocheted (excluding hats)",166233.0
202608,502,United States,611120,"Babies' garments and clothing accessories of cotton, knitted or crocheted (excluding hats)",11129.0
202608,502,United States,611130,"Babies' garments and clothing accessories of synthetic fibres, knitted or crocheted (excluding hats)",1766.0
202608,502,United States,611211,"Track-suits of cotton, knitted or crocheted",5638.0
202608,502,United States,611212,"Track-suits of synthetic fibres, knitted or crocheted",2944.0
202608,502,United States,611231,"Men's or boys' swimwear of synthetic fibres, knitted or crocheted",1630.0
202608,502,United States,611241,"Women's or girls' swimwear of synthetic fibres, knitted or crocheted",137703.0
202608,502,United States,611420,"Other garments of cotton, knitted or crocheted",15378.0
202608,502,United States,611430,"Other garments of man-made fibres, knitted or crocheted",811388.0
202608,502,United States,611490,"Other garments of other textile materials, knitted or crocheted",391.0
202608,502,United States,611510,"Graduated compression hosiery [e.g., stockings for varicose veins], of textile materials, knitted or crocheted (excluding hosiery for babies)",4457.0
202608,502,United States,611521,"Pantyhose and tights of synthetic fibres, knitted or crocheted, measuring per single yarn ＜ 67 decitex (excluding graduated compression hosiery)",1257.0
202608,502,United States,611522,"Pantyhose and tights of synthetic fibres, knitted or crocheted, measuring per single yarn ≥ 67 decitex (excluding graduated compression hosiery)",1755.0
202608,502,United States,611529,"Pantyhose and tights of textile materials, knitted or crocheted (excluding graduated compression hosiery, those of synthetic fibres and hosiery for babies)",1689.0
202608,502,United States,611530,"Women's full-length or knee-length hosiery, knitted or crocheted, measuring per single yarn ＜ 67 decitex (excluding graduated compression hosiery, pantyhose and tights)",1396.0
202608,502,United States,611594,"Full-length or knee-length stockings, socks and other hosiery, incl. footwear without applied soles, of wool or fine animal hair, knitted or crocheted (excluding graduated compression hosiery, pantyhose and tights, women's full-length or knee-length stockings, measuring per single yarn ＜ 67 decitex, and hosiery for babies)",412261.0
202608,502,United States,611595,"Full-length or knee-length stockings, socks and other hosiery, incl. footwear without applied soles, of cotton, knitted or crocheted (excluding graduated compression hosiery, pantyhose and tights, women's full-length or knee-length stockings, measuring per single yarn ＜ 67 decitex, and hosiery for babies)",68975.0
202608,502,United States,611596,"Full-length or knee-length stockings, socks and other hosiery, incl. footwear without applied soles, of synthetic fibres, knitted or crocheted (excluding graduated compression hosiery, pantyhose and tights, women's full-length or knee-length stockings, measuring per single yarn ＜ 67 decitex, and hosiery for babies)",154995.0
202608,502,United States,611599,"Full-length or knee-length stockings, socks and other hosiery, incl. footwear without applied soles, of textile materials, knitted or crocheted (excluding of wool, fine animal hair, cotton or synthetic fibres, graduated compression hosiery, pantyhose and tights, women's full-length or knee-length stockings, measuring per single yarn ＜ 67 decitex, and hosiery for babies)",7467.0
202608,502,United States,611610,"Impregnated, coated, covered or laminated with plastics or rubber",3334.0
202608,502,United States,611692,"Gloves, mittens and mitts, of cotton, knitted or crocheted (excluding impregnated, coated or covered with plastics or rubber, and for babies)",4668.0
202608,502,United States,611693,"Gloves, mittens and mitts, of synthetic fibres, knitted or crocheted (excluding impregnated, coated or covered with plastics or rubber, and for babies)",52726.0
202608,502,United States,611699,"Gloves, mittens and mitts, of textile materials, knitted or crocheted (excluding of wool, fine animal hair, cotton or synthetic fibres, impregnated, coated or covered with plastics or rubber, and for babies)",1050.0
202608,502,United States,611710,"Shawls, scarves, mufflers, mantillas, veils and the like, knitted or crocheted",18814.0
202608,502,United States,611780,"Ties, bow ties, cravats and other made-up clothing accessories, knitted or crocheted, n.e.s. (excluding shawls, scarves, mufflers, mantillas, veils and the like)",115220.0
202608,502,United States,611790,"Parts of garments or clothing accessories, knitted or crocheted, n.e.s.",50439.0
202608,502,United States,620120,"Men’s or boys’ overcoats, car-coats, capes, cloaks, anoraks (including ski-jackets), wind-cheaters, windjackets and similar artic,of wool or fine animal hair",551.0
202608,502,United States,620130,"Men’s or boys’ overcoats, car-coats, capes, cloaks, anoraks (including ski-jackets), wind-cheaters, windjackets and similar artic,of cotton",295894.0
202608,502,United States,620140,"Men’s or boys’ overcoats, car-coats, capes, cloaks, anoraks (including ski-jackets), wind-cheaters, windjackets and similar artic,of man-made fibres",68492.0
202608,502,United States,620190,"Men's or boys' overcoats, raincoats, car coats, capes, cloaks and similar articles, of  other textile materials",1637.0
202608,502,United States,620220,"Women’s or girls’ overcoats, car-coats, capes, cloaks, anoraks (including ski-jackets), wind-cheaters, wind jackets and similar articles, of wool or fine animal hair",186852.0
202608,502,United States,620230,"Women’s or girls’ overcoats, car-coats, capes, cloaks, anoraks (including ski-jackets), wind-cheaters, wind jackets and similar articles, of cotton",195124.0
202608,502,United States,620240,"Women’s or girls’ overcoats, car-coats, capes, cloaks, anoraks (including ski-jackets), wind-cheaters, wind jackets and similar articles,of man-made fibres",120999.0
202608,502,United States,620290,"Women’s or girls’ overcoats, car-coats, capes, cloaks, anoraks (including ski-jackets), wind-cheaters, wind jackets and similar articles, of other textile materials",75366.0
202608,502,United States,620311,"Men's or boys' suits of wool or fine animal hair (excluding knitted or crocheted, tracksuits, ski suits and swimwear)",2664.0
202608,502,United States,620322,"Men's or boys' ensembles of cotton (excluding knitted or crocheted, ski ensembles and swimwear)",832.0
202608,502,United States,620323,"Men's or boys' ensembles of synthetic fibres (excluding knitted or crocheted, ski ensembles and swimwear)",648.0
202608,502,United States,620331,"Men's or boys' jackets and blazers of wool or fine animal hair (excluding knitted or crocheted, and wind-jackets and similar articles)",509.0
202608,502,United States,620332,"Men's or boys' jackets and blazers of cotton (excluding knitted or crocheted, and wind-jackets and similar articles)",29919.0
202608,502,United States,620333,"Men's or boys' jackets and blazers of synthetic fibres (excluding knitted or crocheted, and wind-jackets and similar articles)",61833.0
202608,502,United States,620339,"Men's or boys' jackets and blazers of textile materials (excluding of wool, fine animal hair, cotton or synthetic fibres, knitted or crocheted, and wind-jackets and similar articles)",50790.0
202608,502,United States,620341,"Men's or boys' trousers, bib and brace overalls, breeches and shorts, of wool or fine animal hair (excluding knitted or crocheted, underpants and swimwear)",1577.0
202608,502,United States,620342,"Men's or boys' trousers, bib and brace overalls, breeches and shorts, of cotton (excluding knitted or crocheted, underpants and swimwear)",755764.0
202608,502,United States,620343,"Men's or boys' trousers, bib and brace overalls, breeches and shorts of synthetic fibres (excluding knitted or crocheted, underpants and swimwear)",280350.0
202608,502,United States,620349,"Men's or boys' trousers, bib and brace overalls, breeches and shorts of textile materials (excluding of wool, fine animal hair, cotton or synthetic fibres, knitted or crocheted, underpants and swimwear)",3021.0
202608,502,United States,620422,"Women's or girls' ensembles of cotton (excluding knitted or crocheted, ski overalls and swimwear)",8707.0
202608,502,United States,620423,"Women's or girls' ensembles of synthetic fibres (excluding knitted or crocheted, ski overalls and swimwear)",421.0
202608,502,United States,620431,"Women's or girls' jackets and blazers of wool or fine animal hair (excluding knitted or crocheted, wind-jackets and similar articles)",139179.0
202608,502,United States,620432,"Women's or girls' jackets and blazers of cotton (excluding knitted or crocheted, wind-jackets and similar articles)",25411.0
202608,502,United States,620433,"Women's or girls' jackets and blazers of synthetic fibres (excluding knitted or crocheted, wind-jackets and similar articles)",161993.0
202608,502,United States,620439,"Women's or girls' jackets and blazers of textile materials (excluding of wool, fine animal hair, cotton or synthetic fibres, knitted or crocheted, wind-jackets and similar articles)",76256.0
202608,502,United States,620441,Women's or girls' dresses of wool or fine animal hair (excluding knitted or crocheted and petticoats),106841.0
202608,502,United States,620442,Women's or girls' dresses of cotton (excluding knitted or crocheted and petticoats),65826.0
202608,502,United States,620443,Women's or girls' dresses of synthetic fibres (excluding knitted or crocheted and petticoats),69736.0
202608,502,United States,620444,Women's or girls' dresses of artificial fibres (excluding knitted or crocheted and petticoats),25094.0
202608,502,United States,620449,"Women's or girls' dresses of textile materials (excluding of wool, fine animal hair, cotton or man-made fibres, knitted or crocheted and petticoats)",171226.0
202608,502,United States,620451,Women's or girls' skirts and divided skirts of wool or fine animal hair (excluding knitted or crocheted and petticoats),11517.0
202608,502,United States,620452,Women's or girls' skirts and divided skirts of cotton (excluding knitted or crocheted and petticoats),158614.0
202608,502,United States,620453,Women's or girls' skirts and divided skirts of synthetic fibres (excluding knitted or crocheted and petticoats),94263.0
202608,502,United States,620459,"Women's or girls' skirts and divided skirts of textile materials (excluding of wool, fine animal hair, cotton or synthetic fibres, knitted or crocheted and petticoats)",133376.0
202608,502,United States,620461,"Women's or girls' trousers, bib and brace overalls, breeches and shorts of wool or fine animal hair (excluding knitted or crocheted, panties and swimwear)",12436.0
202608,502,United States,620462,"Women's or girls' trousers, bib and brace overalls, breeches and shorts of cotton (excluding knitted or crocheted, panties and swimwear)",1696876.0
202608,502,United States,620463,"Women's or girls' trousers, bib and brace overalls, breeches and shorts of synthetic fibres (excluding knitted or crocheted, panties and swimwear)",52996.0
202608,502,United States,620469,"Women's or girls' trousers, bib and brace overalls, breeches and shorts of textile materials (excluding of wool, fine animal hair, cotton or synthetic fibres, knitted or crocheted, panties and swimwear)",318578.0
202608,502,United States,620520,"Men's or boys' shirts of cotton (excluding knitted or crocheted, nightshirts, singlets and other vests)",90733.0
202608,502,United States,620530,"Men's or boys' shirts of man-made fibres (excluding knitted or crocheted, nightshirts, singlets and other vests)",50145.0
202608,502,United States,620590,"Men's or boys' shirts of textile materials (excluding of cotton or man-made fibres, knitted or crocheted, nightshirts, singlets and other vests)",2234.0
202608,502,United States,620610,"Women's or girls' blouses, shirts and shirt-blouses of silk or silk waste (excluding knitted or crocheted and vests)",3488.0
202608,502,United States,620620,"Women's or girls' blouses, shirts and shirt-blouses of wool or fine animal hair (excluding knitted or crocheted and vests)",4161.0
202608,502,United States,620630,"Women's or girls' blouses, shirts and shirt-blouses of cotton (excluding knitted or crocheted and vests)",163175.0
202608,502,United States,620640,"Women's or girls' blouses, shirts and shirt-blouses of man-made fibres (excluding knitted or crocheted and vests)",6379.0
202608,502,United States,620690,"Women's or girls' blouses, shirts and shirt-blouses of textile materials (excluding of silk, silk waste, wool, fine animal hair, cotton or man-made fibres, knitted or crocheted and vests)",7911.0
202608,502,United States,620711,Men's or boys' underpants and briefs of cotton,2397.0
202608,502,United States,620719,Men's or boys' underpants and briefs of textile materials (excluding cotton and knitted or crocheted),755.0
202608,502,United States,620791,"Men's or boys' singlets and other vests, bathrobes, dressing gowns and similar articles of cotton (excluding knitted or crocheted, underpants, nightshirts and pyjamas)",7589.0
202608,502,United States,620821,"Women's or girls' nightdresses and pyjamas of cotton (excluding knitted or crocheted, vests and négligés)",43991.0
202608,502,United States,620822,"Women's or girls' nightdresses and pyjamas of man-made fibres (excluding knitted or crocheted, vests and négligés)",361.0
202608,502,United States,620891,"Women's or girls' singlets and other vests, briefs, panties, négligés, bathrobes, dressing gowns, housecoats and similar articles of cotton (excluding knitted or crocheted, slips, petticoats, nightdresses and pyjamas, brassières, girdles, corsets and similar articles)",570.0
202608,502,United States,620892,"Women's or girls' singlets and other vests, briefs, panties, négligés, bathrobes, dressing gowns, housecoats and similar articles of man-made fibres (excluding knitted or crocheted, slips, petticoats, nightdresses and pyjamas, brassières, girdles, corsets and similar articles)",19431.0
202608,502,United States,620920,"Babies' garments and clothing accessories of cotton (excluding knitted or crocheted and hats, napkins and napkin liners [see 9619])",1084.0
202608,502,United States,620930,"Babies' garments and clothing accessories of synthetic fibres (excluding knitted or crocheted and hats, napkins and napkin liners [see 9619])",380.0
202608,502,United States,621010,"Garments made up of felt or nonwovens, whether or not impregnated, coated, covered or laminated (excluding babies' garments and clothing accessories)",127925.0
202608,502,United States,621040,"Other men's or boys' garments,made up of fabrics of heading 59.03, 59.06 or 59.07",38173.0
202608,502,United States,621050,"Other women's or girls' garment,made up of fabrics of heading 59.03, 59.06 or 59.07",321.0
202608,502,United States,621132,"Men's or boys' tracksuits and other garments, n.e.s. of cotton",57232.0
202608,502,United States,621133,"Men's or boys' tracksuits and other garments, n.e.s. of man-made fibres",29524.0
202608,502,United States,621139,"Men's or boys' tracksuits and other garments, n.e.s. of textile materials (excluding of cotton or man-made fibres, knitted or crocheted)",283.0
202608,502,United States,621142,"Women's or girls' tracksuits and other garments, n.e.s. of cotton",136690.0
202608,502,United States,621143,"Women's or girls' tracksuits and other garments, n.e.s. of man-made fibres",98284.0
202608,502,United States,621149,"Women's or girls' tracksuits and other garments, n.e.s. of textile materials (excluding of cotton or man-made fibres, knitted or crocheted and goods of 9619)",30909.0
202608,502,United States,621210,"Brassieres of all types of textile materials, whether or not elasticated, incl. knitted or crocheted",75079.0
202608,502,United States,621220,"Girdles and panty girdles of all types of textile materials, whether or not elasticated, incl. knitted or crocheted (excluding belts and corselets made entirely of rubber)",4339.0
202608,502,United States,621230,"Corselettes of all types of textile materials, whether or not elasticated, incl. knitted or crocheted",73732.0
202608,502,United States,621320,"Handkerchiefs of cotton, of which no side exceeds 60 cm",1431.0
202608,502,United States,621410,"Shawls, scarves, mufflers, mantillas, veils and similar articles of silk or silk waste",2981.0
202608,502,United States,621420,"Shawls, scarves, mufflers, mantillas, veils and similar articles of wool or fine animal hair",1748.0
202608,502,United States,621430,"Shawls, scarves, mufflers, mantillas, veils and similar articles of synthetic fibres",31661.0
202608,502,United States,621490,"Shawls, scarves, mufflers, mantillas, veils and similar articles of textile materials (excluding of silk, silk waste, wool, fine animal hair or man-made fibres, knitted or crocheted)",3075.0
202608,502,United States,621510,"Ties, bow ties and cravats of silk or silk waste",6106.0
202608,502,United States,621520,"Ties, bow ties and cravats of man-made fibres",46.0
202608,502,United States,621590,"Ties, bow ties and cravats of textile materials (excluding of silk, silk waste or man-made fibres, knitted or crocheted)",1358.0
202608,502,United States,621600,"Gloves, mittens and mitts, of all types of textile materials (excluding knitted or crocheted and for babies)",117038.0
202608,502,United States,621710,"Made-up clothing accessories, of all types of textile materials, n.e.s.",35599.0
202608,502,United States,621790,"Parts of garments or clothing accessories, of all types of textile materials, n.e.s.",16273.0
202608,502,United States,630110,Electric blankets of all types of textile materials,15723.0
202608,502,United States,630120,Blankets and travelling rugs of wool or fine animal hair,68139.0
202608,502,United States,630130,Blankets and travelling rugs of cotton,2532.0
202608,502,United States,630140,Blankets and travelling rugs of synthetic fibres,5968.0
202608,502,United States,630210,"Bedlinen, knitted or crocheted",10777.0
202608,502,United States,630221,Printed bedlinen of cotton,4818.0
202608,502,United States,630222,Printed bedlinen of man-made fibres,136.0
202608,502,United States,630231,"Bedlinen of cotton (excluding printed, knitted or crocheted)",4685.0
202608,502,United States,630232,"Bedlinen of man-made fibres (excluding printed, knitted or crocheted)",5579.0
202608,502,United States,630239,"Bedlinen of textile materials (excluding of cotton and man-made fibres, printed, knitted or crocheted)",2704.0
202608,502,United States,630251,Table linen of cotton,171.0
202608,502,United States,630253,Table linen of man-made fibres,2496.0
202608,502,United States,630260,"Toilet linen and kitchen linen, of terry towelling or similar terry fabrics of cotton (excluding floorcloths, polishing cloths, dishcloths and dusters)",18323.0
202608,502,United States,630291,"Toilet linen and kitchen linen of cotton (excluding of terry fabrics, floorcloths, polishing cloths, dishcloths and dusters)",969.0
202608,502,United States,630293,"Toilet linen and kitchen linen of flax (excluding floor-cloths, polishing-cloths, dish-cloths and dusters)",7683.0
202608,502,United States,630299,Toilet linen and kitchen linen of textile materials,24.0
202608,502,United States,630312,"Curtains, incl. drapes, and interior blinds, curtain or bed valances of synthetic fibres, knitted or crocheted (excluding awnings and sunblinds)",7873.0
202608,502,United States,630392,"Curtains, incl. drapes, and interior blinds, curtain or bed valances of synthetic fibres (excluding knitted or crocheted, awnings and sunblinds)",1814844.0
202608,502,United States,630411,Knitted or crocheted bedspreads,3526.0
202608,502,United States,630419,Bedspreads of all types of textile materials,6491.0
202608,502,United States,630491,"Articles for interior furnishing, knitted or crocheted (excluding blankets and travelling rugs, bedlinen, table linen, toilet linen, kitchen linen, curtains, incl. drapes, interior blinds, curtain or bed valances, bedspreads, lampshades and articles of heading 9404)",108.0
202608,502,United States,630492,"Articles for interior furnishing, of cotton (excluding knitted or crocheted, blankets and travelling rugs, bedlinen, table linen, toilet linen, kitchen linen, curtains, incl. drapes, interior blinds, curtain or bed valances, bedspreads, lampshades and articles of heading 9404)",154660.0
202608,502,United States,630493,"Articles for interior furnishing, of synthetic fibres (excluding knitted or crocheted, blankets and travelling rugs, bedlinen, table linen, toilet linen, kitchen linen, curtains, incl. drapes, interior blinds, curtain or bed valances, bedspreads, lampshades and articles of heading 9404)",6214616.0
202608,502,United States,630499,"Articles for interior furnishing, of textile materials (excluding of cotton or synthetic fibres, knitted or crocheted, blankets and travelling rugs, bedlinen, table linen, toilet linen, kitchen linen, curtains, incl. drapes, interior blinds, curtain or bed valances, bedspreads, lampshades and articles of heading 9404)",392338.0
202608,502,United States,630520,"Sacks and bags, for the packing of goods, of cotton",1315.0
202608,502,United States,630532,"Flexible intermediate bulk containers, for the packing of goods, of synthetic or man-made textile materials",4362.0
202608,502,United States,630533,"Sacks and bags, for the packing of goods, of polyethylene or polypropylene strip or the like (excluding flexible intermediate bulk containers)",163.0
202608,502,United States,630539,"Sacks and bags, for the packing of goods, of man-made textile materials (excluding of polyethylene or polypropylene strip or the like, and flexible intermediate bulk containers)",37228.0
202608,502,United States,630590,"Sacks and bags, for the packing of goods, of textile materials (excluding man-made, cotton, jute or other textile bast fibres of heading 5303)",4539.0
202608,502,United States,630612,"Tarpaulins, awnings and sunblinds of synthetic fibres (excluding flat covers of light fabrics made up as tarpaulins)",10035.0
202608,502,United States,630619,"Tarpaulins, awnings and sunblinds of textile materials (excluding of synthetic fibres and flat covers of light fabrics made up as tarpaulins)",42893.0
202608,502,United States,630622,Tents of synthetic fibres (including temporary canopies and similar articles) :,3425.0
202608,502,United States,630640,Pneumatic mattresses of textile materials,619.0
202608,502,United States,630690,"Camping goods of textile materials (excluding tents, awnings and sunblinds, sails, pneumatic mattresses, rucksacks, knapsacks and similar receptacles, filled sleeping bags, mattresses and cushions)",2223.0
202608,502,United States,630710,"Floorcloths, dishcloths, dusters and similar cleaning cloths",215027.0
202608,502,United States,630720,Lifejackets and lifebelts,4433228.0
202608,502,United States,630790,"Made-up articles of textile materials, incl. dress patterns, n.e.s.",4386673.0
202608,502,United States,630800,"Sets consisting of woven fabric and yarn, whether or not with accessories, for making up into rugs, tapestries, embroideredtable cloths or serviettes, or similar textile articles, put up in packings for retail sale.",896.0
202608,502,United States,640192,"Waterproof footwear with outer soles and uppers of rubber or of plastics,covering the ankle but not covering the knee",2723.0
202608,502,United States,640199,"Waterproof footwear with outer soles and uppers of rubber or of plastics,nes",447.0
202608,502,United States,640219,"Sports footwear with outer soles and uppers of rubber or plastics,other",3698371.0
202608,502,United States,640220,"Footwear of rubber or plastics,with upper straps or thongs assembled to the sole by means of plugs",104280.0
202608,502,United States,640291,"Other footwear with outer soles and uppers of rubber or of plastics,covering the ankle",1021390.0
202608,502,United States,640299,"Footwear with outer soles and uppers of rubber or plastics, nes",2033027.0
202608,502,United States,640319,"Sports footwear, with outer soles of rubber, plastics, leather or composition leather and uppers of leather,other",34200.0
202608,502,United States,640320,"Footwear with outer soles of leather, and uppers which consist of leather straps across the instep and around the big toe",9056.0
202608,502,United States,640351,"Footwear with outer soles and uppers of leather, covering the ankle",29339.0
202608,502,United States,640359,Footwear with outer soles and uppers of leather,21042.0
202608,502,United States,640391,"Footwear with outer soles of rubber, plastics or composition leather, with uppers of leather, covering the ankle",1263323.0
202608,502,United States,640399,"Other Footwear with outer soles of rubber, plastics or composition leather, with uppers of leather",7424681.0
202608,502,United States,640411,"Sports footwear; tennis shoes, basketball shoes, gym shoes, training shoes and the like",255369.0
202608,502,United States,640419,"Footwear with outer soles of rubber or plastics and uppers of textile materials, Other",1006360.0
202608,502,United States,640420,Footwear with outer soles of leather or composition leather,2211.0
202608,502,United States,640510,Footwear with uppers of leather or composition leather,239097.0
202608,502,United States,640520,Footwear with uppers of textile materials,312902.0
202608,502,United States,640590,"Footwear with outer soles of rubber or plastics, with uppers other than rubber, plastics, leather or textile materials; footwear with outer soles of leather or composition leather, with uppers other than leather or textile materials; footwear with outer soles of wood, cork, paperboard, furskin, felt, straw, loofah, etc., with uppers other than leather, composition leather or textile materials, n.e.s.",106196.0
202608,502,United States,640610,"Uppers and parts thereof, other than stiffeners",44474.0
202608,502,United States,640620,"Outer soles and heels, of rubber or plastics",276481.0
202608,502,United States,640690,"Parts of footwear; removable in-soles, heel cushions and similar articles; gaiters, leggings and similar articles, and parts thereof (excluding outer soles and heels of rubber or plastics, uppers and parts thereof other than stiffeners, and general parts made of asbestos)",29052214.0
202608,502,United States,650500,"Hats and other headgear, knitted or crocheted, or made up from lace, felt or other textile fabric, in the piece (but not in strips), whether or not lined or trimmed; hairnets of any material, whether or not lined or trimmed",1307531.0
202608,502,United States,650610,Safety headgear,1198959.0
202608,502,United States,650691,Headgear of rubber or of plastics,12065.0
202608,502,United States,650699,Headgear of other materials,368926.0
202608,502,United States,650700,"Headbands, linings, covers, hat foundations, hat frames, peaks and chinstraps, for headgear",3508.0
202608,502,United States,660191,Umbrellas with a telescopic shaft,5211.0
202608,502,United States,660199,"Umbrellas and sun umbrellas, incl. walking-stick umbrellas (excluding umbrellas having a telescopic shaft, garden umbrellas and the like, and toy umbrellas)",2909.0
202608,502,United States,660320,"Umbrella frames, including frames mounted on shafts (sticks)",5274.0
202608,502,United States,670210,"Artificial flowers, foliage and fruit and parts thereof, and articles made of artificial flowers, foliage or fruit, by binding, glueing, fitting into one another or similar methods, of plastics",1239.0
202608,502,United States,670290,"Artificial flowers, foliage and fruit and parts thereof, and articles made of artificial flowers, foliage or fruit, by binding, glueing, fitting into one another or similar methods (excluding of plastics)",136.0
202608,502,United States,670300,"Human hair, dressed, thinned, bleached or otherwise worked; wool or other animal hair or other textile materials, prepared for use in making wigs or the like.",679917.0
202608,502,United States,670411,Complete wigs of synthetic textile materials,366926.0
202608,502,United States,670419,"False beards, eyebrows and eyelashes, switches and the like, of synthetic textile materials (excluding complete wigs)",5589.0
202608,502,United States,670420,"Wigs, false beards, eyebrows and eyelashes, switches and the like, of human hair, and articles of human hair, n.e.s.",7995787.0
202608,502,United States,670490,"Wigs, false beards, eyebrows and eyelashes, switches and the like, of animal hair or textile materials (excluding synthetic textile materials)",1846.0
202608,502,United States,680210,"Tiles, cubes and similar articles, whether or not rectangular (including square), the largest face of which is capable of being enclosed in a square the side of which is less than 7cm; artificially coloured granules, chippings and powder",6681.0
202608,502,United States,680221,"Marble, travertine and alabaster articles thereof, simply cut or sawn, with a flat or even surface",2342.0
202608,502,United States,680291,"Marble, travertine and alabaster, in any form",6971.0
202608,502,United States,680292,"Calcareous stone, in any form",897.0
202608,502,United States,680293,"Granite, in any form, polished, decorated or otherwise worked",3999.0
202608,502,United States,680299,"Monumental or building stone, in any form, polished, decorated or otherwise worked",1328.0
202608,502,United States,680410,"Millstones and grindstones for milling, grinding or pulping",259750.0
202608,502,United States,680421,"Millstones, grindstones, grinding wheels and the like, without frameworks, for sharpening, polishing, trueing or cutting, of agglomerated synthetic or natural diamond",3846366.0
202608,502,United States,680422,"Millstones, grindstones, grinding wheels and the like, without frameworks, for sharpening, polishing, trueing or cutting, of agglomerated abrasives or ceramics",1187196.0
202608,502,United States,680423,"Millstones, grindstones, grinding wheels and the like, without frameworks, for sharpening, polishing, trueing or cutting, of natural stone",138405.0
202608,502,United States,680430,Hand sharpening or polishing stones,1289392.0
202608,502,United States,680510,"Natural or artificial abrasive powder or grain, on a base of woven textile fabric only",3250882.0
202608,502,United States,680520,"Natural or artificial abrasive powder or grain, on a base of paper or paperboard only",4782973.0
202608,502,United States,680530,"Natural or artificial abrasive powder or grain, on a base of other materials",12519043.0
202608,502,United States,680610,"Slag wool, rock wool and similar mineral wools (including intermixtures thereof), in bulk, sheets or rolls",1772692.0
202608,502,United States,680620,"Exfoliated vermiculite, expanded clays, foamed slag and similar expanded mineral materials (including intermixtures thereof)",51754.0
202608,502,United States,680690,"Mixtures and articles of heat-insulating, sound-insulating or sound absorbing mineral materials",5647013.0
202608,502,United States,680790,"Articles of asphalt or of similar materials, e.g. petroleum bitumen or coal tar pitch (excluding in rolls)",152896.0
202608,502,United States,680911,"Boards, sheets, panels, tiles and similar articles, of plaster or compositions based on plaster, faced or reinforced with paper or paperboard only",1284.0
202608,502,United States,680919,"Boards, sheets, panels, tiles and similar articles, of plaster or compositions based on plaster",53139.0
202608,502,United States,680990,Articles of plaster or of compositions based on plaster,267890.0
202608,502,United States,681019,"Tiles, flagstones, bricks and similar articles, of cement, concrete or artificial stone (excluding building blocks and bricks)",14600.0
202608,502,United States,681091,"Prefabricated structural components for building or civil engineering of cement, concrete or artificial stone, whether or not reinforced",708.0
202608,502,United States,681099,"Articles of cement, concrete or artificial stone, whether or not reinforced (excluding prefabricated structural components for building or civil engineering, tiles, paving, bricks and the like)",270285.0
202608,502,United States,681182,"Sheets, panels, paving, tiles and similar articles, of cellulose fibre-cement or the like, not containing asbestos (excluding corrugated sheets)",3623.0
202608,502,United States,681189,"Articles of cellulose fibre-cement or the like, not containing asbestos (excluding corrugated and other sheets, panels, tiles and similar articles)",145478.0
202608,502,United States,681299,"other asbestos fibres,mixtures and other articles of asbestos",114583.0
202608,502,United States,681320,"Friction material and articles thereof, e.g. sheets, rolls, strips, segments, discs, washers and pads, for clutches and the like, not mounted, containing asbestos, whether or not combined with textile or other materials",15456.0
202608,502,United States,681381,"Brake linings and pads, with a basis of mineral substances or cellulose, whether or not combined with textile or other materials (excluding containing asbestos)",4080.0
202608,502,United States,681389,"Friction material and articles thereof, e.g. sheets, rolls, strips, segments, discs, washers and pads, for clutches and the like, with a basis of mineral substances or cellulose, whether or not combined with textile or other materials (excluding containing asbestos, and brake linings and pads)",8420743.0
202608,502,United States,681490,"Worked mica and articles of mica (excluding electrical insulators, insulating fittings, resistors and capacitors, protective goggles of mica and their glasses, mica in the form of Christmas tree decorations, and plates, sheets and strips of agglomerated or reconstituted mica, whether or not on supports)",21478.0
202608,502,United States,681511,Carbon fibres,6508127.0
202608,502,United States,681512,Carbon cloth、Other articles of carbon fibres,26655983.0
202608,502,United States,681513,Pre-preg material of carbon fibres、Other Non-electrical articles of carbon fibres,36954487.0
202608,502,United States,681519,Non-electrical articles of graphite or other carbon,25658554.0
202608,502,United States,681599,"Articles of stone or other mineral substances, nes (excluding containing magnesite, dolomite or chromite and articles of graphite or other carbon)",5378437.0
202608,502,United States,690220,"Refractory bricks, blocks, tiles and similar refractory ceramic constructional goods containing, by weight, ＞ 50% alumina, silica or a mixture or compound of these products (excluding those of siliceous fossil meals or similar siliceous earths)",1185143.0
202608,502,United States,690290,"Refractory bricks, blocks, tiles and similar refractory ceramic constructional goods (excluding containing, by weight, singly or together, ＞ 50% of the elements Mg, Ca or Cr, expressed as MgO, CaO or Cr2O3, containing, by weight, ＞ 50% alumina, silica or a mixture or compound of these products and those of siliceous fossil meals or similar siliceous earths)",395527.0
202608,502,United States,690310,"Containing, by weight, more than 50 % of free carbon",27800.0
202608,502,United States,690320,"Retorts, crucibles, mufflers, nozzles, plugs, supports, cupels, tubes, pipes, sheaths, rods and other refractory ceramic goods, containing ＞ 50% alumina, or a compound of alumina and silica (excluding refractory bricks, blocks, tiles and similar refractory ceramic constructional goods)",2501108.0
202608,502,United States,690390,"Retorts, crucibles, mufflers, nozzles, plugs, supports, cupels, tubes, pipes, sheaths, rods and other refractory ceramic goods (excluding those of siliceous fossil meals or similar siliceous earths, those of heading 6902, containing ＞ 50% carbon or containing ＞ 50% by weight of alumina [Al203] or a mixture or compound of alumina and silica [SiO2])",41835455.0
202608,502,United States,690600,"Ceramic pipes, conduits, guttering and pipe fittings",3550128.0
202608,502,United States,690721,"Ceramic flags and paving, hearth or wall tiles, of a water absorption coefficient by weight ≤ 0,5 % (excl. refractory, mosaic cubes and finishing ceramics)",409.0
202608,502,United States,690722,"Ceramic flags and paving, hearth or wall tiles, of a water absorption coefficient by weight ＞ 0,5 % but ≤ 10 % (excl. refractory, mosaic cubes and finishing ceramics)",2582.0
202608,502,United States,690723,"Ceramic flags and paving, hearth or wall tiles, of a water absorption coefficient by weight ＞ 10 % (excl. refractory, mosaic cubes and finishing ceramics)",1213.0
202608,502,United States,690911,"Ceramic wares for laboratory, chemical or other technical uses, of porcelain or china (excluding refractory ceramic goods, electrical devices, insulators and other electrical insulating fittings)",9284979.0
202608,502,United States,690912,"Ceramic articles having a hardness equivalent to ≥ 9 on the Mohs scale, for chemical or other technical uses (excluding of porcelain or china, refractory ceramic goods, electrical devices, insulators and other electrical insulating fittings)",7344225.0
202608,502,United States,690919,"Ceramic wares for chemical or other technical uses (excluding of porcelain or china, articles having a hardness equivalent to ≥ 9 on the Mohs scale, millstones, polishing stones, grindstones and the like of heading 6804, refractory ceramic goods, electrical devices, insulators and other electrical insulating fittings)",19757738.0
202608,502,United States,691010,"Ceramic sinks, washbasins, washbasin pedestals, baths, bidets, water closet pans, flushing cisterns, urinals and similar sanitary fixtures of porcelain or china (excluding soap dishes, sponge holders, tooth-brush holders, towel hooks and toilet paper holders)",61224.0
202608,502,United States,691090,"Ceramic sinks, washbasins, washbasin pedestals, baths, bidets, water closet pans, flushing cisterns, urinals and similar sanitary fixtures (excluding of porcelain or china, soap dishes, sponge holders, tooth-brush holders, towel hooks and toilet paper holders)",1195.0
202608,502,United States,691110,Tableware and kitchenware of porcelain or china,46657.0
202608,502,United States,691190,"Household and toilet articles, of porcelain or china (excluding tableware and kitchenware, baths, bidets, sinks and similar sanitary fixtures, statuettes and other ornamental articles, pots, jars, carboys and similar receptacles for the conveyance or packing of goods, and coffee grinders and spice mills with receptacles made of ceramics and working parts of metal)",3270.0
202608,502,United States,691200,"Geramic tableware, kitchenware, other household articles and toilet articles, other than of porcelain or china.",8684.0
202608,502,United States,691310,"Statuettes and other ornamental articles of porcelain or china, n.e.s.",26797.0
202608,502,United States,691390,"Statuettes and other ornamental ceramic articles, n.e.s. (excluding of porcelain or china)",5376.0
202608,502,United States,691410,"Ceramic articles of porcelain or china, n.e.s.",493526.0
202608,502,United States,691490,"Ceramic articles, n.e.s. (excluding of porcelain or china)",1819298.0
202608,502,United States,700100,"Cullet and other waste and scrap of glass, excluding glass from cathode ray tubes or other activated glass of heading 85.49; glass in the mass.",41110492.0
202608,502,United States,700210,"Glass in balls, unworked (excluding glass microspheres ≤ 1 mm in diameter, glass balls of the nature of a toy)",10920.0
202608,502,United States,700220,"Rods of glass, unworked",52601308.0
202608,502,United States,700231,"Tubes of fused quartz or other fused silica, unworked",2461618.0
202608,502,United States,700232,"Tubes of glass having a linear coefficient of expansion ≤ 5 x 10-6 per kelvin within a temperature range of 0°C to 300°C, unworked (excluding tubes of glass having a linear coefficient of expansion ≤ 5 x 10-6 per kelvin within a temperature range of 0°C to 300°C)",382473.0
202608,502,United States,700239,"Tubes of glass, unworked (excluding tubes of glass having a linear coefficient of expansion ≤ 5 x 10-6 per kelvin within a temperature range of 0°C to 300°C or of fused quartz or other fused silica)",2800680.0
202608,502,United States,700312,"Coloured throughout the mass (body tinted), opacified, flashed or having an absorbent, reflecting or nonreflecting layer",13179.0
202608,502,United States,700319,"Cast glass and rolled glass, in non-wired sheets, not otherwise worked (excluding glass coloured throughout the mass body tinted"", opacified, flashed or having an absorbent, reflecting or non-reflecting layer)""",84871149.0
202608,502,United States,700330,"Profiles of glass, whether or not having an absorbent, reflecting or non-reflecting layer, but not otherwise worked",1307.0
202608,502,United States,700490,"Sheets of glass, drawn or blown, but not otherwise worked",3138.0
202608,502,United States,700510,"Nonwired glass, having an absorbent, reflecting or nonreflecting layer",55490.0
202608,502,United States,700529,"Float glass and surface ground and polished glass, in sheets, but not otherwise worked, other",230823.0
202608,502,United States,700600,"Glass of heading 70.03, 70.04 or 70.05, bent, edgeworked, engraved, drilled, enamelled or otherwise worked, but not framed or fitted with other materials.",220576.0
202608,502,United States,700711,"Toughened tempered"" safety glass, of size and shape suitable for incorporation in motor vehicles, aircraft, spacecraft, vessels and other vehicles""",1807184.0
202608,502,United States,700719,"Toughened tempered"" safety glass (excluding glass of size and shape suitable for incorporation in motor vehicles, aircraft, spacecraft, vessels and other vehicles, and lenses for spectacles and goggles, etc., and for clocks and watches)""",645514.0
202608,502,United States,700721,"Laminated safety glass, of size and shape suitable for incorporation in motor vehicles, aircraft, spacecraft, vessels and other vehicles (excluding multiple-walled insulating units of glass)",10170372.0
202608,502,United States,700729,"Laminated safety glass (excluding glass of size and shape suitable for incorporation in motor vehicles, aircraft, spacecraft, vessels or other vehicles, multiple-walled insulating units)",9638.0
202608,502,United States,700800,Multiplewalled insulating units of glass.,3705.0
202608,502,United States,700910,"Rear-view mirrors, whether or not framed, for vehicles",61477458.0
202608,502,United States,700991,"Glass mirrors, unframed",1451680.0
202608,502,United States,700992,"Glass mirrors, framed",348098.0
202608,502,United States,701010,Ampoules,171732.0
202608,502,United States,701020,"Stoppers, lids and other closures, of glass",29562.0
202608,502,United States,701090,"Carboys, bottles, flasks, jars, pots, phials and other containers, of glass, of a kind used for the commercial conveyance or packing of goods, and preserving jars, of glass (excluding ampoules, glass inners for containers, with vacuum insulation, perfume atomizers, flasks, bottles etc. for atomizers)",890182.0
202608,502,United States,701190,"Glass envelopes, incl. bulbs and tubes, open, and glass parts thereof, without fittings, for electric lamps and the like (excluding cathode ray tubes and for electric lighting)",420016.0
202608,502,United States,701310,"Glassware of glass ceramics, of a kind used for table, kitchen, toilet, office, indoor decoration or similar purposes (excluding goods of heading 7018, cooking hobs, leaded lights and the like, lighting fittings and parts thereof, atomizers for perfume and the like)",4670.0
202608,502,United States,701328,"Drinking glasses, stemware (excluding of glass ceramics or of lead crystal)",1815.0
202608,502,United States,701337,Drinking glasses (excluding glasses of glass ceramics or of lead crystal and stemware),103839.0
202608,502,United States,701342,"Glassware for table or kitchen purposes of glass having a linear coefficient of expansion ≤ 5 x 10 -6 per kelvin within a temperature range of 0°C to 300°C (excluding glassware of glass ceramics or lead crystal, articles of heading 7018, drinking glasses, glass preserving jars sterilising jars"", vacuum flasks and other vacuum vessels)""",8667.0
202608,502,United States,701349,"Glassware for table or kitchen purposes (excluding glass having a linear coefficient of expansion ≤ 5 x 10 -6 per kelvin within a temperature range of 0°C to 300°C, glassware of glass ceramics or lead crystal, articles of heading 7018, drinking glasses, glass preserving jars sterilising jars"", vacuum flasks and other vacuum vessels)""",39519.0
202608,502,United States,701391,"Glassware, of lead crystal, of a kind used for toilet, office, indoor decoration or similar purposes (excluding glassware of a kind used for table or kitchen purposes, glassware of glass ceramics or lead crystal, articles of heading 7018, mirrors, leaded lights and the like, lighting fittings and parts thereof, atomizers for perfume and the like)",31509.0
202608,502,United States,701399,"Glassware of a kind used for toilet, office, indoor decoration or similar purposes (excluding glassware of lead crystal or of a kind used for table or kitchen purposes, articles of heading 7018, mirrors, leaded lights and the like, lighting fittings and parts thereof, atomizers for perfume and the like)",269154.0
202608,502,United States,701400,"Signalling glassware and optical elements of glass (other than those of heading 70.15), not optically worked.",9270253.0
202608,502,United States,701610,"Glass cubes and other glass smallwares, whether or not on a backing, for mosaics or similar decorative purposes",2618.0
202608,502,United States,701710,"Laboratory, hygienic or pharmaceutical glassware, whether or not graduated or calibrated, of fused quartz or other fused silica (excluding containers for the conveyance or packing of goods, measuring, checking or medical instruments and apparatus of chapter 90)",4841333.0
202608,502,United States,701720,"Laboratory, hygienic or pharmaceutical glassware, whether or not graduated or calibrated, having a linear coefficient of expansion ≤ 5 x 10 -6 per kelvin within a temperature range of 0°C to 300°C (excluding glass of fused quartz or other fused silica, containers for the conveyance or packing of goods, measuring, checking or medical instruments and apparatus of chapter 90)",6999794.0
202608,502,United States,701790,"Laboratory, hygienic or pharmaceutical glassware, whether or not graduated or calibrated (excluding glass having a linear coefficient of expansion ≤ 5 x 10 -6 per kelvin within a temperature range of 0°C to 300°C or of fused quartz or other fused silica, containers for the conveyance or packing of goods, measuring, checking or medical instruments and apparatus of chapter 90)",3280861.0
202608,502,United States,701810,"Glass beads, imitation pearls, imitation precious or semiprecious stones and similar glass smallwares",1397.0
202608,502,United States,701820,Glass microspheres not exceeding 1 mm in diameter,4072602.0
202608,502,United States,701890,"Glass eyes (excluding prosthetic articles); articles of glass beads, or of imitation pearls, imitation precious or semi-precious stones, statuettes and other ornaments of lamp-worked glass (excluding imitation jewellery)",12322.0
202608,502,United States,701911,"Chopped strands, of a length of not more than 50 mm",9694926.0
202608,502,United States,701912,Rovings,2495084.0
202608,502,United States,701913,"Other yarn, slivers",13603.0
202608,502,United States,701915,Chemically bonded mats,10970.0
202608,502,United States,701919,"Chopped strands, of a length more than 50 mm",372551.0
202608,502,United States,701961,Woven fabrics of glass fibres made from rovings,435092.0
202608,502,United States,701962,"Webs, mattresses, boards and similar nonwoven products, of glass fibres (excluding mats and thin sheets voiles"")""",619554.0
202608,502,United States,701963,"Woven fabrics, incl. narrow fabrics, of glass, Uncoated or laminated",699301.0
202608,502,United States,701964,"Woven fabrics, incl. narrow fabrics, of glass, Coated or laminated",5745806.0
202608,502,United States,701965,"Woven fabrics, incl. narrow fabrics, of glass, of a width of ≤ 30 cm (excluding rovings)",116368.0
202608,502,United States,701969,"Woven fabrics of glass fibres, nes",4579724.0
202608,502,United States,701971,"Thin sheets voiles"" of irregularly laminated glass fibres""",421638.0
202608,502,United States,701972,Other compact fabrics,2552269.0
202608,502,United States,701973,Other mesh fabrics,15431.0
202608,502,United States,701980,Glass wool and articles,5067630.0
202608,502,United States,701990,"Glass fibres, incl. glass wool, and articles thereof (excluding staple fibres, rovings, yarn, chopped strands, woven fabrics, incl. narrow fabrics, thin sheets voiles"", webs, mats, mattresses and boards and similar nonwoven products, mineral wool and articles thereof, electrical insulators or parts thereof, optical fibres, fibre bundles or cable, brushes of glass fibres, and dolls' wigs)""",36461599.0
202608,502,United States,702000,Other articles of glass,23662212.0
202608,502,United States,710310,"Precious stones and semi-precious stones, unworked or simply sawn or roughly shaped, whether or not graded (excluding diamonds and imitation precious stones and semi-precious stones)",746942.0
202608,502,United States,710399,"Precious and semi-precious stones, worked, whether or not graded, but not strung, mounted or set, precious and semi-precious stones, worked, ungraded, temporarily strung for convenience of transport (excluding precious and semi-precious stones, simply sawn or roughly shaped, diamonds, rubies, sapphires and emeralds, imitation precious stones and semi-precious stones)",548.0
202608,502,United States,710491,"Diamonds, further worked",29271.0
202608,502,United States,710499,"Syn/reconstr prec/semi-prec stones, furthr workd, for technical use",21913.0
202608,502,United States,710510,"Dust and powder of diamonds, incl. synthetic diamonds",435991.0
202608,502,United States,710610,"Powder of silver, incl. silver plated with gold or platinum",91090560.0
202608,502,United States,710691,"Silver, incl. silver plated with gold or platinum, unwrought (excluding silver in powder form)",92248487.0
202608,502,United States,710692,"Silver, incl. silver plated with gold or platinum, semi-manufactured",3606640.0
202608,502,United States,710700,"Base metals clad with silver, not further worked than semimanufactured.",1064383.0
202608,502,United States,710813,"Gold, incl. gold plated with platinum, in semi-manufactured forms, for non-monetary purposes",1882811.0
202608,502,United States,711019,"Platinum, in semi-manufactured forms",1821392.0
202608,502,United States,711021,"Palladium, unwrought or in powder form",1481609.0
202608,502,United States,711029,Palladium in semi-manufactured forms,4357844.0
202608,502,United States,711041,"Iridium, osmium and ruthenium, unwrought or in powder form",3213.0
202608,502,United States,711311,"Articles of jewellery and parts thereof, of silver, whether or not plated or clad with other precious metal (excluding articles ＞ 100 years old)",6292123.0
202608,502,United States,711319,"Articles of jewellery and parts thereof, of precious metal other than silver, whether or not plated or clad with precious metal (excluding articles ＞ 100 years old)",115273873.0
202608,502,United States,711320,"Articles of jewellery and parts thereof, of base metal clad with precious metal (excluding articles ＞ 100 years old)",30018.0
202608,502,United States,711411,"Articles of goldsmiths' or silversmiths' wares or parts thereof, of silver, whether or not plated or clad with other precious metal (excluding jewellery, watch-and clockmakers' wares, musical instruments, weapons, perfume atomizers and heads for these, original sculptures or statuary, collectors' pieces and antiques)",8065.0
202608,502,United States,711420,"Articles of goldsmiths' or silversmiths' wares and parts thereof, of base metal clad with precious metal (excluding jewellery, watch-and clockmakers' wares, musical instruments, weapons, perfume atomizers and heads for these, original sculptures or statuary, collectors' pieces and antiques)",37056.0
202608,502,United States,711590,"Articles of precious metal or of metal clad with precious metal, n.e.s.",11780106.0
202608,502,United States,711610,"Articles of natural or cultured pearls, n.e.s.",20363.0
202608,502,United States,711620,"Articles of precious or semi-precious stones natural, synthetic or reconstructed"", n.e.s.""",1321859.0
202608,502,United States,711711,"Cuff links and studs, of base metal, whether or not clad with silver, gold or platinum",1694.0
202608,502,United States,711719,"Imitation jewellery, of base metal, whether or not plated with precious metal (excluding cuff links and studs)",500446.0
202608,502,United States,711790,"Imitation jewellery (excluding jewellery, of base metal, whether or not clad with silver, gold or platinum)",67667.0
202608,502,United States,711810,"Coin (other than gold coin), not being legal tender",2586.0
202608,502,United States,720229,"Ferro-silicon, containing by weight ≤ 55% silicon",308158.0
202608,502,United States,720299,"Ferro-alloys (excluding ferro-manganese, ferro-silicon, ferro-silico-manganese, ferro-chromium, ferro-silico-chromium, ferro-nickel, ferro-molybdenum, ferro-tungsten, ferro-silico-tungsten, ferro-titanium, ferro-silico-titanium, ferro-vanadium and ferro-niobium)",4806231.0
202608,502,United States,720429,"Waste and scrap of alloy steel (excluding stainless steel, and waste and scrap, radioactive, or waste and scrap from batteries and electric accumulators)",1643231.0
202608,502,United States,720510,"Granules, of pig iron, spiegeleisen, iron or steel (excluding granules of ferro-alloys, turnings and filings of iron or steel, certain small calibre items, defective balls for ball-bearings)",302447.0
202608,502,United States,720521,"Powders, of alloy steel (excluding powders of ferro-alloys and radioactive iron powders isotopes"")""",6868638.0
202608,502,United States,720529,"Powders, of pig iron, spiegeleisen, iron or non-alloy steel (excluding powders of ferro-alloys and radioactive iron powders isotopes"")""",2290538.0
202608,502,United States,720839,"Flat-rolled products of iron or non-alloy steel, of a width of ≥ 600 mm, in coils, simply hot-rolled, not clad, plated or coated, of a thickness of ＜ 3 mm, not pickled, without patterns in relief",44753.0
202608,502,United States,720851,"Flat-rolled products of iron or non-alloy steel, of a width ≥ 600 mm, not in coils, simply hot-rolled, not clad, plated or coated, of a thickness of ＞ 10 mm, without patterns in relief",15754.0
202608,502,United States,720852,"Flat-rolled products of iron or non-alloy steel, of a width of ≥ 600 mm, not in coils, simply hot-rolled, not clad, plated or coated, of a thickness of ≥ 4,75 mm but ≤ 10 mm, without patterns in relief",3158.0
202608,502,United States,720854,"Flat-rolled products of iron or non-alloy steel, of a width of ≥ 600 mm, not in coils, simply hot-rolled, not clad, plated or coated, of a thickness of ＜ 3 mm, without patterns in relief",621.0
202608,502,United States,720917,"Flat-rolled products of iron or non-alloy steel, of a width of ≥ 600 mm, in coils, simply cold-rolled cold-reduced"", not clad, plated or coated, 0.5mm≤thk＜15mm""",51952.0
202608,502,United States,720926,"Flat-rolled products of iron or non-alloy steel, of a width of ≥ 600 mm, not in coils, simply cold-rolled cold-reduced"", not clad, plated or coated, of a thickness of ＞ 1 mm but ＜ 3 mm""",1377.0
202608,502,United States,721030,"Flat-rolled products of iron or non-alloy steel, of a width of ≥ 600 mm, hot-rolled or cold-rolled cold-reduced"", electrolytically plated or coated with zinc""",45787.0
202608,502,United States,721049,"Flat-rolled products of iron or non-alloy steel, of a width of ≥ 600 mm, hot-rolled or cold-rolled cold-reduced"", not corrugated, plated or coated with zinc (excluding electrolytically plated or coated with zinc)""",565178.0
202608,502,United States,721070,"Flat products of iron or non-alloy steel, of a width of ≥ 600 mm, hot-rolled or cold-rolled cold-reduced"", painted, varnished or coated with plastics""",344.0
202608,502,United States,721090,"Flat-rolled products of iron or non-alloy steel, of a width of ≥ 600 mm, hot-rolled or cold-rolled cold-reduced"", clad, plated or coated (excluding tinned, plated or coated with lead, zinc, chromium oxides, chromium and chromium oxides, or aluminium, painted, varnished or coated with plastics)""",15966307.0
202608,502,United States,721113,"Flat-rolled products of iron or non-alloy steel, simply hot-rolled on four faces or in a closed box pass, not clad, plated or coated, of a width of ＞ 150 mm but ＜ 600 mm and a thickness of ≥ 4 mm, not in coils, without patterns in relief, commonly known as wide flats""""",5059.0
202608,502,United States,721114,"Flat-rolled products of iron or non-alloy steel, of a width ＜ 600 mm, not further worked than hot-rolled, not clad, plated or coated, of a thickness of ≥ 4,75 mm (excluding wide flats"")""",89296.0
202608,502,United States,721119,"Flat-rolled products of iron or non-alloy steel, of a width ＜ 600 mm, simply hot-rolled, not clad, plated or coated, of a thickness ＜ 4,75 mm (excluding wide flats"")""",613050.0
202608,502,United States,721123,"Flat-rolled products of iron or non-alloy steel, of a width of ＜ 600 mm, simply cold-rolled cold-reduced"", not clad, plated or coated, containing by weight ＜ 0,25% of carbon""",331769.0
202608,502,United States,721190,"Flat-rolled products of iron or non-alloy steel, of a width of ＜ 600 mm, hot-rolled or cold-rolled cold-reduced"" and further worked, but not clad, plated or coated""",14832.0
202608,502,United States,721210,"Flat-rolled products of iron or non-alloy steel, of a width of ＜ 600 mm, hot-rolled or cold-rolled cold-reduced"", tinned""",113002.0
202608,502,United States,721220,"Flat-rolled products of iron or non-alloy steel, of a width of ＜ 600 mm, hot-rolled or cold-rolled cold-reduced"", electrolytically plated or coated with zinc""",48372.0
202608,502,United States,721230,"Flat-rolled products of iron or non-alloy steel, of a width of ＜ 600 mm, hot-rolled or cold-rolled cold-reduced"", tinned (excluding electrolytically plated or coated with zinc)""",1774669.0
202608,502,United States,721240,"Flat-rolled products of iron or non-alloy steel, of a width of ＜ 600 mm, hot-rolled or cold-rolled cold-reduced"", painted, varnished or coated with plastics""",692530.0
202608,502,United States,721250,"Flat-rolled products of iron or non-alloy steel, of a width of ＜ 600 mm, hot-rolled or cold-rolled cold-reduced"", plated or coated (excluding tinned, plated or coated with zinc, painted, varnished or coated with plastics)""",1377609.0
202608,502,United States,721260,"Flat-rolled products of iron or non-alloy steel, of a width of ＜ 600 mm, hot-rolled or cold-rolled cold-reduced"", clad""",3635320.0
202608,502,United States,721391,"Bars and rods, hot-rolled, in irregularly wound coils, of iron or non-alloy steel, of circular cross-section measuring ＜ 14mm in diameter (excluding bars and rods of free-cutting steel, and bars and rods with indentations, ribs, grooves or other deformations produced during the rolling process)",2115.0
202608,502,United States,721499,"Bars and rods, of iron or non-alloy steel, only hot-rolled, only hot-drawn or only hot-extruded (excluding of rectangular [other than square] cross-section and those containing indentations, ribs, grooves or other deformations produced during the rolling process, and of non-alloy free-cutting steel)",30773.0
202608,502,United States,721510,"Bars and rods, of non-alloy free-cutting steel, not further worked than cold-formed or cold-finished",103197.0
202608,502,United States,721550,"Bars and rods, of iron or non-alloy steel, not further worked than cold-formed or cold-finished (excluding of free-cutting steel)",126438.0
202608,502,United States,721590,"Bars or rods, of iron or non-alloy steel, cold-formed or cold-finished and further worked or hot-formed and further worked, n.e.s.",113557.0
202608,502,United States,721621,"L sections of iron or non-alloy steel, not further worked than hot-rolled, hot-drawn or extruded, of a height of ＜ 80 mm",91621.0
202608,502,United States,721640,"L sections of iron or non-alloy steel, not further worked than hot-rolled, hot-drawn or hot-extruded, of a height ≥ 80 mm",27715.0
202608,502,United States,721669,"Angles, shapes and sections, of iron or non-alloy steel, not further worked than cold-formed or cold-finished (excluding profiled sheet)",35661.0
202608,502,United States,721699,"Angles, shapes and sections, of iron or non-alloy steel, cold-formed or cold-finished and further worked, or hot-forged, or hot-formed by other means and further worked, n.e.s. (excluding from flat-rolled products)",832.0
202608,502,United States,721710,"Wire of iron or non-alloy steel, in coils, not plated or coated, whether or not polished (excluding bars and rods)",405240.0
202608,502,United States,721730,"Wire of iron or non-alloy steel, in coils, plated or coated with base metals (excluding plated or coated with zinc, and bars and rods)",90649.0
202608,502,United States,721810,"Steel, stainless, in ingots and other primary forms (excluding waste and scrap in ingot form, and products obtained by continuous casting)",61667.0
202608,502,United States,721899,Semi-finished products of stainless steel (excluding of rectangular [other than square] cross-section),359.0
202608,502,United States,721921,"Flat-rolled products of stainless steel, of a width of ≥ 600 mm, not further worked than hot-rolled, not in coils, of a thickness of ＞ 10 mm",5498274.0
202608,502,United States,721922,"Flat-rolled products of stainless steel, of a width of ≥ 600 mm, not further worked than hot-rolled, not in coils, of a thickness of ≥ 4,75 mm and ≤ 10 mm",696198.0
202608,502,United States,721923,"Flat-rolled products of stainless steel, of a width of ≥ 600 mm, not further worked than hot-rolled, not in coils, of a thickness of ≥ 3 mm and ＜ 4,75 mm",3186997.0
202608,502,United States,721924,"Flat-rolled products of stainless steel, of a width of ≥ 600 mm, not further worked than hot-rolled, not in coils, of a thickness of ＜ 3 mm",18791.0
202608,502,United States,721931,"Flat-rolled products of stainless steel, of a width of ≥ 600 mm, not further worked than cold-rolled cold-reduced"", of a thickness of ≥ 4,75 mm""",26013.0
202608,502,United States,721932,"Flat-rolled products of stainless steel, of a width of ≥ 600 mm, not further worked than cold-rolled cold-reduced"", of a thickness of ≥ 3 mm but ＜ 4,75 mm""",29084.0
202608,502,United States,721933,"Flat-rolled products of stainless steel, of a width of ≥ 600 mm, not further worked than cold-rolled cold-reduced"", of a thickness of ＞ 1 mm but ＜ 3 mm""",749392.0
202608,502,United States,721934,"Flat-rolled products of stainless steel, of a width of ≥ 600 mm, not further worked than cold-rolled cold-reduced"", of a thickness of ≥ 0,5 mm but ≤ 1 mm""",3679588.0
202608,502,United States,721935,"Flat-rolled products of stainless steel, of a width of ≥ 600 mm, not further worked than cold-rolled cold-reduced"", of a thickness of ＜ 0,5 mm""",291991.0
202608,502,United States,721990,"Flat-rolled products of stainless steel, of a width of ≥ 600 mm, hot-rolled or cold-rolled cold-reduced"" and further worked""",1504958.0
202608,502,United States,722011,"Flat-rolled products of stainless steel, of a width of ＜ 600 mm, not further worked than hot-rolled, of a thickness of ≥ 4,75 mm",89842.0
202608,502,United States,722012,"Flat-rolled products of stainless steel, of a width of ＜ 600 mm, not further worked than hot-rolled, of a thickness of ＜ 4,75 mm",8767.0
202608,502,United States,722020,"Flat-rolled products of stainless steel, of a width of ＜ 600 mm, not further worked than cold-rolled cold-reduced""""",2099296.0
202608,502,United States,722090,"Flat-rolled products of stainless steel, of a width of ＜ 600 mm, hot-rolled or cold-rolled cold-reduced"" and further worked""",977636.0
202608,502,United States,722211,"Bars and rods of stainless steel, only hot-rolled, only hot-drawn or only hot-extruded, of circular cross-section",12428898.0
202608,502,United States,722219,"Bars and rods of stainless steel, only hot-rolled, only hot-drawn or only extruded (excluding of circular cross-section)",7239.0
202608,502,United States,722220,"Other bars and rods of stainless steel, not further worked than cold-formed or cold-finished",47387474.0
202608,502,United States,722230,"Other bars and rods of stainless steel, cold-formed or cold-finished and further worked, or not further worked than forged, or forged, or hot-formed by other means and further worked, n.e.s.",588820.0
202608,502,United States,722240,"Angles, shapes and sections of stainless steel, n.e.s.",1545393.0
202608,502,United States,722300,Wire of stainless steel,5440233.0
202608,502,United States,722519,"Flat-rolled products of silicon-electrical steel, of a width of ≥ 600 mm, non-grain-oriented",570338.0
202608,502,United States,722530,"Flat-rolled products of high-speed steel, of a width of ≥ 600 mm, hot-rolled or cold-rolled cold-reduced""""",72107.0
202608,502,United States,722540,"Flat-rolled products of alloy steel other than stainless, of a width of ≥ 600 mm, not further worked than hot-rolled, in coils (excluding products of silicon-electrical steel)",367790.0
202608,502,United States,722550,"Flat-rolled products of alloy steel other than stainless, of a width of ≥ 600 mm, not further worked than hot-rolled, not in coils (excluding products of silicon-electrical steel)",310117.0
202608,502,United States,722591,"Flat-rolled products of alloy steel other than stainless, of a width of ≥ 600 mm, not further worked than cold-rolled cold-reduced"" (excluding products of silicon-electrical steel)""",50254.0
202608,502,United States,722592,"Flat-rolled products of alloy steel other than stainless, of a width of ≥ 600 mm, hot-rolled or cold-rolled cold-reduced"" and electrolytically plated or coated with zinc (excluding products of silicon-electrical steel)""",432171.0
202608,502,United States,722599,"Flat-rolled products of alloy steel other than stainless, of a width of ≥ 600 mm, hot-rolled or cold-rolled cold-reduced"" and plated or coated with zinc (excluding electrolytically plated or coated and products of silicon-electrical steel)""",56575.0
202608,502,United States,722691,"Flat-rolled products of alloy steel other than stainless, of a width of ＜ 600 mm, not further worked than hot-rolled (excluding products of high-speed steel or silicon-electrical steel)",364422.0
202608,502,United States,722692,"Flat-rolled products of alloy steel other than stainless, of a width of ＜ 600 mm, not further worked than cold-rolled cold-reduced"" (excluding products of high-speed steel or silicon-electrical steel)""",209278.0
202608,502,United States,722699,"Flat-rolled products of alloy steel other than stainless, of a width of ＜ 600 mm, hot-rolled or cold-rolled cold-reduced"" and further worked (excluding products of high-speed steel or silicon-electrical steel)""",2732050.0
202608,502,United States,722810,"Other bars and rods, of high speed steel",74617.0
202608,502,United States,722830,"Other bars and rods of alloy steel, not further worked than hotrolled, hotdrawn or extruded",9193392.0
202608,502,United States,722840,"Other bars and rods of alloy steel, not further worked than forged",20651955.0
202608,502,United States,722850,"Other bars and rods of alloy steel, not further worked than coldformed or coldfinished",482566.0
202608,502,United States,722860,Other bars and rods of alloy steel,9535.0
202608,502,United States,722870,"Angles, shapes and sections of alloy steel",4214.0
202608,502,United States,722920,Ware of silicomanganese steel,36671.0
202608,502,United States,722990,Wire of other alloy steel,37164.0
202608,502,United States,730120,"Angles, shapes and sections",325306.0
202608,502,United States,730300,"Tubes, pipes and hollow profiles, of cast iron.",72973.0
202608,502,United States,730419,"Line pipe of a kind used for oil or gas pipelines, seamless, of iron or steel (excluding products of stainless steel or of cast iron)",6285396.0
202608,502,United States,730431,"Tubes, pipes and hollow profiles, seamless, of circular cross-section, of iron or non-alloy steel, cold-drawn or cold-rolled cold-reduced"" (excluding cast iron products and line pipe of a kind used for oil or gas pipelines or casing and tubing of a kind used for drilling for oil or gas)""",326669.0
202608,502,United States,730441,"Tubes, pipes and hollow profiles, seamless, of circular cross-section, of stainless steel, cold-drawn or cold-rolled cold-reduced"" (excluding line pipe of a kind used for oil or gas pipelines, casing and tubing of a kind used for drilling for oil or gas)""",5812044.0
202608,502,United States,730449,"Tubes, pipes and hollow profiles, seamless, of circular cross-section, of stainless steel, not cold-drawn or cold-rolled cold-reduced"" (excluding line pipe of a kind used for oil or gas pipelines or of a kind used for drilling for oil or gas)""",371208.0
202608,502,United States,730451,"Tubes, pipes and hollow profiles, seamless, of circular cross-section, of alloy steel other than stainless, cold-drawn or cold-rolled cold-reduced"" (excluding line pipe of a kind used for oil or gas pipelines, casing and tubing of a kind used for drilling for oil)""",102158.0
202608,502,United States,730459,"Tubes, pipes and hollow profiles, seamless, of circular cross-section, of alloy steel other than stainless, not cold-drawn or cold-rolled cold-reduced"" (excluding line pipe of a kind used for oil or gas pipelines, casing and tubing of a kind used for drilling for oil)""",45996.0
202608,502,United States,730490,"Tubes, pipes and hollow profiles, seamless, of non-circular cross-section, of iron or steel (excluding products of cast iron)",54303.0
202608,502,United States,730630,"Tubes, pipes and hollow profiles, welded, of circular cross-section, of iron or non-alloy steel (excluding products having internal and external circular cross-sections and an external diameter of ＞ 406,4 mm, or line pipe of a kind used for oil or gas pipelines or casing and tubing of a kind used in drilling for oil or gas)",58779.0
202608,502,United States,730640,"Tubes, pipes and hollow profiles, welded, of circular cross-section, of stainless steel (excluding products having internal and external circular cross-sections and an external diameter of ＞ 406,4 mm, and products of a kind used for oil or gas pipelines or of a kind used in drilling for oil or gas)",2783712.0
202608,502,United States,730650,"Tubes, pipes and hollow profiles, welded, of circular cross-section, of alloy steel other than stainless (excluding tubes and pipes having internal and external circular cross-sections and an external diameter of ＞ 406,4 mm, and line pipe of a kind used for oil or gas pipelines or casing and tubing of a kind used in drilling for oil or gas)",105682.0
202608,502,United States,730661,"Tubes, pipes and hollow profiles, welded, having a non-circular cross-section, of iron or steel (excluding seamless, and line pipe of a kind used for oil or gas pipelines or casing and tubing of a kind used in drilling for oil or gas)",254825.0
202608,502,United States,730690,"Tubes, pipes and hollow profiles, welded, of non-circular cross-section, of iron or steel (excluding tubes and pipes having internal and external circular cross-sections and an external diameter of ＞ 406,4 mm, line pipe of a kind used for oil or gas pipelines or casing and tubing of a kind used in drilling for oil or gas, and tubes and pipes and hollow profiles of square or rectangular cross-section)",63793.0
202608,502,United States,730711,Tube or pipe fittings of non-malleable cast iron,1773618.0
202608,502,United States,730719,Cast tube or pipe fittings of iron or steel (excluding products of non-malleable cast iron),2645065.0
202608,502,United States,730721,Flanges of stainless steel (excluding cast products),2417879.0
202608,502,United States,730722,"Threaded elbows, bends and sleeves of stainless steel (excluding cast products)",3176380.0
202608,502,United States,730723,Butt welding tube or pipe fittings of stainless steel (excluding cast products),259143.0
202608,502,United States,730729,"Tube or pipe fittings of stainless steel (excluding cast products, flanges, threaded elbows, bends and sleeves and butt weldings fittings)",76328167.0
202608,502,United States,730791,Flanges of iron or steel (excluding cast or stainless products),1111234.0
202608,502,United States,730792,"Threaded elbows, bends and sleeves, of stainless steel (excluding cast or stainless products)",1417035.0
202608,502,United States,730793,"Butt welding fittings of iron or steel (excluding cast iron or stainless steel products, and flanges)",571723.0
202608,502,United States,730799,"Tube or pipe fittings, of iron or steel (excluding cast iron or stainless steel products; flanges; threaded elbows, bends and sleeves; butt welding fittings)",11864904.0
202608,502,United States,730830,"Doors, windows and their frames and thresholds for doors, of iron or steel",444240.0
202608,502,United States,730840,"Equipment for scaffolding, shuttering, propping or pit-propping (excluding composite sheetpiling products and formwork panels for poured-in-place concrete, which have the characteristics of moulds)",1983.0
202608,502,United States,730890,"Structures and parts of structures, of iron or steel, n.e.s. (excluding bridges and bridge-sections, towers and lattice masts, doors and windows and their frames, thresholds for doors, props and similar equipment for scaffolding, shuttering, propping or pit-propping)",14144437.0
202608,502,United States,730900,"eservoirs, tanks, vats and similar containers for any material (other than compressed or liquefied gas), of iron or steel, of a capacity exceeding 300 l, whether or not lined or heatinsulated, but not fitted with mechanical or thermal equipment.",946160.0
202608,502,United States,731010,"Tanks, casks, drums, cans, boxes and similar containers, of iron or steel, for any material, of a capacity of ≥ 50 l but ≤ 300 l, n.e.s. (excluding containers for compressed or liquefied gas, or containers fitted with mechanical or thermal equipment)",37983.0
202608,502,United States,731021,"Cans of iron or steel, of a capacity of ＜ 50 l, which are to be closed by soldering or crimping (excluding containers for compressed or liquefied gas)",4996914.0
202608,502,United States,731029,"Tanks, casks, drums, cans, boxes and similar containers, of iron or steel, for any material, of a capacity of ＜ 50 l, n.e.s. (excluding containers for compressed or liquefied gas, or containers fitted with mechanical or thermal equipment, and cans which are to be closed by soldering or crimping)",1265525.0
202608,502,United States,731100,"Containers for compressed or liquefied gas, of iron or steel.",8872019.0
202608,502,United States,731210,"Stranded wire, ropes and cables",7802466.0
202608,502,United States,731290,"Plaited bands, slings and the like, of iron or steel (excluding electrically insulated products)",27519901.0
202608,502,United States,731412,"Endless bands for machinery, of stainless steel",2353.0
202608,502,United States,731414,"Other woven cloth, of stainless steel",3249734.0
202608,502,United States,731419,"Woven cloth, incl. endless bands, of iron or steel wire (excluding stainless and woven products of metal fibres of a kind used for cladding, lining or similar purposes)",6315.0
202608,502,United States,731439,"Grill, netting and fencing, of iron or steel wire, welded at the intersection (excluding products of wire with a maximum cross-sectional dimension of ≥ 3 mm and having a mesh size of ≥ 100 cm2, and grill, netting and fencing plated or coated with zinc)",264288.0
202608,502,United States,731441,"Grill, netting and fencing, of iron or steel wire, not welded at the intersection, plated or coated with zinc",6397.0
202608,502,United States,731449,"Grill, netting and fencing, of iron or steel wire, not welded at the intersection (excluding plated or coated with zinc or coated with plastics)",780266.0
202608,502,United States,731450,"Expanded metal, of iron or steel",206624.0
202608,502,United States,731511,Roller chain of iron or steel,1216714.0
202608,502,United States,731512,Articulated link chain of iron or steel (excluding roller chain),3367615.0
202608,502,United States,731519,"Parts of articulated link chain, of iron or steel",3957441.0
202608,502,United States,731581,Stud-link of iron or steel,156316.0
202608,502,United States,731582,"Welded link chain of iron or steel (excluding articulated link chain, skid chain and stud-link chain)",19540.0
202608,502,United States,731589,"Chain of iron or steel (excluding articulated link chain, skid chain, stud-link chain, welded link chain and parts thereof; watch chains, necklace chains and the like, cutting and saw chain, skid chain, scraper chain for conveyors, toothed chain for textile machinery and the like, safety devices with chains for securing doors, and measuring chains)",117963.0
202608,502,United States,731590,"Parts of skid chain, stud-link chain and other chains of heading 7315 (excluding articulated link chain)",52063.0
202608,502,United States,731600,"Anchors, grapnels and parts thereof, of iron or steel.",8184.0
202608,502,United States,731700,"Nails, tacks, drawing pins, corrugated nails, staples (other than those of heading 83.05) and similar articles, of iron or steel, whether or not with heads of other material, but excluding such articles with heads of copper.",673380.0
202608,502,United States,731811,Coach screws,30704.0
202608,502,United States,731812,Other wood screws,14727.0
202608,502,United States,731813,Screw hooks and screw rings,393386.0
202608,502,United States,731814,Selftapping screws,613299.0
202608,502,United States,731815,"Other screws and bolts, whether or not with their nuts or washers",81843747.0
202608,502,United States,731816,Nuts,83282005.0
202608,502,United States,731819,"Threaded articles, of iron or steel, nes",9443656.0
202608,502,United States,731821,Spring washers and other lock washers,4652705.0
202608,502,United States,731822,Other washers,41551400.0
202608,502,United States,731823,Rivets,11310945.0
202608,502,United States,731824,Cotters and cotterpins,20840452.0
202608,502,United States,731829,"Non-threaded articles, of iron or steel",14267655.0
202608,502,United States,731940,"Safety pins and other pins of iron or steel, n.e.s.",160853.0
202608,502,United States,731990,"Knitting needles, bodkins, crochet hooks, embroidery stilettos and similar articles, for use in the hand, of iron or steel",154317.0
202608,502,United States,732010,Leafsprings and leaves therefor of steel,4115954.0
202608,502,United States,732020,Helical springs of steel,25938818.0
202608,502,United States,732090,"Springs and leaves for springs, of iron or steel, incl. flat spiral springs (excluding helical springs, spiral springs, leaf-springs and leaves therefor, clock and watch springs, spring washers and other lock washers and shock absorbers and torque rod or torsion bar springs of Section 17)",4827390.0
202608,502,United States,732111,"Appliances for baking, frying, grilling and cooking and plate warmers, for domestic use, of iron or steel, for gas fuel or for both gas and other fuels (excluding large cooking appliances)",7982.0
202608,502,United States,732112,"Appliances for baking, frying, grilling and cooking and plate warmers, for domestic use, of iron or steel, for liquid fuel (excluding large cooking appliances)",31800.0
202608,502,United States,732119,"Appliances for baking, frying, grilling and cooking and plate warmers, for domestic use, of iron or steel, for solid fuel or other non-electric source of energy (excluding liquid or gaseous fuel, and large cooking appliances)",149169.0
202608,502,United States,732181,"Stoves, heaters, grates, fires, wash boilers, braziers and similar appliances, of iron or steel, for gas fuel or for both gas and other fuels (excluding cooking appliances, whether or not with oven, separate ovens, plate warmers, central heating boilers, geysers and hot water cylinders and large cooking appliances)",7748.0
202608,502,United States,732189,"Stoves, heaters, grates, fires, wash boilers, braziers and similar domestic appliances, of iron or steel, for solid fuel or other non-electricsource of energy (excluding liquid or gaseous fuel, and cooking appliances, whether or not with oven, separate ovens, plate warmers, central heating boilers, hot water cylinders and large cooking appliances)",1783.0
202608,502,United States,732190,"Parts of domestic appliances non-electrically heated of heading 7321, n.e.s.",138517.0
202608,502,United States,732290,"Air heaters and hot-air distributors, incl. distributors which can also distribute fresh or conditioned air, non-electrically heated, incorporating a motor-driven fan or blower, and parts thereof, of iron or steel",1206805.0
202608,502,United States,732310,"Iron or steel wool; pot scourers and scouring or polishing pads, gloves and the like",2270.0
202608,502,United States,732391,"Table, kitchen or other household articles, and parts thereof, of cast iron, not enamelled (excluding cans, boxes and similar containers of heading 7310; waste baskets; shovels, corkscrews and other articles of the nature of a work implement; articles of cutlery, spoons, ladles, forks etc. of heading 8211 to 8215; ornamental articles; sanitary ware)",214777.0
202608,502,United States,732392,"Table, kitchen or other household articles, and parts thereof, of cast iron, enamelled (excluding cans, boxes and similar containers of heading 7310; waste baskets; shovels, corkscrews and other articles of the nature of a work implement; articles of cutlery, spoons, ladles, forks etc. of heading 8211 to 8215; ornamental articles; sanitary ware)",4207.0
202608,502,United States,732393,"Table, kitchen or other household articles, and parts thereof, of stainless steel (excluding cans, boxes and similar containers of heading 7310; waste baskets; shovels, corkscrews and other articles of the nature of a work implement; articles of cutlery, spoons, ladles, forks etc. of heading 8211 to 8215; ornamental articles; sanitary ware)",111294.0
202608,502,United States,732399,"Table, kitchen or other household articles, and parts thereof, of iron other than cast iron or steel other than stainless (excluding enamelled articles; cans, boxes and similar containers of heading 7310; waste baskets; shovels and other articles of the nature of a work implement; cutlery, spoons, ladles etc. of heading 8211 to 8215; ornamental articles; sanitary ware)",67700.0
202608,502,United States,732410,"Sinks and washbasins, of stainless steel",9243.0
202608,502,United States,732490,"Sanitary ware, incl. parts thereof (excluding cans, boxes and similar containers of heading 7310, small wall cabinets for medical supplies or toiletries and other furniture of chapter 94, and fittings, complete sinks and washbasins, of stainless steel, complete baths and fittings)",4071991.0
202608,502,United States,732510,"Articles of non-malleable cast iron, n.e.s.",4637181.0
202608,502,United States,732591,"Grinding balls and similar articles for mills, cast (excluding such articles of non-malleable cast iron)",3599.0
202608,502,United States,732599,"Cast articles of iron or steel, n.e.s. (excluding articles of non-malleable cast iron, and grinding balls and similar articles for mills)",2087598.0
202608,502,United States,732611,"Grinding balls and similar articles for mills, of iron or steel, forged or stamped, but not further worked",46.0
202608,502,United States,732619,"Articles of iron or steel, forged or stamped, but not further worked, n.e.s. (excluding grinding balls and similar articles for mills)",9932798.0
202608,502,United States,732620,"Articles of iron or steel wire, n.e.s.",1034913.0
202608,502,United States,732690,"Articles of iron or steel, n.e.s. (excluding cast articles or articles of iron or steel wire)",164472187.0
202608,502,United States,740319,"Other refined copper,unwrought",37840.0
202608,502,United States,740322,Coppertinbasealloys(bronze),13116.0
202608,502,United States,740329,Othercopperalloys(otherthanmasteralloysofheading74.05),2360471.0
202608,502,United States,740400,Copper waste and scrap.,155957247.0
202608,502,United States,740610,Powders of nonlamellar structure,3391589.0
202608,502,United States,740620,Powders of lamellar structure; flakes,1308447.0
202608,502,United States,740710,"Bars, rods and profiles, of refined copper, n.e.s.",703759.0
202608,502,United States,740721,"Bars, rods and profiles, of copper-zinc base alloys brass"", n.e.s.""",35287.0
202608,502,United States,740729,"Bars, rods and profiles of copper alloys, n.e.s. (excluding such articles of copper-zinc base alloys brass"")""",11047808.0
202608,502,United States,740811,"Wire of refined copper, of which the maximum crosssectional dimension exceeds 6 mm",163.0
202608,502,United States,740819,"Wire of refined copper, other",1441018.0
202608,502,United States,740821,Wire of copper-zinc base alloys (brass),208487.0
202608,502,United States,740822,"Wire of copper-nickel alloys (cupro-nickel)or copper-nickel-zinc alloys nickel silver""""",90746.0
202608,502,United States,740829,"Wire of copper alloys (other than copper-zinc alloys [brass], copper-nickel alloys [cupro-nickel] or copper-nickel-zinc alloys [nickel silver])",435319.0
202608,502,United States,740911,"Plates, sheets and strip, of refined copper, in coils, of a thickness of ＞ 0,15 mm",1748942.0
202608,502,United States,740919,"Plates, sheets and strip, of refined copper, not in coils, of a thickness of ＞ 0,15 mm",533676.0
202608,502,United States,740921,"Plates, sheets and strip, of copper-zinc base alloys brass"", of a thickness of ＞ 0,15 mm, in coils""",31139.0
202608,502,United States,740929,"Plates, sheets and strip, of copper-zinc base alloys brass"", of a thickness of ＞ 0,15 mm, not in coils""",10215.0
202608,502,United States,740939,"Plates, sheets and strip, of copper-tin base alloys bronze"", of a thickness of ＞ 0,15 mm, not in coils""",94358.0
202608,502,United States,740940,"Plates, sheets and strip, of copper-nickel base alloys cupro-nickel"" or copper-nickel-zinc base alloys ""nickel silver"", of a thickness of ＞ 0,15 mm, not in coils""",1015984.0
202608,502,United States,740990,"Plates, sheets and strip, of copper alloys, of a thickness of ＞ 0,15 mm, other",7168172.0
202608,502,United States,741011,"Refined copper foil, not backed, of a thickness of ≤ 0,15 mm",28560042.0
202608,502,United States,741012,"Copper alloy foil, not backed, of a thickness of ≤ 0,15 mm",3500754.0
202608,502,United States,741021,"Refined copper foil, backed, of a thickness excluding any backing"" of ≤ 0,15 mm""",19097660.0
202608,502,United States,741022,"Copper alloy foil, backed, of a thickness excluding any backing"" of ≤ 0,15 mm""",131287.0
202608,502,United States,741110,Tubes and pipes of refined copper,480851199.0
202608,502,United States,741121,"Tubes and pipes of copper-zinc base alloys brass""""",520.0
202608,502,United States,741129,"Tubes and pipes of copper alloys (excluding copper-zinc base alloys brass"", copper-nickel base alloys ""cupro-nickel"" and copper-nickel-zinc base alloys ""nickel silver"")""",229751.0
202608,502,United States,741210,"Refined copper tube or pipe fittings e.g., couplings, elbows, sleeves""""",125346.0
202608,502,United States,741220,"Copper alloy tube or pipe fittings e.g., couplings, elbows, sleeves""""",5929285.0
202608,502,United States,741300,"Stranded wire, cables, plaited bands and the like, of copper, not electrically insulated.",2898988.0
202608,502,United States,741510,"Nails and tacks, drawing pins, staples and similar articles",57716.0
202608,502,United States,741521,"Washers, incl. spring washers and spring lock washers"", of copper""",1779407.0
202608,502,United States,741529,"Rivets, cotters, cotter pins and the like, not threaded, of copper (excluding spring washers and spring lock washers)",1301621.0
202608,502,United States,741533,"Screws, bolts, nuts and similar articles, threaded, of copper (other than screw hooks, ring- and eyebolts, lag screws, plugs, bungs and the like, with screw thread)",1318554.0
202608,502,United States,741539,"Screw hooks, screw rings and the like, threaded, of copper (excluding standard screws and bolts and nuts)",2013779.0
202608,502,United States,741810,"Table, kitchen or other household articles and parts thereof; pot scourers and scouring or polishing pads, gloves and the like",24199.0
202608,502,United States,741820,Sanitary ware and parts thereof,67914.0
202608,502,United States,741920,"Cast, moulded, stamped or forged copper articles without further processing",4328786.0
202608,502,United States,741980,other copper articles,19115397.0
202608,502,United States,750220,Nickel alloys,2090761.0
202608,502,United States,750400,Nickel powders and flakes.,13120443.0
202608,502,United States,750511,"Bars, rods, profiles and wire, of non-alloy nickel, n.e.s.",172.0
202608,502,United States,750512,"Bars, rods, profiles and wire, of nickel alloys, n.e.s.",67710753.0
202608,502,United States,750521,Wire of non-alloy nickel,624897.0
202608,502,United States,750522,Wire of nickel alloys,5426181.0
202608,502,United States,750610,"Plates, sheets, strip and foil, of non-alloy nickel",121465.0
202608,502,United States,750620,"Plates, sheets, strip and foil, of nickel alloys",30692316.0
202608,502,United States,750712,Tubes and pipes of nickel alloys,22222806.0
202608,502,United States,750720,"Tube or pipe fittings, of nickel",7731462.0
202608,502,United States,750810,"Cloth, grill, netting and fencing, of nickel wire",1425970.0
202608,502,United States,750890,"Articles of nickel, n.e.s.",104662979.0
202608,502,United States,760120,Aluminium alloys,10841.0
202608,502,United States,760200,Aluminium waste and scrap.,218469441.0
202608,502,United States,760310,"Powders of aluminium, of non-lamellar structure",432235.0
202608,502,United States,760410,"Bars, rods and profiles, of non-alloy aluminium, n.e.s.",5254.0
202608,502,United States,760421,"Hollow profiles of aluminium alloys, n.e.s.",6133402.0
202608,502,United States,760429,"Bars, rods and solid profiles, of aluminium alloys, n.e.s.",21475308.0
202608,502,United States,760519,"Wire of non-alloy aluminium, with a maximum cross-sectional dimension of ≤ 7 mm",143696.0
202608,502,United States,760529,"Wire, of aluminium alloys, having a maximum cross-sectional dimension of ≤ 7 mm",144004.0
202608,502,United States,760611,"Plates, sheets and strip, of non-alloy aluminium, of a thickness exceeding 0.2 mm, square or rectangular",817133.0
202608,502,United States,760612,"Plates, sheets and strip, of aluminium alloys, of a thickness exceeding 0.2 mm, square or rectangular",19661926.0
202608,502,United States,760691,"Plates, sheets and strip, of non-alloy aluminium, of a thickness exceeding 0.2 mm",1166.0
202608,502,United States,760692,"Plates, sheets and strip, of aluminium alloys, of a thickness exceeding 0.2 mm , other",35441.0
202608,502,United States,760711,"Aluminium foil, not backed, rolled but not further worked, of a thickness not exceeding 0.2 mm. (excluding stamping foils of heading 3212, and foil made up as christmas tree decorating material)",205323.0
202608,502,United States,760719,"Aluminium foil, not backed, rolled and further worked, of a thickness not exceeding 0.2 mm. (excluding stamping foils of heading 3212, and foil made up as christmas tree decorating material)",1714593.0
202608,502,United States,760720,"Aluminium foil, backed, of a thickness (excluding any backing) not exceeding 0.2 mm.(excluding stamping foils of heading 3212, and foil made up as christmas tree decorating material)",2134689.0
202608,502,United States,760810,Tubes and pipes of non-alloy aluminium,6293.0
202608,502,United States,760820,Tubes and pipes of aluminium alloys,958218.0
202608,502,United States,760900,"Aluminium tube or pipe fittings (for example, couplings, elbows, sleeves).",9089904.0
202608,502,United States,761010,"Doors, windows and their frames and thresholds for doors",5323.0
202608,502,United States,761090,"Structures and parts of structures, of aluminium, n.e.s., and plates, rods, profiles, tubes and the like, prepared for use in structures, of aluminium, n.e.s.",3480883.0
202608,502,United States,761210,"Collapsible tubular containers, of aluminium",2421.0
202608,502,United States,761290,"Casks, drums, cans, boxes and similar containers, incl. rigid tubular containers, of aluminium, for any material (other than compressed or liquefied gas), of a capacity of ≤ 300 l, n.e.s.",2051148.0
202608,502,United States,761300,Aluminium containers for compressed or liquefied gas.,9736772.0
202608,502,United States,761490,"Stranded wires, cables, ropes and similar articles, of aluminium (other than with steel core and electrically insulated products)",552.0
202608,502,United States,761510,"Table, kitchen or other household articles and parts thereof; pot scourers and scouring or polishing pads, gloves and the like",161515.0
202608,502,United States,761520,Sanitary ware and parts thereof,93617.0
202608,502,United States,761610,"Nails, tacks, staples (other than those of heading 83.05), screws, bolts, nuts, screw hooks, rivets, cotters, cotterpins, washers and similar articles",23983354.0
202608,502,United States,761691,"Cloth, grill, netting and fencing, of aluminium wire",1122710.0
202608,502,United States,761699,Unwrought lead (excluding refined lead and lead containing by weight antimony as the principal other element),67291526.0
202608,502,United States,780110,"Unwrought lead, refined",181.0
202608,502,United States,780191,"Unwrought lead, containing by weight antimony as the principal other element",68515.0
202608,502,United States,780411,"Sheets, strip and foil of a thickness (excluding any backing) not exceeding 0.2 mm",524664.0
202608,502,United States,780419,"Lead plates; lead sheets, strip and foil, of a thickness (excluding any backing) exceeding 0,2 mm",3905.0
202608,502,United States,780420,Powders and flakes,98663.0
202608,502,United States,780600,Other articles of lead.,1152287.0
202608,502,United States,790112,"Unwrought zinc, not alloyed, containing by weight less than 99.99% of zinc",2111474.0
202608,502,United States,790120,Unwrought zinc alloys,59014.0
202608,502,United States,790310,Zinc dust,251864.0
202608,502,United States,790400,"Zinc bars, rods, profiles and wire.",9481.0
202608,502,United States,790500,"Zinc plates, sheets, strip and foil.",3193.0
202608,502,United States,790700,Other articles of zinc.,468868.0
202608,502,United States,800110,"Unwrought tin, not alloyed",18367.0
202608,502,United States,800120,"Unwrought tin, alloys",24464.0
202608,502,United States,800300,"Tin bars, rods, profiles and wire.",260121.0
202608,502,United States,800700,Other articles of tin.,557062.0
202608,502,United States,810110,Tungsten powders,291121.0
202608,502,United States,810196,"Tungsten bars and rods (other than those obtained simply by sintering), profiles, plates, sheets, strip and foil, n.e.s.",984325.0
202608,502,United States,810199,Tungsten waste and scrap (excluding ash and residues containing tungsten),2438496.0
202608,502,United States,810295,"Molybdenum bars and rods (other than those obtained simply by sintering), profiles, plates, sheets, strip and foil, n.e.s.",48574.0
202608,502,United States,810299,"Articles of molybdenum, n.e.s.",319140.0
202608,502,United States,810320,"Unwrought tantalum, including bars and rods obtained simply by sintering; powders",2036.0
202608,502,United States,810399,Other wrought tantalum and its products,24620917.0
202608,502,United States,810419,"Unwrought magnesium, containing ＜ 99,8% by weight of magnesium",10553.0
202608,502,United States,810490,"Articles of magnesium, n.e.s.",1576.0
202608,502,United States,810520,Cobalt mattes and other intermediate products of cobalt metallurgy; unwrought cobalt; powders,14066491.0
202608,502,United States,810590,"Articles of cobalt, n.e.s.",34009750.0
202608,502,United States,810690,"Bismuth content of 99% or less by weight Bismuth and its products, including waste and scrap",1062459.0
202608,502,United States,810820,Unwrought titanium; powders,3369773.0
202608,502,United States,810890,"Articles of titanium, nes",216504365.0
202608,502,United States,810991,Wrought zirconium and zirconium products with a hafnium to zirconium ratio of less than 1:500 by weight,399.0
202608,502,United States,810999,Other wrought zirconium and zirconium products,98833.0
202608,502,United States,811090,Antimony wrought & articles thereof,8692.0
202608,502,United States,811100,"Manganese and articles thereof, including waste and scrap",93716.0
202608,502,United States,811221,Unwrought chromium; chromium powders,36377.0
202608,502,United States,811229,Wrought chromium and articles thereof,12327.0
202608,502,United States,811241,Unwrought rhenium; waste and scrap; powder,1715.0
202608,502,United States,811249,Wrought rhenium and articles thereof,2328.0
202608,502,United States,811292,"Unwrought niobium (columbium),gallium, indium, vanadium and germanium; powders and waste and scrap of these metals",821610.0
202608,502,United States,811299,"Wrought niobium (columbium),gallium, indium, vanadium and germanium; and articles thereof",660118.0
202608,502,United States,811300,"Cermets and articles thereof, including waste and scrap.",8649850.0
202608,502,United States,820110,Spades and shovels,198.0
202608,502,United States,820130,"Mattocks, picks, hoes and rakes",7491.0
202608,502,United States,820140,"Axes, bill hooks and similar hewing tools",19171.0
202608,502,United States,820190,"Other hand tools of a kind used in agriculture, horticulture or forestry",27081.0
202608,502,United States,820220,Band saw blades,3102756.0
202608,502,United States,820231,"Circular saw blades, incl. slitting or slotting saw blades, of base metal, with working parts of steel",33187.0
202608,502,United States,820239,"Circular saw blades, incl. slitting or slotting saw blades, and parts thereof, of base metal, with working parts of materials other than steel",97390.0
202608,502,United States,820240,Chain saw blades,1041130.0
202608,502,United States,820291,"Straight saw blades, for working metal",1671924.0
202608,502,United States,820299,"Saw blades, incl. toothless saw blades, of base metal (excluding bandsaw blades, circular saw blades, slitting or slotting saw blades, chainsaw blades and straight saw blades for working metal)",679487.0
202608,502,United States,820310,"Files, rasps and similar tools",7046.0
202608,502,United States,820320,"Pliers (including cutting pliers), pincers, tweezers and similar tools",916355.0
202608,502,United States,820340,"Pipecutters, bolt croppers, perforating punches and similar tools",350018.0
202608,502,United States,820411,"Hand-operated spanners and wrenches, incl. torque meter wrenches, of base metal, non-adjustable",1270383.0
202608,502,United States,820412,"Hand-operated spanners and wrenches, incl. torque meter wrenches, of base metal, adjustable (excluding tap wrenches)",1209406.0
202608,502,United States,820420,"Interchangeable spanner sockets, with or without handles",519831.0
202608,502,United States,820510,"Drilling, threading or tapping tools",77626.0
202608,502,United States,820520,Hammers and sledge hammers,112601.0
202608,502,United States,820530,"Planes, chisels, gouges and similar cutting tools for working wood",5898.0
202608,502,United States,820540,Screwdrivers,383851.0
202608,502,United States,820551,"Household hand tools, non-mechanical, with working parts of base metal, n.e.s.",42838.0
202608,502,United States,820559,"Hand tools, incl. glaziers' diamonds, of base metal, n.e.s.",5001246.0
202608,502,United States,820560,Blow lamps,40305.0
202608,502,United States,820570,"Vices, clamps and the like",237565.0
202608,502,United States,820590,Portable forges; hand or pedal operated grinding wheels with frameworks; including sets of articles of two or more of  subheadings of this heading,7536886.0
202608,502,United States,820600,"Tools of two or more of the headings 82.02 to 82.05, put up in sets for retail sale.",450622.0
202608,502,United States,820719,"Rock-drilling or earth-boring tools, interchangeable, and parts therefor, with working parts of materials other than sintered metal carbide or cermets",7023339.0
202608,502,United States,820720,Dies for drawing or extruding metal,280723.0
202608,502,United States,820730,"Tools for pressing, stamping or punching",10868221.0
202608,502,United States,820740,Tools for tapping or threading,582135.0
202608,502,United States,820750,"Tools for drilling, other than for rock drilling",1605377.0
202608,502,United States,820760,Tools for boring or broaching,296591.0
202608,502,United States,820770,Tools for milling,2028227.0
202608,502,United States,820780,Tools for turning,323009.0
202608,502,United States,820790,Other interchangeable tools,1018498.0
202608,502,United States,820810,"Knives and cutting blades, of base metal, for machines or for mechanical appliances, for metalworking",14075768.0
202608,502,United States,820830,"Knives and cutting blades, of base metal, for kitchen appliances or for machines used by the food industry",1088968.0
202608,502,United States,820840,"Knives and cutting blades, of base metal, for agricultural, horticultural or forestry machines (excluding those for wood-working)",254323.0
202608,502,United States,820890,"Knives and cutting blades, of base metal, for machines or for mechanical appliances (excluding those for metal or wood-working, kitchen appliances or machines used by the food industry and those for agricultural, horticultural or forestry machines)",3491042.0
202608,502,United States,820900,"Plates, sticks, tips and the like for tools, unmounted, of cermets.",28030417.0
202608,502,United States,821000,"Hand-operated mechanical appliances, weighing 10 kg or less, used in the preparation, conditioning or serving of food or drink.",3928.0
202608,502,United States,821191,Table knives having fixed blades,1406.0
202608,502,United States,821192,Other knives having fixed blades,446909.0
202608,502,United States,821193,Knives having other than fixed blades,834624.0
202608,502,United States,821194,"Blades of base metal for table knives, pocket knives and other knives of heading 8211",169122.0
202608,502,United States,821195,Handles of base metal,1982.0
202608,502,United States,821210,Razors,2584315.0
202608,502,United States,821220,"Safety razor blades, including razor blade blanks in strips",16971820.0
202608,502,United States,821300,"Scissors, tailors' shears and similar shears, and blades therefor.",20472.0
202608,502,United States,821410,"Paper knives, letter openers, erasing knives, pencil sharpeners and blades therefor",8682.0
202608,502,United States,821420,Manicure or pedicure sets and instruments (including nail files),3294.0
202608,502,United States,821490,"Hair clippers, butchers' or kitchen cleavers and other articles of cutlery of base metal, n.e.s.",1489.0
202608,502,United States,821520,Other sets of assorted articles,1604.0
202608,502,United States,821599,"Spoons, forks, ladles, skimmers, cake-servers, fish-knives, butter-knives, sugar tongs and similar kitchen or tableware of base metal, not plated with precious metal (excluding sets of articles such as lobster cutters and poultry shears)",9987.0
202608,502,United States,830110,Padlocks,35956.0
202608,502,United States,830120,Locks of a kind used for motor vehicles,134374.0
202608,502,United States,830130,Locks of a kind used for furniture,432446.0
202608,502,United States,830140,Other locks,14647361.0
202608,502,United States,830150,"Clasps and frames with clasps, incorporating locks",102769.0
202608,502,United States,830160,"Parts of padlocks, locks, clasps and frames with clasps, incorporating locks, of base metal, n.e.s.",4469481.0
202608,502,United States,830170,Keys presented separately,146641.0
202608,502,United States,830210,"Hinges of all kinds, of base metal",11115206.0
202608,502,United States,830220,Castors with mountings of base metal,127504.0
202608,502,United States,830230,"Base metal mountings, fittings and similar articles suitable for motor vehicles (excluding hinges and castors)",478744.0
202608,502,United States,830241,Base metal mountings and fittings suitable for buildings (excluding locks with keys and hinges),1794830.0
202608,502,United States,830242,"Base metal mountings, fittings and similar articles suitable for furniture (excluding locks with keys, hinges and castors)",265848.0
202608,502,United States,830249,"Base metal mountings, fittings and similar articles (excluding locks with keys, clasps and frames with clasps incorporating locks, hinges, castors and mountings and fittings suitable for buildings, motor vehicles or furniture)",39589203.0
202608,502,United States,830250,"Hat-racks, hat-pegs, brackets and similar fixtures of base metal",39164.0
202608,502,United States,830260,Automatic door closers of base metal,245689.0
202608,502,United States,830300,"Armoured or reinforced safes, strongboxes and doors and safe deposit lockers for strongrooms, cash or deed boxes and the like, of base metal",7033.0
202608,502,United States,830400,"Filing cabinets, cardindex cabinets, paper trays, paper rests, pen trays, officestamp stands and similar office or desk equipment, of base metal, other than office furniture of heading 9403",6941.0
202608,502,United States,830520,"Staples in strips, of base metal",4091.0
202608,502,United States,830590,"Office articles such as letter clips, letter corners, paper clips and indexing tags, of base metal, incl. parts of articles of heading 8305 (excluding fittings for loose-leaf binders or files, staples in strips, drawing pins and clasps for books or registers)",1321.0
202608,502,United States,830610,"Bells, gongs and the like, non-electric, of base metal",2207.0
202608,502,United States,830621,"Statuettes and other ornaments, of base metal, plated with precious metal",718.0
202608,502,United States,830629,"Statuettes and other ornaments, of base metal, not plated with precious metal",163531.0
202608,502,United States,830630,"Photograph, picture or similar frames, of base metal; mirrors of base metal",331218.0
202608,502,United States,830710,"Flexible tubing of iron or steel, with or without fittings",16307025.0
202608,502,United States,830790,"Flexible tubing of base metal other than iron or steel, with or without fittings",2210824.0
202608,502,United States,830810,"Hooks, eyes and eyelets, of base metal, of a kind used for clothing, footwear, awnings, handbags, travel goods or other made-up articles",386145.0
202608,502,United States,830820,"Tubular or bifurcated rivets, of base metal",5297440.0
202608,502,United States,830890,"Clasps, frames with clasps without locks, buckles and buckle-clasps, of base metal, for clothing, footwear, handbags, travel goods or other made-up articles, incl. parts of articles of heading 8308, of base metal (excluding hooks, eyes, eyelets and tubular or bifurcated rivets)",1574380.0
202608,502,United States,830910,Crown corks of base metal,3069.0
202608,502,United States,830990,"Stoppers, caps and lids, incl. screw caps and pouring stoppers, capsules for bottles, threaded bungs, bung covers, seals and other packing accessories of base metal (excluding crow corks)",5835986.0
202608,502,United States,831000,"Signplates, nameplates, addressplates and similar plates, numbers, letters and other symbols, of base metal, excluding those of heading 9405",2634730.0
202608,502,United States,831110,"Coated electrodes of base metal, for electric arc-welding",1200550.0
202608,502,United States,831120,"Cored wire of base metal, for electric arc-welding",4130625.0
202608,502,United States,831130,"Coated rods and cored wire, of base metal, for soldering, brazing or welding by flame (excluding wire and rods cored with solder which, excluding the flux material, contains ≥ 2% by weight of precious metal)",2268992.0
202608,502,United States,831190,"Wire, rods, tubes, plates, electrodes and the like, of base metal or of metal carbides, coated or cored with flux material, for soldering, brazing, welding or deposition of metal or metal carbides, n.e.s., and wire and rods of agglomerated base metal powder, for metal spraying, n.e.s.",418338.0
202608,502,United States,840140,Parts of nuclear reactors,144180154.0
202608,502,United States,840290,"Parts of vapour generating boilers and superheated water boilers, n.e.s.",39665.0
202608,502,United States,840310,"Central heating boilers, non-electric (excluding vapour generating boilers and superheated water boilers of heading 8402)",15875.0
202608,502,United States,840390,"Parts of central heating boilers, n.e.s.",23140.0
202608,502,United States,840510,"Producer gas or water gas generators, with or without their purifiers; acetylene gas generators and similar water process gas generators, with or without their purifiers",4164500.0
202608,502,United States,840690,"Parts of steam and other vapour turbines, n.e.s.",945546.0
202608,502,United States,840710,"Spark-ignition reciprocating or rotary internal combustion piston engine, for aircraft",947264.0
202608,502,United States,840721,Spark-ignition outboard motors for marine propulsion,18464476.0
202608,502,United States,840734,"Spark-ignition reciprocating piston engine, of a kind used for the propulsion of vehicles of chapter 87, Of a cylinder capacity exceeding 1,000 cc",5351530.0
202608,502,United States,840790,Other engines,21454490.0
202608,502,United States,840810,Marine propulsion engines,6085146.0
202608,502,United States,840820,Engines of a kind used for the propulsion of vehicles of Chapter 87,5150281.0
202608,502,United States,840890,Other engines,130743067.0
202608,502,United States,840910,"Parts suitable for use solely or principally with internal combustion piston engine for aircraft, n.e.s.",9994215.0
202608,502,United States,840991,"Parts suitable for use solely or principally with spark-ignition internal combustion piston engine, n.e.s.",18281048.0
202608,502,United States,840999,"Parts suitable for use solely or principally with compression-ignition internal combustion piston engine diesel or semi-diesel engine"", n.e.s.""",105859762.0
202608,502,United States,841112,Turbojets of a thrust exceeding 25 kN,1397411019.0
202608,502,United States,841181,"Gas turbines of a power not exceeding 5,000 kW",38164076.0
202608,502,United States,841182,"Gas turbines of a power exceeding 5,000 kW",37590342.0
202608,502,United States,841191,"Parts of turbojets or turbopropellers, n.e.s.",4116173822.0
202608,502,United States,841199,"Parts of gas turbines, n.e.s.",125802658.0
202608,502,United States,841221,"Hydraulic power engines and motors, linear acting (cylinders)",68443100.0
202608,502,United States,841229,"Hydraulic power engines and motors (excluding hydraulic turbines and water wheels of heading 8410, steam turbines and hydraulic power engines and motors, linear acting)",48013573.0
202608,502,United States,841231,"Pneumatic power engines and motors, linear acting (cylinders)",6132865.0
202608,502,United States,841239,Pneumatic power engines and motors (excluding linear acting),40006311.0
202608,502,United States,841280,"Engines and motors (excluding steam turbines, internal combustion piston engine, hydraulic turbines, water wheels, gas turbines, reaction engines, hydraulic power engines and motors, pneumatic power engines and motors and electric motors)",3880162.0
202608,502,United States,841290,"Parts of non-electrical engines and motors, n.e.s.",18135816.0
202608,502,United States,841319,"Pumps for liquids, fitted or designed to be fitted with a measuring device (excluding pumps for dispensing fuel or lubricants, of the type used in filling stations or in garages)",8867302.0
202608,502,United States,841320,"Hand pumps, other than those of subheading 8413.11 or 8413.19",2359281.0
202608,502,United States,841330,"Fuel, lubricating or cooling medium pumps for internal combustion piston engines",13402616.0
202608,502,United States,841350,Other reciprocating positive displacement pumps,75842697.0
202608,502,United States,841360,Other rotary positive displacement pumps,39341037.0
202608,502,United States,841370,Other centrifugal pumps,66463528.0
202608,502,United States,841381,"Pumps for liquids, power-driven (excluding those of subheading 8413.11 and 8413.19, fuel, lubricating or cooling medium pumps for internal combustion piston engine, concrete pumps, general reciprocating or rotary positive displacement pumps and centrifugal pumps of all kinds)",189912.0
202608,502,United States,841391,"Parts of pumps for liquids, n.e.s.",85493789.0
202608,502,United States,841410,Vacuum pumps,11188086.0
202608,502,United States,841420,Hand or footoperated air pumps,117011.0
202608,502,United States,841430,Compressors of a kind used in refrigerating equipment,24585894.0
202608,502,United States,841451,"Table, floor, wall, window, ceiling or roof fans, with a selfcontained electric motor of an output not exceeding 125 W",459721.0
202608,502,United States,841459,"Fans (excluding table, floor, wall, window, ceiling or roof fans, with a self-contained electric motor of an output ≤ 125 W)",23293248.0
202608,502,United States,841460,Hoods having a maximum horizontal side not exceeding 120 cm,36925.0
202608,502,United States,841480,"Air pumps, air or other gas compressors and ventilating or recycling hoods incorporating a fan, whether or not fitted with filters, having a maximum horizontal side ＞ 120 cm (excluding vacuum pumps, hand- or foot-operated air pumps, compressors for refrigerating equipment and air compressors mounted on a wheeled chassis for towing)",60715920.0
202608,502,United States,841490,"Parts of: air or vacuum pumps, air or other gas compressors, fans and ventilating or recycling hoods incorporating a fan, n.e.s.",40221888.0
202608,502,United States,841510,"Air conditioning machines of a kind designed to be fixed to a window, wall, ceiling or floor, selfcontained or .splitsystem.",22331.0
202608,502,United States,841520,"Air conditioning machines of a kind used for persons, in motor vehicles",4395964.0
202608,502,United States,841581,Air conditioning machines incorporating a refrigerating unit and a valve for reversal of the cooling/heat cycle (reversible heat pumps),1974448.0
202608,502,United States,841582,"Other, air conditioning machines incorporating a refrigerating unit",4314942.0
202608,502,United States,841590,"Parts of air conditioning machines, comprising a motor-driven fan and elements for changing the temperature and humidity, n.e.s.",15679036.0
202608,502,United States,841610,Furnace burners for liquid fuel,2629.0
202608,502,United States,841620,"Other furnace burners, including combination burners",1276959.0
202608,502,United States,841690,"Parts of furnace burners such as mechanical stokers, incl. their mechanical grates, mechanical ash dischargers and similar appliances, n.e.s.",1088212.0
202608,502,United States,841780,"Industrial or laboratory furnaces and ovens, non-electric, incl. incinerators (excluding those for the roasting, melting or other heat treatment of ores, pyrites or metals, bakery ovens, drying ovens and ovens for cracking operations)",199072.0
202608,502,United States,841790,"Parts of industrial or laboratory furnaces, non-electric, incl. incinerators, n.e.s.",14503.0
202608,502,United States,841810,"Combined refrigeratorfreezers, fitted with separate external doors or draws, or combinations thereof",136018.0
202608,502,United States,841829,"Household refrigerators, absorption-type",430.0
202608,502,United States,841830,"Freezers of the chest type, of a capacity ≤ 800L",1062242.0
202608,502,United States,841840,"Freezers of the upright type, of a capacity ≤ 900L",821263.0
202608,502,United States,841850,"Furniture (chests, cabinets, display counters, show-cases and the like) for storage and display, incorporating refrigerating or freezing equipment (excluding combined refrigerator-freezers with separate external doors, household refrigerators and freezers of the chest type of a capacity ≤ 800L or of the upright type of a capacity ≤ 900L)",1208892.0
202608,502,United States,841869,Refrigerating or freezing equipment (excluding refrigerating and freezing furniture),15780873.0
202608,502,United States,841891,Furniture designed to receive refrigerating or freezing equipment,56270.0
202608,502,United States,841899,"Parts of refrigerating or freezing equipment and heat pumps, n.e.s.",10119436.0
202608,502,United States,841911,Instantaneous gas water heaters,70075.0
202608,502,United States,841933,"Lyophilisation apparatus, freeze drying units and spray dryers",359337.0
202608,502,United States,841939,"Dryers (excluding dryers for agricultural products, for wood, paper pulp, paper or paperboard, for yarns, fabrics and other textile products, dryers for bottles or other containers, hairdryers, hand dryers and domestic appliances)",990269.0
202608,502,United States,841950,Heat exchange units,136496501.0
202608,502,United States,841981,"Machinery, plant and equipment for making hot drinks or for cooking or heating food (excluding domestic appliances)",1701947.0
202608,502,United States,841989,"Machinery, plant or laboratory equipment, whether or not electrically heated, for the treatment of materials by a process involving a change of temperature such as heating, cooking, roasting, sterilising, pasteurising, steaming, evaporating, vaporising, condensing or cooling, n.e.s. (excluding machinery used for domestic purposes and furnaces, ovens and other equipment of heading 8514)",33627868.0
202608,502,United States,841990,"Parts of machinery, plant and laboratory equipment, whether or not electrically heated, for the treatment of materials by a process involving a change of temperature, and of non-electric instantaneous and storage water heaters, n.e.s.",7623463.0
202608,502,United States,842099,"Parts for calendering or rolling machines, n.e.s. (other than for metals or glass and excluding cylinders)",687186.0
202608,502,United States,842112,Centrifugal clothes-dryers,4075.0
202608,502,United States,842119,"Centrifuges, incl. centrifugal dryers (excluding isotope separators, cream separators and clothes dryers)",11379125.0
202608,502,United States,842121,Machinery and apparatus for filtering or purifying water,19279869.0
202608,502,United States,842123,Oil or petrol-filters for internal combustion engines,10368915.0
202608,502,United States,842129,"Machinery and apparatus for filtering or purifying liquids (excluding such machinery and apparatus for water and other beverages, oil or petrol-filters for internal combustion engines and artificial kidneys)",150286663.0
202608,502,United States,842131,Intake air filters for internal combustion engines,7031622.0
202608,502,United States,842132,"Catalytic converters or particulate filters, whether or not combined, for purifying or filtering exhaust gases from internal combustion engines",15481642.0
202608,502,United States,842139,Machinery and apparatus for filtering or purifying gases (excluding isotope separators and intake air filters for internal combustion engines),61323033.0
202608,502,United States,842191,"Parts of centrifuges, incl. centrifugal dryers, n.e.s.",5099817.0
202608,502,United States,842199,"Parts of machinery and apparatus for filtering or purifying liquids or gases, n.e.s.",114501460.0
202608,502,United States,842211,Dishwashing machines of the household type,30441.0
202608,502,United States,842219,Dishwashing machines (excluding those of the household type),2784.0
202608,502,United States,842220,Machinery for cleaning or drying bottles or other containers (excluding dishwashing machines),75230.0
202608,502,United States,842230,"Machinery for filling, closing, sealing or labelling bottles, cans, boxes, bags or other containers; machinery for capsuling bottles, jars, tubes and similar containers; machinery for aerating beverages",2321298.0
202608,502,United States,842240,"Packing or wrapping machinery, incl. heat-shrink wrapping machinery (excluding machinery for filling, closing, sealing or labelling bottles, cans, boxes, bags or other containers and machinery for capsuling bottles, jars, tubes and similar containers)",353477.0
202608,502,United States,842290,"Parts of dishwashing machines, packing or wrapping machinery and other machinery and apparatus of heading 8422, n.e.s.",1181880.0
202608,502,United States,842310,"Personal weighing machines, incl. baby scales; household scales",204.0
202608,502,United States,842381,"Weighing machinery having a maximum weighing capacity ≤ 30 kg (excluding balances of a sensitivity of 5 cg or better, personal weighing machines, household scales, scales for continuous weighing of goods on conveyors, constant weight scales and scales for discharging a pre-determined weight of material into a bag or container, incl. hopper scales)",20104.0
202608,502,United States,842382,"Weighing machinery of a maximum weighing capacity ＞ 30 kg but ≤ 5.000 kg (excluding personal weighing machines, scales for continuous weighing of goods on conveyors, constant weight scales and scales for discharging a pre-determined weight of material into a bag or container, incl. hopper scales)",34617.0
202608,502,United States,842389,Weighing machinery of a maximum weighing capacity ＞ 5.000 kg,2065986.0
202608,502,United States,842390,"Weighing machine weights of all kinds; parts of weighing machinery, n.e.s.",367086.0
202608,502,United States,842410,"Fire extinguishers, whether or not charged",9733923.0
202608,502,United States,842420,Spray guns and similar appliances,3473981.0
202608,502,United States,842430,Steam or sand blasting machines and similar jet projecting machines,3621407.0
202608,502,United States,842482,"Agricultural or horticultural mechanical appliances, whether or not hand-operated, for projecting or dispersing liquids or powders (excl. sprayers)",106144.0
202608,502,United States,842489,"Mechanical appliances, whether or not hand-operated, for projecting, dispersing or spraying liquids or powders, n.e.s.",22712726.0
202608,502,United States,842490,"Parts of fire extinguishers, spray guns and similar appliances, steam or sand blasting machines and similar jet projecting machines and machinery and apparatus for projecting, dispersing or spraying liquids or powders, n.e.s.",35505050.0
202608,502,United States,842511,"Pulley tackle and hoists, powered by electric motor (other than skip hoists or hoists of a kind used for raising vehicles)",1494.0
202608,502,United States,842519,"Pulley tackle and hoists (other than skip hoists or hoists of a kind used for raising vehicles), non-powered by electric motor",71451.0
202608,502,United States,842531,Winches and capstans powered by electric motor,2221744.0
202608,502,United States,842539,"Winches and capstans, non-powered by electric motor",2864469.0
202608,502,United States,842542,"Jacks and hoists, hydraulic (excluding built-in jacking systems used in garages)",1045673.0
202608,502,United States,842549,"Jacks and hoists of a kind used for raising vehicles, not hydraulic",2842485.0
202608,502,United States,842630,Portal or pedestal jib cranes,26192412.0
202608,502,United States,842641,"Mobile cranes and works trucks fitted with a crane, self-propelled, on tyres (excluding wheel-mounted cranes, mobile lifting frames on tyres and straddle carriers)",39416.0
202608,502,United States,842699,"Ships' derricks; cranes, incl. cable cranes (excluding overhead travelling cranes, transporter cranes, gantry cranes, portal or pedestal jib cranes, bridge cranes, mobile lifting frames and straddle carriers, tower cranes, works trucks fitted with a crane, mobile cranes and cranes designed for mounting on road vehicles)",4862262.0
202608,502,United States,842710,Selfpropelled trucks powered by an electric motor,2866988.0
202608,502,United States,842790,"Works trucks fitted with lifting or handling equipment, not self-propelled",380608.0
202608,502,United States,842820,Pneumatic elevators and conveyors,336840.0
202608,502,United States,842833,"Continuous-action elevators and conveyors, for goods or materials, belt type",56917.0
202608,502,United States,842839,"Continuous-action elevators and conveyors, for goods or materials (excluding those for underground use and bucket, belt or pneumatic types)",3253532.0
202608,502,United States,842870,"Industrial robots, for lifting, handling, loading or unloading",772208.0
202608,502,United States,842890,"Machinery for lifting, handling, loading or unloading, nes",41785783.0
202608,502,United States,842951,Frontend shovel loaders,825036.0
202608,502,United States,842959,"Self-propelled mechanical shovels, excavators and shovel loaders (excluding self-propelled mechanical shovels with a 360° revolving superstructure and front-end shovel loaders)",368990.0
202608,502,United States,843020,Snowploughs and snowblowers,72868.0
202608,502,United States,843049,"Other, boring or sinking machinery for boring earth or extracting minerals or ores, not self-propelled and not hydraulic",150872.0
202608,502,United States,843110,Part of machinery of heading 84.25,1222341.0
202608,502,United States,843120,Part of machinery of heading 84.27,3074411.0
202608,502,United States,843131,"Part off lifts, skip hoists or escalators, of heading 84.28",2562542.0
202608,502,United States,843139,"Parts of machinery of heading 8428, n.e.s.",12768390.0
202608,502,United States,843142,Bulldozer or angledozer blades,235664.0
202608,502,United States,843143,Parts for boring or sinking machinery of subheading 8430.41 or,4091729.0
202608,502,United States,843149,"Parts of machinery of heading 8426, 8429 and 8430, n.e.s.",25883466.0
202608,502,United States,843229,"Harrows, scarifiers, cultivators, weeders and hoes for use in agriculture, horticulture or forestry (excluding disc harrows)",385537.0
202608,502,United States,843242,Fertiliser distributors,46167.0
202608,502,United States,843280,"Agricultural, horticultural or forestry machinery for soil preparation or cultivation; lawn or sports-ground rollers (excluding sprayers and dusters, ploughs, harrows, scarifiers, cultivators, weeders, hoes, seeders, planters, manure spreaders and fertiliser distributors)",92888.0
202608,502,United States,843290,"Parts of agricultural, horticultural or forestry machinery for soil preparation or cultivation or of lawn or sports-ground rollers, n.e.s.",136572.0
202608,502,United States,843311,"Powered, with the cutting device rotating in a horizontal plane",763301.0
202608,502,United States,843319,"Mowers for lawns, parks or sports grounds, powered, with the cutting device rotating in a vertical plane or with cutter bars",760689.0
202608,502,United States,843351,Combine harvester-threshers,16359156.0
202608,502,United States,843359,"Harvesting machinery for agricultural produce (excluding mowers, haymaking machinery, straw and fodder balers, incl. pick-up balers, combine harvester-threshers, other threshing machinery and root or tuber harvesting machines)",56886160.0
202608,502,United States,843390,"Parts of harvesting machinery, threshing machinery, mowers and machines for cleaning, sorting or grading agricultural produce, n.e.s.",10999588.0
202608,502,United States,843490,"Parts of milking machines and dairy machinery, n.e.s.",286242.0
202608,502,United States,843510,"Presses, crushers and similar machinery used in the manufacture of wine, cider, fruit juices or similar beverages (excluding machinery for the treatment of these beverages, incl. centrifuges, filter presses, other filtering equipment and domestic appliances)",79442.0
202608,502,United States,843590,"Parts of presses, crushers and similar machinery used in the manufacture of wine, cider, fruit juices or similar beverages, n.e.s.",7229.0
202608,502,United States,843691,"Parts of poultry-keeping machinery or poultry incubators and brooders, n.e.s.",308761.0
202608,502,United States,843699,"Parts of agricultural, horticultural, forestry or bee-keeping machinery of heading 84.36, n.e.s.",276596.0
202608,502,United States,843710,"Machines for cleaning, sorting or grading seed, grain or dried leguminous vegetables",310125.0
202608,502,United States,843790,"Parts of machinery used in the milling industry or for the working of cereals or dried leguminous vegetables or machines for cleaning, sorting or grading seed, grain or dried leguminous vegetables, n.e.s.",509082.0
202608,502,United States,843850,Machinery for the preparation of meat or poultry,540010.0
202608,502,United States,843860,"Machinery for the preparation of fruits, nuts or vegetables",4929198.0
202608,502,United States,843880,"Machinery for the industrial preparation or manufacture of food or drink, nes",1648560.0
202608,502,United States,843890,"Parts of machinery for the industrial preparation or manufacture of food or drink, nes",1485843.0
202608,502,United States,843991,"Parts of machinery for making pulp of fibrous cellulosic material, n.e.s.",4160778.0
202608,502,United States,843999,"Parts of machinery for making or finishing paper or paperboard, n.e.s.",907263.0
202608,502,United States,844110,Cutting machines,58316.0
202608,502,United States,844190,"Parts of machinery for making up paper pulp, paper or paperboard, n.e.s.",1364547.0
202608,502,United States,844240,"Parts of the foregoing machinery, apparatus or equipment",29411.0
202608,502,United States,844250,"Plates, cylinders and other printing components; plates, cylinders and lithographic stones, prepared for printing purposes (for example, planed, grained or polished)",390254.0
202608,502,United States,844331,"Machines which perform two or more of the functions of printing, copying or facsimile transmission, capable of connecting to an automatic data processing machine or to a network",17584.0
202608,502,United States,844332,"Other, capable of connecting to an automatic data processing machine or to a network",6451951.0
202608,502,United States,844339,"Printers, copying machines and facsimile machines, whether or not combined (excluding those capable of connecting to an automatic data processing machine or to a network and printing machinery used for printing by means of plates, cylinders and other printing components of heading 8442)",61899.0
202608,502,United States,844391,"Parts and accessories of printing machinery used for printing by means of plates, cylinders and other printing components of heading 84.42",3991314.0
202608,502,United States,844399,"Parts and accessories of printers, copying machines and facsimile machines, n.e.s. (excluding of printing machinery used for printing by means of plates, cylinders and other printing components of heading 8443)",49360215.0
202608,502,United States,844540,Textile winding (including weftwinding) or reeling machines,219849.0
202608,502,United States,844820,Parts and accessories of machines of heading 84.44 or of their auxiliary machinery,364915.0
202608,502,United States,844833,"Spindles, spindle flyers, spinning rings and ring travellers",114207.0
202608,502,United States,844839,"Parts and accessories of machines of heading 8445, n.e.s.",42168.0
202608,502,United States,844842,"Reeds for looms, healds and healdframes",1792.0
202608,502,United States,844849,"Parts and accessories of weaving machines (looms)and their auxiliary machinery, n.e.s.",9598.0
202608,502,United States,844859,"Parts and accessories of machines of heading 8447, n.e.s.",13417.0
202608,502,United States,845011,"Fully-automatic household or laundry-type washing machines, of a dry linen capacity ≤ 6 kg",9372.0
202608,502,United States,845020,"Laundry-type washing machines, each of a dry linen capacity exceeding 10 kg",676705.0
202608,502,United States,845090,"Parts of household or laundry-type washing machines, n.e.s.",89729.0
202608,502,United States,845121,"Drying machines, of a dry linen capacity ≤ 10 kg (excluding centrifugal driers)",54782.0
202608,502,United States,845129,"Drying machines for textile yarns, fabrics or made-up textile articles (excluding machines of a dry linen capacity ≤ 10 kg and centrifugal driers)",149614.0
202608,502,United States,845140,"Washing, bleaching or dyeing machines",44369.0
202608,502,United States,845180,"Machinery for dressing, finishing, coating or impregnating textile yarns, fabrics or other made-up textile articles and machines used in the manufacture of linoleum or other floor coverings for applying the paste to the base fabric or other support (excluding machinery for dressing or finishing felt, calenders and general purpose presses)",34937.0
202608,502,United States,845190,"Parts of machines for washing, cleaning, wringing, drying, ironing, pressing, bleaching, dyeing, dressing, finishing, coating or impregnating textile yarns, fabrics or made-up textile articles; parts of machines used in the manufacture of linoleum or other floor coverings for applying the paste to the base fabric or other support; parts of machines for reeling, unreeling, folding, cutting or pinking textile fabrics, n.e.s.",437512.0
202608,502,United States,845290,"Furniture, bases and covers for sewing machines and parts thereof; other parts of sewing machines",3714.0
202608,502,United States,845490,"Parts of converters, ladles, ingot moulds and casting machines of a kind used in metallurgy or in metal foundries, n.e.s.",617580.0
202608,502,United States,845530,Rolls for rolling mills,3120153.0
202608,502,United States,845590,"Parts of metal-rolling mills, n.e.s.",256726.0
202608,502,United States,845611,"Machine tools for working any material by removal of material, operated by laser (excl. soldering and welding machines, also those which can be used for cutting, material testing machines and machines for the manufacture of semiconductor devices or of electronic integrated circuits)",1048481.0
202608,502,United States,845640,"Machine tools for working any material by removal of material, operated by plasma arc processes",927717.0
202608,502,United States,845690,"Machine tools for working any material by removal of material, operated by electro-chemical processes or electron beam, ion beam or plasma arc processes; water-jet cutting machines (excluding for soldering and welding machines, materials testing machines and machines for the manufacture of semiconductor devices or of electronic integrated circuits)",6346.0
202608,502,United States,845710,Machining centres,8678113.0
202608,502,United States,845811,"Horizontal lathes, incl. turning centres, for removing metal, numerically controlled",1020283.0
202608,502,United States,846031,"Sharpening tool or cutter grinding"" machines, numerically controlled""",226260.0
202608,502,United States,846090,"Machines for deburring, grinding or polishing metals, metal carbides or cermets (excluding grinding machines in which the positioning in any one axis can be set up to an accuracy of at least 0,01 mm, gear cutting, gear grinding or gear finishing machines and machines for working in the hand)",209576.0
202608,502,United States,846239,"Other slitting lines, cut-to-length and other shearing machines (excluding presses) for flat products, other than combined punching and shearing machines",85670.0
202608,502,United States,846259,"Machines for working tube, pipe, hollow section and bar (excluding presses), not numerically controlled",9375.0
202608,502,United States,846261,Hydraulic presses,62569.0
202608,502,United States,846262,Mechanical presses,929811.0
202608,502,United States,846269,Other cold metal working presses,18619.0
202608,502,United States,846310,"Drawbenches for bars, tubes, profiles, wire or the like",1615548.0
202608,502,United States,846320,Thread rolling machines,450770.0
202608,502,United States,846390,"Machine tools for working metal, sintered metal carbides or cermets, without removing metal (excluding forging, bending, folding, straightening and flattening presses, shearing machines, punching or notching machines, presses, draw-benches, thread rolling machines, machines for working metal wire and machines for working in the hand)",1304630.0
202608,502,United States,846420,"Grinding or polishing machines, for working stone, ceramics, concrete, asbestos-cement or like mineral materials or for cold-working glass",2152459.0
202608,502,United States,846490,"Machine tools for working stones, concrete, asbestos cement or similar mineral substances or for cold-working glass (excluding sawing machines, grinding machines, polishing machines, hand-operated machines and machines for scribing or scoring semiconductor wafers)",1140819.0
202608,502,United States,846592,"Planing, milling or moulding -by cutting- machines, for working wood, cork, bone, hard rubber, hard plastics or similar hard materials (excluding machines for working in the hand and machines of subheading 8465.10)",66165.0
202608,502,United States,846593,"Grinding, sanding or polishing machines for working wood, cork, bone, hard rubber, hard plastics or similar hard materials (excluding machines for working in the hand)",210858.0
202608,502,United States,846596,"Splitting, slicing or paring machines, for working wood",328579.0
202608,502,United States,846610,"Tool holders, incl. tool holders for any type of tool for working in the hand, and self-opening dieheads, for machine tools",2453432.0
202608,502,United States,846620,Work holders for machine tools,1809051.0
202608,502,United States,846630,"Dividing heads and other special attachments for machine tools, n.e.s.",1091208.0
202608,502,United States,846691,"Parts and accessories for machine tools for working stone, ceramics, concrete, asbestos-cement or like mineral materials or for cold-working glass, n.e.s.",3483324.0
202608,502,United States,846692,"Parts and accessories for machine tools for working wood, cork, bone, hard rubber, hard plastics or similar hard materials, nes",45928.0
202608,502,United States,846693,"Parts and accessories for machine tools for working metal by removing material, n.e.s.",9588281.0
202608,502,United States,846694,"Parts and accessories for machine tools for working metal without removing material, nes",3215566.0
202608,502,United States,846711,Rotary type (including combined rotary-percussion),1031826.0
202608,502,United States,846719,"Pneumatic tools for working in the hand, non-rotary type",1296045.0
202608,502,United States,846722,"Saws for working in the hand, with self-contained electric motor",10729.0
202608,502,United States,846729,"Electromechanical tools for working in the hand, with self-contained electric motor (excluding saws and drills)",1712709.0
202608,502,United States,846781,"Chain saws, with self-contained electric motor",324712.0
202608,502,United States,846789,"Tools for working in the hand, hydraulic or with self-contained non-electric motor (excluding chainsaws and pneumatic tools)",5579722.0
202608,502,United States,846791,"Parts of chainsaws, for working in the hand, with self-contained electric or non-electric motor, n.e.s.",1325150.0
202608,502,United States,846792,"Parts of pneumatic tools for working in the hand, n.e.s.",1321077.0
202608,502,United States,846799,"Parts of pneumatic tools for working in the hand, hydraulic or with self-contained electric or non-electric motor, n.e.s.",3224097.0
202608,502,United States,846810,Handheld blow pipes,123941.0
202608,502,United States,846820,Other gasoperated machinery and apparatus,18790.0
202608,502,United States,846880,"Machinery and apparatus for welding, not gas-operated (excluding electric machines and apparatus of heading 8515)",203372.0
202608,502,United States,846890,"Parts of machinery and apparatus for soldering, brazing, welding or surface tempering, non-electric, n.e.s.",91793.0
202608,502,United States,847010,"Electronic calculators capable of operation without an external source of electric power and pocketsize data recording, reproducing and displaying machines with calculating functions",3732.0
202608,502,United States,847130,"Portable automatic data processing machines, weighing not more than 10 kg, consisting of at least a central processing unit, a keyboard and a display",479109.0
202608,502,United States,847141,"Comprising in the same housing at least a central processing unit and an input and output unit, whether or not combined",2234756.0
202608,502,United States,847149,"Other, presented in the form of systems",4496273.0
202608,502,United States,847150,"Processing units other than those of subheading 8471.41 or 8471.49, whether or not containing in the same housing one or two of the following types of unit : storage units, input units, output units",64353575.0
202608,502,United States,847160,"Input or output units, whether or not containing storage units in the same housing",1373773.0
202608,502,United States,847170,Storage units,23208685.0
202608,502,United States,847180,Other units of automatic data processing machines,8119824.0
202608,502,United States,847190,"Magnetic or optical readers, machines for transcribing data onto data media in coded form and machines for processing such data, n.e.s.",3411070.0
202608,502,United States,847329,"Parts and accessories of non-electronic calculators for accounting machines, cash registers or other machines, incorporating a calculating device, of heading 8470, n.e.s.",33273.0
202608,502,United States,847330,Parts and accessories of the machines of heading 84.71,25755507.0
202608,502,United States,847340,Parts and accessories of the machines of heading 84.72,4755.0
202608,502,United States,847350,Parts and accessories equally suitable for use with the machines of two or more of the headings 84.70 to 84.72,273022.0
202608,502,United States,847410,"Sorting, screening, separating or washing machines",2184180.0
202608,502,United States,847439,"Machinery for mixing or kneading solid mineral substances, incl. those in powder or paste form",6180.0
202608,502,United States,847490,"Parts of machinery for working mineral substances of heading 8474, nes",1221853.0
202608,502,United States,847529,Machines for manufacturing or hot working glass or glassware (excluding machines for making optical fibres and preforms thereof and furnaces and heating apparatus for manufacturing toughened glass),365104.0
202608,502,United States,847590,"Parts of machines for assembling electric or electronic lamps, tubes or valves or flashbulbs, in glass envelopes and of machines for manufacturing or hot working glass or glassware, nes",3975846.0
202608,502,United States,847689,"Automatic goods-vending machines, without heating or refrigerating devices; money changing machines (excluding automatic beverage-vending machines)",81715.0
202608,502,United States,847690,"Parts of automatic goods-vending machines, incl. money changing machines, n.e.s.",417242.0
202608,502,United States,847720,Extruders,1240624.0
202608,502,United States,847740,Vacuum moulding machines and other thermoforming machines,52480.0
202608,502,United States,847759,"Machinery for moulding or otherwise forming products from rubber or plastics (excluding injection-moulding machines, extruders, blow-moulding machines, vacuum-moulding and other thermoforming machines; machinery for moulding or retreading pneumatic tyres or for moulding or otherwise forming inner tubes)",12942.0
202608,502,United States,847780,"Machinery for working rubber or plastics or for the manufacture of products from these materials, not specified or included elsewhere in this chapter",4180779.0
202608,502,United States,847790,"Parts of machinery for working rubber or plastics or for the manufacture of products from these materials, nes",10196201.0
202608,502,United States,847910,"Machinery for public works, building or the like",88023.0
202608,502,United States,847981,"Machinery for treating metal, incl. electric wire coil-winders, n.e.s. (excluding industrial robots, furnaces, dryers, spray guns and the like, high-pressure cleaning equipment and other jet cleaners, rolling millls or machines, machine tools and rope or cable-making machines)",7730468.0
202608,502,United States,847982,"Mixing, kneading, crushing, grinding, screening, sifting, homogenising, emulsifying or stirring machines",6996762.0
202608,502,United States,847989,"Machines and mechanical appliances, n.e.s.",211035595.0
202608,502,United States,847990,"Parts of machines and mechanical appliances, n.e.s.",74480709.0
202608,502,United States,848020,Mould bases,35249.0
202608,502,United States,848030,Moulding patterns,975449.0
202608,502,United States,848041,Injection or compression types,101701.0
202608,502,United States,848049,"Moulds for metal or metal carbides (excluding moulds of graphite or other carbons, ceramic or glass moulds, linotype moulds or matrices, injection or compression-type moulds and ingot moulds)",356815.0
202608,502,United States,848050,Moulds for glass,22790.0
202608,502,United States,848060,Moulds for mineral materials,3443459.0
202608,502,United States,848071,Injection or compression types,2252844.0
202608,502,United States,848079,Moulds for rubber or plastics (other than injection or compression types),797733.0
202608,502,United States,848110,Pressurereducing valves,19387222.0
202608,502,United States,848120,Valves for oleohydraulic or pneumatic transmissions,99242738.0
202608,502,United States,848130,Check (nonreturn) valves,52331677.0
202608,502,United States,848140,Safety or relief valves,34816482.0
202608,502,United States,848180,"Appliances for pipes, boiler shells, tanks, vats or the like (excluding pressure-reducing valves, valves for the control of pneumatic power transmission, check non-return"" valves and safety or relief valves)""",411033014.0
202608,502,United States,848190,"Parts of valves and similar articles for pipes, boiler shells, tanks, vats or the like, n.e.s.",95927712.0
202608,502,United States,848210,Ball bearings,55869713.0
202608,502,United States,848220,"Tapered roller bearings, including cone and tapered roller assemblies",13281360.0
202608,502,United States,848230,Spherical roller bearings,1389257.0
202608,502,United States,848240,"Needle roller bearings, including cage and needle roller assemblies",4645057.0
202608,502,United States,848250,"Other cylindrical roller bearings, including cage and needle roller assemblies",11582121.0
202608,502,United States,848280,"Other, including combined ball/roller bearings",4879159.0
202608,502,United States,848291,"Balls, needles and rollers",3599406.0
202608,502,United States,848299,"Parts of ball or roller bearings (excluding balls, needles and rollers), n.e.s.",10773947.0
202608,502,United States,848310,Transmission shafts (including cam shafts and crank shafts) and cranks,184962273.0
202608,502,United States,848320,"Bearing housings, incorporating ball or roller bearings",3349318.0
202608,502,United States,848330,"Bearing housings, not incorporating ball or roller bearings; plain shaft bearings",49721557.0
202608,502,United States,848340,"Gears and gearing, other than toothed wheels, chain sprockets and other transmission elements presented separately; ball or roller screws; gear boxes and other speed changers, including torque converters",82974217.0
202608,502,United States,848350,"Flywheels and pulleys, including pulley blocks",3752365.0
202608,502,United States,848360,Clutches and shaft couplings (including universal joints),11496988.0
202608,502,United States,848390,"Toothed wheels, chain sprockets and other transmission elements presented separately; parts, couplings and other articles of heading 8483, n.e.s.",93654077.0
202608,502,United States,848410,Gaskets and similar joints of metal sheeting combined with other material or of two or more layers of metal,104166478.0
202608,502,United States,848420,Mechanical seals,14225470.0
202608,502,United States,848490,"Sets or assortments of gaskets and similar joints, dissimilar in composition, put up in pouches, envelopes or similar packings",14689442.0
202608,502,United States,848520,Machines for additive manufacturing by plastic or rubber deposit,92030.0
202608,502,United States,848580,Other machines for additive manufacturing,244188.0
202608,502,United States,848590,Parts for machines for additive manufacturing,3243328.0
202608,502,United States,848610,Machines and apparatus for the manufacture of boules or wafers,269780.0
202608,502,United States,848620,Machines and apparatus for the manufacture of semiconductor devices or of electronic integrated circuits,808769551.0
202608,502,United States,848630,Machines and apparatus for the manufacture of flat panel displays,1110909.0
202608,502,United States,848640,Machines and apparatus specified in Note 11 (C) to this Chapter,24701969.0
202608,502,United States,848690,Parts and accessories for machines and apparatus of heading 8486.,387479643.0
202608,502,United States,848710,Ships' or boats' propellers and blades therefor,2823922.0
202608,502,United States,848790,"Parts of machinery of chapter 84, not intended for a specific purpose, n.e.s.",17298758.0
202608,502,United States,850110,Motors of an output not exceeding 37.5 W,26217356.0
202608,502,United States,850120,Universal AC/DC motors of an output exceeding 37.5 W,121580.0
202608,502,United States,850131,DC motors of an output not exceeding 750 W,30759049.0
202608,502,United States,850132,DC motors and DC generators of an output exceeding 750 W but not exceeding 75 kW,5577978.0
202608,502,United States,850140,"Other AC motors, singlephase",2633868.0
202608,502,United States,850151,"AC motors, multi-phase, of an output not exceeding 750 W",8069144.0
202608,502,United States,850152,"AC motors, multi-phase, of an output exceeding 750 W but not exceeding 75 kW",7693103.0
202608,502,United States,850153,"AC motors, multi-phase, of an output exceeding 75 kW",1251972.0
202608,502,United States,850161,"AC generators (alternators), of an output not exceeding 75 kVA",1589175.0
202608,502,United States,850162,"AC generators (alternators), of an output exceeding 75 kVA but not exceeding 375 kVA",29895176.0
202608,502,United States,850164,"AC generators (alternators), of an output exceeding 750 kVA",47353911.0
202608,502,United States,850211,Generating sets with compression-ignition internal combustion piston engine (diesel or semi-diesel engine) of an output not exceeding 75 kVA,2538527.0
202608,502,United States,850213,Generating sets with compression-ignition internal combustion piston engine (diesel or semi-diesel engine) of an output exceeding 375 kVA,1542542.0
202608,502,United States,850300,Parts suitable for use solely or principally with the machines of heading 85.01 or 85.02.,25586819.0
202608,502,United States,850410,Ballasts for discharge lamps or tubes,2057060.0
202608,502,United States,850421,"Liquid dielectric transformers, having a power handling capacity not exceeding 650 kVA",5262594.0
202608,502,United States,850431,Transformers having a power handling capacity not exceeding 1kVA,9236366.0
202608,502,United States,850432,Transformers having a power handling capacity exceeding 1kVA but not exceeding 16kVA,1847053.0
202608,502,United States,850433,Transformers having a power handling capacity exceeding 16kVA but not exceeding 500kVA,3288313.0
202608,502,United States,850434,Transformers having a power handling capacity exceeding 500kVA,1232571.0
202608,502,United States,850440,Static converters,632120282.0
202608,502,United States,850450,Other inductors,5139829.0
202608,502,United States,850490,"Parts of electrical transformers and inductors, n.e.s.",18867786.0
202608,502,United States,850511,"Permanent magnets of metal and articles intended to become permanent magnets after magnetization (excluding chucks, clamps and similar holding devices)",2635867.0
202608,502,United States,850519,"Permanent magnets and articles intended to become permanent magnets after magnetization, of materials other than metal",532582.0
202608,502,United States,850520,"Electromagnetic couplings, clutches and brakes",2445470.0
202608,502,United States,850590,"Electromagnets and electromagnetic lifting heads, and their parts (excluding magnets for medical use); electromagnetic or permanent magnet chucks, clamps and similar holding devices and their parts, n.e.s.",8377966.0
202608,502,United States,850610,Manganese dioxide cells and batteries,6534885.0
202608,502,United States,850650,Lithium cells and batteries,2907474.0
202608,502,United States,850690,"Parts of primary cells and primary batteries, n.e.s.",893711.0
202608,502,United States,850710,"Leadacid, of a kind used for starting piston engines",263159.0
202608,502,United States,850720,Other leadacid accumulators,5673505.0
202608,502,United States,850730,Nickelcadmium,9987227.0
202608,502,United States,850750,Nickelmetal hydride,91567.0
202608,502,United States,850760,Lithiumion,97052351.0
202608,502,United States,850780,Other accumulators,7148.0
202608,502,United States,850790,"Plates, separators and other parts of electric accumulators, n.e.s.",750144.0
202608,502,United States,850811,"Vacuum cleaners, with self-contained electric motor, power not exceeding 1,500 W and having a dust bag or other receptacle capacity not exceeding 20 l",41051.0
202608,502,United States,850819,"Other vacuum cleaners, with self-contained electric motor",2715.0
202608,502,United States,850860,"Vacuum cleaners, incl. dry cleaners and wet vacuum cleaners (without self-contained electric motor)",4563.0
202608,502,United States,850870,"Parts of vacuum cleaners, dry cleaners and wet vacuum cleaners, n.e.s.",4541.0
202608,502,United States,850940,Food grinders and mixers; fruit or vegetable juice extractors,4342274.0
202608,502,United States,850980,"Electro-mechanical tools, for working in the hand, with self-contained electric motor (excluding saws and drills)",1728093.0
202608,502,United States,850990,"Parts of electro-mechanical tools, for working in the hand, with self-contained electric motor, n.e.s.",159861.0
202608,502,United States,851010,"Shavers, electric",14343.0
202608,502,United States,851020,Hair clippers with self-contained electric motor,23862.0
202608,502,United States,851090,"Parts of electric shavers, hair clippers and hair-removing appliances, with self-contained electric motor, n.e.s.",100231.0
202608,502,United States,851110,Sparking plugs,29464489.0
202608,502,United States,851120,Ignition magnetos; magnetodynamos; magnetic flywheels,285809.0
202608,502,United States,851130,Distributors; ignition coils,2017579.0
202608,502,United States,851140,Starter motors and dual purpose startergenerators,41778728.0
202608,502,United States,851150,Other generators,21410468.0
202608,502,United States,851180,"Electrical ignition or starting equipment, incl. cut-outs, of a kind used for spark-ignition or compression-ignition internal combustion engines (excluding generators, starter motors, distributors, ignition coils, ignition magnetos, magnetic flywheels and sparking plugs)",6526956.0
202608,502,United States,851190,"Parts of electrical ignition or starting equipment, generators, etc. of heading 8511, n.e.s.",4877256.0
202608,502,United States,851210,Lighting or visual signalling equipment of a kind used on bicycles,2594.0
202608,502,United States,851220,Other lighting or visual signalling equipment for cycles or motor vehicles,3800654.0
202608,502,United States,851230,Sound signalling equipment for cycles or motor vehicles,66148.0
202608,502,United States,851240,"Windscreen wipers, defrosters and demisters, for cycles or motor vehicles",91513.0
202608,502,United States,851290,"Parts of electrical lighting or signalling equipment, windscreen wipers, defrosters and demisters of a kind used for cycles and motor vehicles, n.e.s.",4307858.0
202608,502,United States,851310,Portable electrical lamps designed to function by their own source of energy,349595.0
202608,502,United States,851390,"Parts of portable electrical lamps designed to function by their own source of energy, n.e.s.",6083.0
202608,502,United States,851419,"Industrial/lab electric resistance heated furnaces & ovens, nes",110390996.0
202608,502,United States,851420,Furnaces and ovens functioning by induction or dielectric loss,1294757.0
202608,502,United States,851439,Other furnaces and ovens,736620.0
202608,502,United States,851440,Equipment for the heat treatment of materials by induction or dielectric loss (excluding ovens and furnaces),1084013.0
202608,502,United States,851490,"Parts of electric industrial or laboratory furnaces and ovens, incl. of those functioning by induction or dielectric loss, and of industrial or laboratory equipment for the heat treatment of materials by induction or dielectric loss, n.e.s. (other than for the manufacture of semiconductor devices on semiconductor wafers)",1619373.0
202608,502,United States,851511,"Soldering irons and guns, electric",55644.0
202608,502,United States,851529,"Machines for resistance welding of metals, neither fully nor partly automatic",182410.0
202608,502,United States,851539,"Machines for arc welding of metals, incl. plasma arc welding, neither fully nor partly automatic,nes",2125552.0
202608,502,United States,851580,"Electric machines and apparatus for laser or other light or photon beam, ultrasonic, electron beam, magnetic pulse or plasma arc welding; electric machines and apparatus for hot spraying of metals, metal carbides or cermets (excluding metal spray guns specified elsewhere)",3433406.0
202608,502,United States,851590,"Parts of machines and apparatus for soldering or welding or for hot spraying of metals, metal carbides or cermets, n.e.s. (excluding wire bonders of a kind used for the manufacture of semiconductor devices)",8971287.0
202608,502,United States,851610,Electric instantaneous or storage water heaters and immersion heaters,7542723.0
202608,502,United States,851629,Electric space-heating and soil-heating apparatus (excluding storage heating radiators),1104642.0
202608,502,United States,851631,Electric hairdryers,2696.0
202608,502,United States,851632,Electro-thermic hairdressing apparatus (excluding hairdryers),7365.0
202608,502,United States,851640,Electric smoothing irons,375.0
202608,502,United States,851650,Microwave ovens,532107.0
202608,502,United States,851660,"Electric ovens, cookers, cooking plates and boiling rings, electric grillers and roasters, for domestic use (excluding space-heating stoves and microwave ovens)",703375.0
202608,502,United States,851671,"Electro-thermic coffee or tea makers, for domestic use",434160.0
202608,502,United States,851672,"Electric toasters, for domestic use",18931.0
202608,502,United States,851679,"Electro-thermic appliances, for domestic use (excluding hairdressing appliances and hand dryers, space-heating and soil-heating apparatus, water heaters, immersion heaters, smoothing irons, microwave ovens, ovens, cookers, cooking plates, boiling rings, grillers, roasters, coffee makers, tea makers and toasters)",951554.0
202608,502,United States,851680,Electric heating resistors (excluding those of agglomerated coal and graphite),29240944.0
202608,502,United States,851690,"Parts of electric water heaters, immersion heaters, space-heating apparatus and soil-heating apparatus, hairdressing apparatus and hand dryers, electro-thermic appliances of a kind used for domestic purposes and electric heating resistors, n.e.s.",800131.0
202608,502,United States,851713,Smartphones,9955.0
202608,502,United States,851714,Other telephones for cellular networks or for other wireless networks,3036065.0
202608,502,United States,851718,Telephone sets (excluding line telephone sets with cordless handsets and telephones for cellular networks or for other wireless networks),1707303.0
202608,502,United States,851762,"Machines for the reception, conversion and transmission or regeneration of voice, images or other data, including switching and routing apparatus",52842064.0
202608,502,United States,851769,"Apparatus for the transmission or reception of voice, images or other data, incl. apparatus for communication in a wired or wireless network [such as a local or wide area network] (excluding telephone sets, telephones for cellular networks or for other wireless networks, base stations, apparatus for the reception, conversion and transmission or regeneration of voice, images or other data, and transmission or reception apparatus of heading 8443, 8525, 8527 or 8528)",6874902.0
202608,502,United States,851771,Aerials and aerial reflectors of all kinds; parts suitable for use therewith,16086044.0
202608,502,United States,851779,Parts of heading 85.17,84149370.0
202608,502,United States,851810,Microphones and stands therefor,1913382.0
202608,502,United States,851821,"Single loudspeakers, mounted in their enclosures",1184553.0
202608,502,United States,851822,"Multiple loudspeakers, mounted in the same enclosure",3624128.0
202608,502,United States,851829,"Loudspeakers, without enclosure",1766843.0
202608,502,United States,851830,"Headphones and earphones, whether or not combined with a microphone, and sets consisting of a microphone and one or more loudspeakers",1055875.0
202608,502,United States,851840,Audiofrequency electric amplifiers,4536076.0
202608,502,United States,851850,Electric sound amplifier sets,11105.0
202608,502,United States,851890,"Parts of microphones, loudspeakers, headphones and earphones, earphones, audio-frequency electric amplifiers or electric sound amplifier sets, n.e.s.",4810041.0
202608,502,United States,851981,"Sound recording or sound reproducing apparatus, using magnetic, optical or semiconductor media (excluding those operated by coins, banknotes, bank cards, tokens or by other means of payment, turntables and telephone answering machines)",1573790.0
202608,502,United States,852190,"Video recording or reproducing apparatus, whether or not incorporating a video tuner (excluding magnetic tape-type and video camera recorders)",17205.0
202608,502,United States,852290,Parts and accessories suitable for use solely or principally with sound reproducing and recording apparatus and with video equipment for recording and reproducing pictures and sound (excluding pick-up devices for grooved recording media),9260.0
202608,502,United States,852321,Cards incorporating a magnetic stripe for the recording of sound or of other phenomena,797557.0
202608,502,United States,852329,Magnetic media for the recording of sound or of other phenomena (excluding cards incorporating a magnetic stripe and goods of chapter 37),232181.0
202608,502,United States,852341,"Optical media for the recording of sound or of other phenomena, unrecorded (excluding goods of chapter 37)",23264.0
202608,502,United States,852349,Optical media for the recording of sound or of other phenomena (excluding unrecorded and goods of chapter 37),109996370.0
202608,502,United States,852351,"Solid-state, non-volatile data storage devices for recording data from an external source [flash memory cards or flash electronic storage cards] (excluding goods of chapter 37)",33619132.0
202608,502,United States,852352,"Cards incorporating one or more electronic integrated circuits smart cards""""",2959045.0
202608,502,United States,852359,"Semiconductor media, unrecorded, for the recording of sound or of other phenomena (excluding solid-state non-volatile data storage devices, smart cards and goods of chapter 37)",23579.0
202608,502,United States,852380,"Media for the recording of sound or of other phenomena, whether or not recorded, incl. matrices and masters for the production of discs (excluding magnetic, optical and semiconductor media, and products of chapter 37)",253828.0
202608,502,United States,852411,"Flat panel display modules of liquid crystals without drivers or control circuits, whether or not incorporating touch-sensitive screens",386445.0
202608,502,United States,852419,"Other flat panel display modules without drivers or control circuits, whether or not incorporating touch-sensitive screens",49855382.0
202608,502,United States,852491,Other flat panel display modules,1290963.0
202608,502,United States,852492,"Other flat panel display modules of organic light-emitting diodes (OLED), whether or not incorporating touch-sensitive screens",29182.0
202608,502,United States,852499,Other flat panel display modules,33466.0
202608,502,United States,852560,"Transmission apparatus for radio-broadcasting or television, incorporating reception apparatus",233345.0
202608,502,United States,852581,High-speed goods as specified in Subheading Note 1 to this Chapter,138.0
202608,502,United States,852589,"Other television cameras, digital cameras and video camera recorders",38790883.0
202608,502,United States,852610,Radar apparatus,19409021.0
202608,502,United States,852691,Radio navigational aid apparatus,21092519.0
202608,502,United States,852692,Radio remote control apparatus,1922074.0
202608,502,United States,852713,"Other radio-broadcast receivers capable of operating without an external source of power, combined with sound recording or reproducing apparatus (excluding pocket-size radiocassette players)",835.0
202608,502,United States,852792,"Radio-broadcast receivers, for mains operation only, not combined with sound recording or reproducing apparatus but combined with a clock (excluding those of a kind used in motor vehicles)",248.0
202608,502,United States,852852,"Monitors capable of directly connecting to and designed for use with an automatic data processing machine of heading 8471 (excl. CRT, with TV receiver)",3207424.0
202608,502,United States,852859,"Monitors, not incorporating television reception apparatus (excluding with cathode ray tube and those of a kind solely or principally used in an automatic data-processing machine of heading 8471)",31874943.0
202608,502,United States,852869,"Projectors, not incorporating television reception apparatus (excluding of a kind solely or principally used in an automatic data-processing machine of heading 8471)",813961.0
202608,502,United States,852871,"Reception apparatus for television, whether or not incorporating radio-broadcast receivers or sound or video recording or reproducing apparatus, not designed to incorporate a video display or screen",1358.0
202608,502,United States,852872,"Reception apparatus for television, colour, whether or not incorporating radio-broadcast receivers or sound or video recording or reproducing apparatus, designed to incorporate a video display or screen",5433.0
202608,502,United States,852910,"Aerials and aerial reflectors of all kinds; parts suitable for use therewith, of headings 85.25 to 85.28.",32974591.0
202608,502,United States,852990,Parts for devices of heading 85.24-85.28,32198825.0
202608,502,United States,853080,"Electrical signalling, safety or traffic control equipment (excluding that for railways or tramways and mechanical or electromechanical equipment of heading 8608)",11449.0
202608,502,United States,853090,"Parts of electrical signalling, safety or traffic control equipment, of heading 85.30",254066.0
202608,502,United States,853110,Burglar or fire alarms and similar apparatus,15188448.0
202608,502,United States,853120,Indicator panels incorporating liquid crystal devices (LCD) or lightemitting diodes (LED),3517610.0
202608,502,United States,853180,"Electric sound or visual signalling apparatus (excluding indicator panels with liquid crystal devices or light emitting diodes, burglar or fire alarms and similar apparatus and apparatus for cycles, motor vehicles and traffic signalling)",14389148.0
202608,502,United States,853190,"Parts of electric sound or visual signalling apparatus, n.e.s.",5939321.0
202608,502,United States,853210,Fixed capacitors designed for use in 50/60 Hz circuits and having a reactive power handling capacity of not less than 0.5 kvar,51270.0
202608,502,United States,853221,Tantalum,1571772.0
202608,502,United States,853222,Aluminium electrolytic,4551143.0
202608,502,United States,853223,"Ceramic dielectric, single layer",1091451.0
202608,502,United States,853224,"Ceramic dielectric, multilayer",14656382.0
202608,502,United States,853225,Dielectric of paper or plastics,1604321.0
202608,502,United States,853229,"Fixed electrical capacitors (excluding tantalum, aluminium electrolytic, ceramic, paper, plastic and power capacitors)",6385036.0
202608,502,United States,853230,Variable or adjustable (pre-set) capacitors,939003.0
202608,502,United States,853290,"Parts of electrical (pre-set) capacitors, fixed, variable or adjustable, n.e.s.",9750208.0
202608,502,United States,853310,"Fixed carbon resistors, composition or film types",644424.0
202608,502,United States,853321,Fixed electrical resistors for a power handling capacity not exceeding 20W,18855010.0
202608,502,United States,853329,Fixed electrical resistors for a power handling capacity exceeding 20W (excluding heating resistors),3459987.0
202608,502,United States,853331,Fixed electrical resistors for a power handling capacity not exceeding 20 W,820536.0
202608,502,United States,853339,"Wirewound variable electrical resistors, incl. rheostats and potentiometers, for a power handling capacity exceeding 20 W (excluding heating resistors)",175784.0
202608,502,United States,853340,"Other variable resistors, including rheostats and potentiometers",16231171.0
202608,502,United States,853390,"Parts of electrical resistors, incl. rheostats and potentiometers, n.e.s.",801393.0
202608,502,United States,853400,Printed circuits.,18973088.0
202608,502,United States,853510,Fuses for a voltage ＞ 1000 V,341246.0
202608,502,United States,853521,Automatic circuit breakers for a voltage ＞ 1000 V but ＜ 72.5 kV,63624.0
202608,502,United States,853530,"Isolating switches and make-and-break switches, for a voltage ＞ 1000 V",411135.0
202608,502,United States,853540,"Lightning arresters, voltage limiters and surge suppressors, for a voltage ＞ 1000 V",260027.0
202608,502,United States,853590,"Electrical apparatus for switching or protecting electrical circuits, or for making connections to or in electrical circuits, for a voltage ＞ 1000 V (excluding fuses, automatic circuit breakers, isolating switches, make-and-break switches, lightning arresters, voltage limiters, surge suppressors and control desks, cabinets, panels etc. of heading 8537)",7639211.0
202608,502,United States,853610,Fuses,908581.0
202608,502,United States,853620,Automatic circuit breakers,5266454.0
202608,502,United States,853630,Other apparatus for protecting electrical circuits,2424938.0
202608,502,United States,853641,For a voltage not exceeding 60 V,5085500.0
202608,502,United States,853649,"Other elect relays, 60V＜voltage≤1000V",8304734.0
202608,502,United States,853650,Other switches,69383582.0
202608,502,United States,853661,Lampholders,483567.0
202608,502,United States,853669,"Other electrical lamp-holders,voltage≤1000V",28902421.0
202608,502,United States,853670,"Connectors for optical fibres, optical fibre bundles or cables",92433003.0
202608,502,United States,853690,Other apparatus,229920818.0
202608,502,United States,853710,"Boards, cabinets and similar combinations of apparatus for electric control or the distribution of electricity, for a voltage ≤ 1000 V",277700892.0
202608,502,United States,853720,"Boards, cabinets and similar combinations of apparatus for electric control or the distribution of electricity, for a voltage ＞ 1000 V",24557365.0
202608,502,United States,853810,"Boards, panels, consoles, desks, cabinets and other bases for the goods of heading 85.37, not equipped with their apparatus",2616102.0
202608,502,United States,853890,"Other parts suitable for use solely or principally with the apparatus of heading 8535, 8536 or 8537",204219548.0
202608,502,United States,853910,Sealed beam lamp units,21055.0
202608,502,United States,853921,Tungsten halogen filament lamps (excluding sealed beam lamp units),8975064.0
202608,502,United States,853922,Filament lamps of a power ≤ 200 W and for a voltage ＞ 100 V (excluding tungsten halogen filament lamps and ultraviolet or infra-red lamps),7554.0
202608,502,United States,853929,"Electrical apparatus for switching electrical circuits, or for making connections to or in electrical circuits, for a voltage ≤ 1.000 V (excluding fuses, automatic circuit breakers and other apparatus for protecting electrical circuits, relays and other switches, lamp holders, plugs and sockets)",401084.0
202608,502,United States,853931,"Discharge lamps, fluorescent, hot cathode",43317.0
202608,502,United States,853932,Mercury or sodium vapour lamps; metal halide lamps,672655.0
202608,502,United States,853939,"Discharge lamps (excluding flourescent, hot cathode lamps, mercury or sodium vapour lamps, metal halide lamps and ultraviolet lamps)",4448933.0
202608,502,United States,853941,Arc lamps,846887.0
202608,502,United States,853949,Ultraviolet or infra-red lamps,4329585.0
202608,502,United States,853951,Light-emitting diode (LED) light sources,2468589.0
202608,502,United States,853952,Light-emitting diode (LED) lamps,637371.0
202608,502,United States,853990,Parts of goods of head 85.39,19005.0
202608,502,United States,854071,Magnetrons,1841127.0
202608,502,United States,854079,"Microwave tubes, e.g. travelling wave tubes and carcinotrons (excluding magnetrons and grid-controlled tubes)",12140479.0
202608,502,United States,854081,"Receiver or amplifier valves and tubes (excluding microwave tubes, photo-cathode tubes and cathode ray tubes)",468977.0
202608,502,United States,854089,"Electronic valves and tubes (excluding receiver or amplifier valves and tubes, microwave tubes, photo-cathode tubes, cathode ray tubes, black and white or other monochrome data-graphic display tubes and colour data-graphic display tubes with a phosphor dot screen pitch of ＜ 0,4 mm)",1363696.0
202608,502,United States,854099,"Parts of thermionic, cold cathode or photo cathode valves and tubes, n.e.s. (excluding parts of cathode ray tubes)",1434868.0
202608,502,United States,854110,"Diodes, other than photosensitive or light-emitting diodes (LED) Heading",15406243.0
202608,502,United States,854121,Transistors with a dissipation rate ＜ 1 W (excluding photosensitive transistors),3374945.0
202608,502,United States,854129,Transistors with a dissipation rate ≥ 1 W (excluding photosensitive transistors),56537426.0
202608,502,United States,854130,"Thyristors, diacs and triacs, other than photosensitive devices",181620.0
202608,502,United States,854141,lightemitting diodes (LED),120278767.0
202608,502,United States,854142,Photovoltaic cells not assembled in modules or made up into panels,11124.0
202608,502,United States,854143,Photovoltaic cells  assembled in modules or made up into panels,283894.0
202608,502,United States,854149,Other photosensitive semiconductor devices (excl.solar cells),235973711.0
202608,502,United States,854151,Semiconductor-based transducers,4178950.0
202608,502,United States,854159,Other semiconductor devices,4123317.0
202608,502,United States,854160,Mounted piezoelectric crystals,148858612.0
202608,502,United States,854190,"Parts of diodes, transistors and similar semiconductor devices; photosensitive semiconductor devices, light emitting diodes and mounted piezoelectric crystals, n.e.s.",143146853.0
202608,502,United States,854231,"Processors and controllers, whether or not combined with memories, converters, logic circuits, amplifiers, clock and timing circuits, or other circuits",16262983426.0
202608,502,United States,854232,Memories,1977991718.0
202608,502,United States,854233,Amplifiers,2346898190.0
202608,502,United States,854239,"Electronic integrated circuits (excluding such as processors, controllers, memories and amplifiers)",8647523801.0
202608,502,United States,854290,"Parts of electronic integrated circuits, n.e.s.",65169506.0
202608,502,United States,854310,Particle accelerators,307851.0
202608,502,United States,854320,Signal generators,7686642.0
202608,502,United States,854330,"Machines and apparatus for electroplating, electrolysis or electrophoresis",2180782.0
202608,502,United States,854340,Electronic cigarettes and similar personal electric vaporising devices,775.0
202608,502,United States,854370,"Electrical machines and apparatus, having individual functions, n.e.s. in chapter 85",162569743.0
202608,502,United States,854390,"Parts of electrical machines and apparatus, having individual functions, n.e.s. in chapter 85",25775404.0
202608,502,United States,854411,"Winding wire for electrical purposes, of copper, insulated",15943436.0
202608,502,United States,854419,"Winding wire for electrical purposes, of material other than copper, insulated",547577.0
202608,502,United States,854420,Coaxial cable and other coaxial electric conductors,27973923.0
202608,502,United States,854430,"Ignition wiring sets and other wiring sets of a kind used in vehicles, aircraft or ships",32538147.0
202608,502,United States,854442,"Electric conductors for a voltage ≤ 1000 V, insulated, fitted with connectors, n.e.s.",68577421.0
202608,502,United States,854449,"Electric conductors, for a voltage ≤ 1000 V, insulated, not fitted with connectors, n.e.s.",68683666.0
202608,502,United States,854460,"Other electric conductors, for a voltage exceeding 1000 V",10984765.0
202608,502,United States,854470,"Optical fibre cables made up of individually sheathed fibres, whether or not containing electric conductors or fitted with connectors",126086485.0
202608,502,United States,854519,"Electrodes of graphite or other carbon, for electrical purposes (excluding those used for furnaces)",563703.0
202608,502,United States,854520,Carbon brushes for electrical purposes,978172.0
202608,502,United States,854590,"Articles of graphite or other carbon, for electrical purposes (excluding electrodes and carbon brushes)",291774.0
202608,502,United States,854610,Electrical insulators of glass (excluding insulating fittings),48232.0
202608,502,United States,854620,Electrical insulators of ceramics (excluding insulating fittings),771681.0
202608,502,United States,854690,Electrical insulators (excluding those of glass or ceramics and insulating fittings),231688.0
202608,502,United States,854710,Insulating fittings of ceramics,4103102.0
202608,502,United States,854720,Insulating fittings of plastics,9569849.0
202608,502,United States,854790,"Insulating fittings for electrical purposes, of materials other than ceramics or plastics; electrical conduit tubing and joints therefor, of base metal lined with insulating material",1851981.0
202608,502,United States,854800,"Electrical parts of machinery or apparatus, not specified or included elsewhere in chapter 85",10637115.0
202608,502,United States,860719,"Axles, for electrical purposes, and wheels and parts thereof for railway or tramway locomotives or rolling stock; parts of bogies and bissel-bogies, n.e.s.",1579325.0
202608,502,United States,860721,"Air brakes and parts thereof for railway or tramway locomotives or rolling stock, n.e.s.",4396117.0
202608,502,United States,860729,"Brakes (other than air brakes), and parts thereof, for railway or tramway locomotives or rolling stock, n.e.s.",1333672.0
202608,502,United States,860730,"Hooks and other coupling devices, buffers, and parts thereof, for railway or tramway locomotives or rolling stock, n.e.s.",739110.0
202608,502,United States,860791,"Parts of railway or tramway locomotives, nes",18177.0
202608,502,United States,860799,"Parts of rolling stock of heading 8603, 8604, 8605 or 8606, n.e.s.",29919516.0
202608,502,United States,860800,"Railway or tramway track fixtures and fittings; mechanical 86.08 (including electromechanical) signalling, safety or traffic control equipment for railways, tramways, roads, inland parts of the foregoing.",314.0
202608,502,United States,860900,Containers (including containers for the transport of fluids) specially designed and equipped for carriage by one or more modes of transport.,1371329.0
202608,502,United States,870195,"Tractors, of an engine power, exceeding 130kW(excl. those of heading 8709, pedestrian-controlled tractors, road tractors for semi-trailers and track-laying tractors)",89261888.0
202608,502,United States,870310,Vehicles specially designed for travelling on snow; golf cars and similar vehicles,919679.0
202608,502,United States,870323,"Motor cars and other motor vehicles principally designed for the transport of persons, incl. station wagons and racing cars, with spark-ignition internal combustion piston engine of a cylinder capacity ＞1500ml but ≤3000ml (excluding vehicles for the transport of persons on snow and other specially designed vehicles of subheading 8703.10)",2007476331.0
202608,502,United States,870324,"Motor cars and other motor vehicles principally designed for the transport of persons, incl. station wagons and racing cars, with spark-ignition internal combustion piston engine of a cylinder capacity ＞ 3.000 cm3 (excluding vehicles for the transport of persons on snow and other specially designed vehicles of subheading 8703.10)",61030852.0
202608,502,United States,870332,"Motor cars and other motor vehicles principally designed for the transport of persons, incl. station wagons and racing cars, with compression-ignition internal combustion piston engine (diesel or semi-diesel engine)of a cylinder capacity ＞ 1500ml but ≤ 2500ml(excluding vehicles for the transport of persons on snow and other specially designed vehicles of subheading 8703.10)",544910.0
202608,502,United States,870333,"Motor cars and other motor vehicles principally designed for the transport of persons, incl. station wagons and racing cars, with compression-ignition internal combustion piston engine (diesel or semi-diesel engine) of a cylinder capacity ＞ 2500ml (excluding vehicles for the transport of persons on snow and other specially designed vehicles of subheading 8703.10)",1052010.0
202608,502,United States,870340,"Motor cars and other motor vehicles principally designed for the transport of ＜10 persons, incl. station wagons and racing cars, with both spark-ignition internal combustion piston engine and electric motor as motors for propulsion (excl. vehicles for travelling on snow, other specially designed vehicles of subheading 8703.10 and plug-in hybrids)",1864062.0
202608,502,United States,870360,"Motor cars and other motor vehicles principally designed for the transport of ＜10 persons, incl. station wagons and racing cars, with both spark-ignition internal combustion piston engine and electric motor as motors for propulsion, capable of being charged by plugging to external source of electric power (excl. vehicles for travelling on snow and other specially designed vehicles of subheading 8703.10)",3841719.0
202608,502,United States,870380,"Motor cars and other motor vehicles principally designed for the transport of ＜10 persons, incl. station wagons and racing cars, with only electric motor for propulsion (excl. vehicles for travelling on snow and other specially designed vehicles of subheading 8703.10)",6526114.0
202608,502,United States,870423,"Motor vehicles for the transport of goods, with compression-ignition internal combustion piston engine (diesel or semi-diesel engine), g.v.w. exceeding 20 tonnes",2271365.0
202608,502,United States,870431,"Motor vehicles for the transport of goods, with spark-ignition internal combustion piston engine, g.v.w. not exceeding 5 tonnes",25464217.0
202608,502,United States,870451,"Other, with both spark-ignition internal combustion piston engine and electric motor as motors for propulsion ,g.v.w. not exceeding 5 tonnes",462698.0
202608,502,United States,870710,Bodies for motor cars and other motor vehicles principally designed for the transport of persons,36536.0
202608,502,United States,870790,"Bodies for tractors, motor vehicles for the transport of ten or more persons, motor vehicles for the transport of goods and special purpose motor vehicles of heading 8705",8555579.0
202608,502,United States,870810,Bumpers and parts thereof,17368735.0
202608,502,United States,870821,Safety seat belts,34016.0
202608,502,United States,870822,"Front windscreens (windshields), rear windows and other windows specified in Subheading Note 1 to this Chapter",3448216.0
202608,502,United States,870829,"Parts and accessories of bodies for tractors, motor vehicles for the transport of ten or more persons, motor cars and other motor vehicles principally designed for the transport of persons, motor vehicles for the transport of goods and special purpose motor vehicles (excluding bumpers and parts thereof and safety seat belts)",89374982.0
202608,502,United States,870830,Brakes and servobrakes; parts thereof,91792238.0
202608,502,United States,870840,Gear boxes and parts thereof,40275624.0
202608,502,United States,870850,"Driveaxles with differential, whether or not provided with other transmission components, and nondriving axles; parts thereof",33154065.0
202608,502,United States,870870,Road wheels and parts and accessories thereof,46853976.0
202608,502,United States,870880,Suspension systems and parts thereof (including shockabsorbers),15030449.0
202608,502,United States,870891,Radiators and parts thereof,2460468.0
202608,502,United States,870892,Silencers (mufflers) and exhaust pipes; parts thereof,2089229.0
202608,502,United States,870893,Clutches and parts thereof,4478405.0
202608,502,United States,870894,"Steering wheels, steering columns and steering boxes; parts thereof",5591495.0
202608,502,United States,870895,Safety airbags with inflater system; parts thereof,7518313.0
202608,502,United States,870899,"Parts and accessories, for tractors, motor vehicles for the transport of ten or more persons, motor cars and other motor vehicles principally designed for the transport of persons, motor vehicles for the transport of goods and special purpose motor vehicles, n.e.s.",51197644.0
202608,502,United States,870990,"Parts of self-propelled works trucks, not fitted with lifting or handling equipment, of the type used in factories, warehouses, dock areas or airports for short distance transport of goods, incl. tractors for railways station platforms, n.e.s.",72983.0
202608,502,United States,871150,"Motorcycles, incl. mopeds, and cycles fitted with an auxiliary motor, with internal combustion piston engine of a cylinder capacity exceeding 800 cc",1081593.0
202608,502,United States,871310,"Carriages for disabled persons, not mechanically propelled",108572.0
202608,502,United States,871390,"Carriages for disabled persons, motorised or otherwise mechanically propelled (excluding specially designed motor vehicles and bicycles)",98468.0
202608,502,United States,871410,"Parts and accessories of motorcycles, incl. mopeds, n.e.s.",1604696.0
202608,502,United States,871420,"Parts and accessories for carriages for disabled persons, n.e.s.",160141.0
202608,502,United States,871491,"Frames and forks, and parts thereof, for cycles, n.e.s. (excluding for motorcycles)",190835.0
202608,502,United States,871492,"Wheel rims and spokes, for cycles (excluding for motorcycles)",65340.0
202608,502,United States,871493,Hubs and free-wheel sprocket-wheels for cycles (excluding for motorcycles and coaster braking hubs and hub brakes),145572.0
202608,502,United States,871496,"Pedals and crank-gear, and parts thereof, for bicycles, n.e.s.",7675.0
202608,502,United States,871499,"Parts and accessories, for bicycles, n.e.s.",1764952.0
202608,502,United States,871610,"Trailers and semitrailers of the caravan type, for housing or camping",1178239.0
202608,502,United States,871640,"Trailers and semi-trailers, not designed for running on rails (excluding trailers and semi-trailers for the transport of goods and those of the caravan type for housing or camping)",305595.0
202608,502,United States,871680,Vehicles pushed or drawn by hand and other vehicles not mechanically propelled (excluding trailers and semi-trailers),2319513.0
202608,502,United States,871690,"Parts of trailers and semi-trailers and other vehicles not mechanically propelled, n.e.s.",1899970.0
202608,502,United States,880240,"Aeroplanes and other aircraft, of an unladen weight exceeding 15,000 kg",4590048711.0
202608,502,United States,880400,Parachutes (including dirigible parachutes and paragliders) and rotochutes; parts thereof and accessories thereto.,22233.0
202608,502,United States,880529,"Ground flying trainers and parts thereof, n.e.s. (excluding air combat simulators and parts thereof)",757070.0
202608,502,United States,880710,Propellers and rotors and parts thereof,2159219.0
202608,502,United States,880720,Under-carriages and parts thereof,286982844.0
202608,502,United States,880730,"Other parts of airplanes, helicopters or unmanned aircraft",396297353.0
202608,502,United States,880790,"Parts of airplanes, helicopters or unmanned aircraft,nes",2434379.0
202608,502,United States,890393,"Other vessels for pleasure or sports; rowing boats,of a length not exceeding 7.5 m",6791.0
202608,502,United States,890710,Inflatable rafts,852435.0
202608,502,United States,890790,"Rafts, tanks, coffer-dams, landing stages, buoys, beacons and other floating structures (excluding inflatable rafts, vessels of heading 8901 to 8906 and floating structures for breaking up)",45636.0
202608,502,United States,900110,"Optical fibres, optical fibre bundles and cables",88453938.0
202608,502,United States,900120,Sheets and plates of polarising material,109233070.0
202608,502,United States,900130,Contact lenses,3283729.0
202608,502,United States,900150,Spectacle lenses of other materials,2964778.0
202608,502,United States,900190,"Lenses, prisms, mirrors and other optical elements, of any material, unmounted (excluding such elements of glass not optically worked, contact lenses and spectacle lenses)",184575746.0
202608,502,United States,900211,"Objective lenses for cameras, projectors or photographic enlargers or reducers",497810.0
202608,502,United States,900219,"Objective lenses (excluding for cameras, projectors or photographic enlargers or reducers)",5097017.0
202608,502,United States,900220,"Filters, optical, being parts of or fittings for instruments, apparatus and appliances, framed or mounted",6817025.0
202608,502,United States,900290,"Lenses, prisms, mirrors and other optical elements, mounted, of any material, being parts of or fittings for instruments or apparatus (excluding objective lenses for cameras, projectors or photographic enlargers or reducers, such elements of glass not optically worked, and filters)",45860234.0
202608,502,United States,900311,Frames and mountings of plastics,378511.0
202608,502,United States,900319,Frames and mountings of other materials,7147.0
202608,502,United States,900390,Parts thereof,137308.0
202608,502,United States,900410,Sunglasses,39613175.0
202608,502,United States,900490,"Spectacles, goggles and the like, corrective, protective or other (excluding spectacles for testing eyesight, sunglasses, contact lenses, spectacle lenses and frames and mountings for spectacles)",3862714.0
202608,502,United States,900590,Parts and accessories (including mountings),241.0
202608,502,United States,900653,Cameras For roll film of a width of 35 mm,32294.0
202608,502,United States,900669,Photographic flashlights and flashlight apparatus (excluding with electronic discharge lamps),419193.0
202608,502,United States,900691,"Parts and accessories for photographic cameras, n.e.s.",44492.0
202608,502,United States,900791,"Parts and accessories for cinematographic cameras, n.e.s.",19141.0
202608,502,United States,900792,"Parts and accessories for cinematographic projectors, n.e.s.",318530.0
202608,502,United States,900850,"Projectors, enlargers and reducers",729686.0
202608,502,United States,901090,"Parts and accessories, in heading of 90.10",15923.0
202608,502,United States,901110,Stereoscopic microscopes,80453.0
202608,502,United States,901120,"Other microscopes, for photomicrography, cinephotomicrography or microprojection",245139.0
202608,502,United States,901180,Other microscopes,571625.0
202608,502,United States,901190,"Parts and accessories for compound optical microscopes, n.e.s.",2386319.0
202608,502,United States,901290,"Parts and accessories for electron microscopes, proton microscopes and diffraction apparatus, n.e.s.",11572429.0
202608,502,United States,901310,"Telescopic sights for fitting to arms; periscopes; telescopes designed to form parts of machines, appliances, instruments or apparatus of this Chapter or Section XVI",122208.0
202608,502,United States,901320,"Lasers, other than laser diodes",84859341.0
202608,502,United States,901380,"Other devices, appliances and instruments",17072958.0
202608,502,United States,901390,"Parts and accessories, in heading of 90.13",20957015.0
202608,502,United States,901410,Direction finding compasses,298015.0
202608,502,United States,901420,Instruments and appliances for aeronautical or space navigation (other than compasses),147959512.0
202608,502,United States,901480,Other instruments and appliances,201664.0
202608,502,United States,901490,"Parts and accessories for compasses and other navigational instruments and appliances, n.e.s.",8340936.0
202608,502,United States,901510,Rangefinders,1154039.0
202608,502,United States,901530,Levels,203780.0
202608,502,United States,901580,Other instruments and appliances,34003729.0
202608,502,United States,901590,"Parts and accessories, in heading of 90.15",6440243.0
202608,502,United States,901600,"Balances of a sensitivity of 5 cg or better, with or without weights.",151165.0
202608,502,United States,901720,"Other drawing, markingout or mathematical calculating instruments",32109.0
202608,502,United States,901730,"Micrometers, callipers and gauges",1680855.0
202608,502,United States,901780,"Instruments for measuring length, for use in the hand, n.e.s.",528939.0
202608,502,United States,901790,"Parts and accessories, in heading of 90.17",96158.0
202608,502,United States,901811,Electrocardiographs,2343347.0
202608,502,United States,901812,Ultrasonic scanning apparatus,33894180.0
202608,502,United States,901813,Magnetic resonance imaging apparatus,61543345.0
202608,502,United States,901814,Scintigraphic apparatus,10631265.0
202608,502,United States,901819,Other electro-medical diagnostic apparatus,76071890.0
202608,502,United States,901820,Ultraviolet or infrared ray apparatus,1288019.0
202608,502,United States,901831,"Syringes, with or without needles",21721194.0
202608,502,United States,901832,Tubular metal needles and needles for sutures,76137800.0
202608,502,United States,901839,"Needles, catheters, cannulae and the like, used in medical, surgical, dental or veterinary sciences (excluding syringes, tubular metal needles and needles for sutures)",157662041.0
202608,502,United States,901849,"Instruments and appliances used in dental sciences, n.e.s.",6835712.0
202608,502,United States,901850,Other ophthalmic instruments and appliances,144259695.0
202608,502,United States,901890,Other instruments and appliances,579622927.0
202608,502,United States,901910,Mechanotherapy appliances; massage apparatus; psychological aptitudetesting apparatus,534259.0
202608,502,United States,901920,"Ozone therapy, oxygen therapy, aerosol therapy, artificial respiration or other therapeutic respiration apparatus",1086118.0
202608,502,United States,902000,"Other breathing appliances and gas masks, excluding protective masks having neither mechanical parts nor replaceable filters.",10041985.0
202608,502,United States,902110,Orthopaedic or fracture appliances,39771936.0
202608,502,United States,902121,Artificial teeth,360888.0
202608,502,United States,902129,Dental fittings (excluding artificial teeth),42913934.0
202608,502,United States,902131,Artificial joints,70122133.0
202608,502,United States,902139,Artificial parts of the body (excluding artificial teeth and dental fittings and artificial joints),66783789.0
202608,502,United States,902150,"Pacemakers for stimulating heart muscles, excluding parts and accessories",40428387.0
202608,502,United States,902190,"Articles and appliances, which are worn or carried, or implanted in the body, to compensate for a defect or disability (excluding artificial parts of the body, complete hearing aids and complete pacemakers for stimulating heart muscles)",206247474.0
202608,502,United States,902212,Computed tomography apparatus,11884250.0
202608,502,United States,902214,"Apparatus based on the use of X-rays, for medical, surgical or veterinary uses (excluding for dental purposes and computer tomography apparatus)",24153276.0
202608,502,United States,902219,"Apparatus based on the use of X-rays (other than for medical, surgical, dental or veterinary uses)",88191504.0
202608,502,United States,902221,"Apparatus based on the use of alpha, beta ,gamma or other ionising radiations, for medical, surgical, dental or veterinary uses",49758.0
202608,502,United States,902229,"Apparatus based on the use of alpha, beta or gamma or other ionising radiations (other than for medical, surgical, dental or veterinary uses)",1674616.0
202608,502,United States,902230,X-ray tubes,204442738.0
202608,502,United States,902290,"X-ray generators other than X-ray tubes, high tension generators, control panels and desks, screens, examination or treatment tables, chairs and the like, and general parts and accessories for apparatus of heading 9022, n.e.s.",71947916.0
202608,502,United States,902300,"Instruments, apparatus and models, designed for 90.23 demonstrational purposes (for example, in education or exhibitions), unsuitable for other uses.",8751990.0
202608,502,United States,902410,Machines and appliances for testing metals,1495161.0
202608,502,United States,902480,Other machines and appliances,13090477.0
202608,502,United States,902490,Parts and accessories,4043729.0
202608,502,United States,902511,"Liquidfilled, for direct reading",14453.0
202608,502,United States,902519,"Thermometers and pyrometers, not combined with other instruments (excluding liquid-filled thermometers for direct reading)",77241882.0
202608,502,United States,902580,"Hydrometers, areometers and similar floating instruments, barometers, hygrometers and psychrometers, whether or not combined with each other or with thermometers",8619934.0
202608,502,United States,902590,"Parts and accessories for hydrometers, areometers and similar floating instruments, thermometers, pyrometers, barometers, hygrometers and psychrometers, n.e.s.",15993970.0
202608,502,United States,902610,Instruments and apparatus for measuring or checking the flow or level of liquids (excluding meters and regulators),47489573.0
202608,502,United States,902620,Instruments and apparatus for measuring or checking pressure of liquids or gases (excluding regulators),97533605.0
202608,502,United States,902680,"Instruments or apparatus for measuring or checking variables of liquids or gases, n.e.s.",28292663.0
202608,502,United States,902690,"Parts and accessories for instruments and apparatus for measuring or checking the flow, level, pressure or other variables of liquids or gases, n.e.s.",62314768.0
202608,502,United States,902710,Gas or smoke analysis apparatus,38091952.0
202608,502,United States,902720,Chromatographs and electrophoresis instruments,22122806.0
202608,502,United States,902730,"Spectrometers, spectrophotometers and spectrographs using optical radiations (UV, visible, IR)",51666902.0
202608,502,United States,902750,"Other instruments and apparatus using optical radiations (UV, visible, IR)",249784873.0
202608,502,United States,902781,Mass spectrometers,44467115.0
202608,502,United States,902789,Other instruments and apparatus,102465476.0
202608,502,United States,902790,Microtomes; parts and accessories,171995072.0
202608,502,United States,902810,"Gas meters, incl. calibrating meters therefor",137356.0
202608,502,United States,902820,"Liquid meters, incl. calibrating meters therefor",197571.0
202608,502,United States,902830,"Electricity supply or production meters, incl. calibrating meters therefor",167166.0
202608,502,United States,902890,"Parts and accessories for gas, liquid or electricity supply or production meters, n.e.s.",12894.0
202608,502,United States,902910,"Revolution counters, production counters, taximeters, mileometers, pedometers and the like",354265.0
202608,502,United States,902920,Speed indicators and tachometers; stroboscopes,3946438.0
202608,502,United States,902990,"Parts and accessories,in heading of 90.29",997100.0
202608,502,United States,903010,Instruments and apparatus for measuring or detecting ionising radiations,49859716.0
202608,502,United States,903020,Oscilloscopes and oscillographs,12856117.0
202608,502,United States,903031,Multimeters without a recording device,1504814.0
202608,502,United States,903032,Multimeters with a recording device,15718.0
202608,502,United States,903033,"Instruments and apparatus for measuring or checking voltage, current, resistance or electrical power (other than those for measuring or checking semiconductor wafers or devices), without recording device (excluding multimeters, and oscilloscopes and oscillographs)",14674107.0
202608,502,United States,903039,"Instruments and apparatus for measuring or checking voltage, current, resistance or electrical power (other than those for measuring or checking semiconductor wafers or devices), with recording device (excluding multimeters, and oscilloscopes and oscillographs)",3233645.0
202608,502,United States,903040,"Other instruments and apparatus, specially designed for telecommunications (for example, crosstalk meters, gain measuring instruments, distortion factor meters, psophometers)",15563880.0
202608,502,United States,903082,For measuring or checking semiconductor wafers or devices (including integrated circuits),48719998.0
202608,502,United States,903084,"Instruments and apparatus for measuring or checking electrical quantities, with recording device (excluding appliances specially designed for telecommunications, multimeters, oscilloscopes and oscillographs, and apparatus for measuring or checking semiconductor wafers or devices)",3167892.0
202608,502,United States,903089,"Instruments and apparatus for measuring or checking electrical quantities, without recording device, n.e.s.",34001168.0
202608,502,United States,903090,Parts and accessories,70557571.0
202608,502,United States,903120,Test benches,10676393.0
202608,502,United States,903141,For inspecting semiconductor wafers or devices (including integrated circuits) or for inspecting photomasks or reticles used in manufacturing semiconductor devices (including integrated circuits),1098073555.0
202608,502,United States,903149,"Optical instruments, appliances and machines for measuring or checking, not elsewhere specified or included in chapter 90",86940952.0
202608,502,United States,903180,"Other instruments, appliances and machines",392224166.0
202608,502,United States,903190,"Parts and accessories, in heading of 90.31",109045968.0
202608,502,United States,903210,Thermostats,17507350.0
202608,502,United States,903220,Manostats,5524281.0
202608,502,United States,903281,Hydraulic or pneumatic,7953685.0
202608,502,United States,903289,"Regulating or controlling instruments and apparatus (excluding hydraulic or pneumatic, manostats, thermostats, and taps, cocks and valves of heading 8481)",334208980.0
202608,502,United States,903290,"Parts and accessories for regulating or controlling instruments and apparatus, n.e.s.",60288389.0
202608,502,United States,903300,"Parts and accessories (not specified or included elsewhere in this Chapter) for machines, appliances, instruments or apparatus of Chapter 90.",6497411.0
202608,502,United States,910211,"Wrist-watches, whether or not incorporating a stop-watch facility, electrically operated, with mechanical display only (excluding of precious metal or of metal clad with precious metal)",328166.0
202608,502,United States,910212,"Wrist-watches, whether or not incorporating a stop-watch facility, electrically operated, with opto-electronic display only (excluding of precious metal or of metal clad with precious metal)",4323.0
202608,502,United States,910219,"Wrist-watches, whether or not incorporating a stop-watch facility, electrically operated, with combined mechanical and opto-electronic display (excluding of precious metal or of metal clad with precious metal)",25363.0
202608,502,United States,910221,"Wrist-watches, whether or not incorporating a stop-watch facility, with automatic winding (excluding of precious metal or of metal clad with precious metal)",157842.0
202608,502,United States,910229,"Wrist-watches, whether or not incorporating a stop-watch facility, with hand winding only (excluding of precious metal or of metal clad with precious metal)",535.0
202608,502,United States,910291,"Pocket-watches and the like, incl. stop-watches, electrically operated (excluding of precious metal or of metal clad with precious metal)",100.0
202608,502,United States,910299,"Pocket-watches and the like, incl. stop-watches, with hand or automatic winding (excluding of precious metal or of metal clad with precious metal)",8072.0
202608,502,United States,910400,"Instrument panel clocks and clocks of a similar type for vehicles, aircraft, spacecraft or vessels.",117337.0
202608,502,United States,910521,"Wall clocks, electrically operated",2686.0
202608,502,United States,910591,"Clocks, electrically operated (excluding wrist-watches, pocket-watches and other watches of heading 9101 or 9102, clocks with watch movements of heading 9103, instrument panel clocks and the like of heading 9104, alarm clocks and wall clocks)",52131.0
202608,502,United States,910599,"Clocks (excluding electrically operated, wrist-watches, pocket-watches and other watches of heading 9101 or 9102, clocks with watch movements of heading 9103, instrument panel clocks and the like of heading 9104, alarm clocks and wall clocks)",21764.0
202608,502,United States,910690,"Time of day recording apparatus and apparatus for measuring, recording or otherwise indicating intervals of time, with clock or watch movement or with synchronous motor (excluding clocks of heading 9101 to 9105, time registers and time recorders)",54994.0
202608,502,United States,910700,Time switches with clock or watch movement or with synchronous motor.,9543.0
202608,502,United States,910811,"Watch movements, complete and assembled, electrically operated, with mechanical display only or with a device to which a mechanical display can be incorporated",10176.0
202608,502,United States,911120,"Cases for wrist-watches, pocket-watches and other watches of heading 9101 or 9102, of base metal, whether or not gold- or silver-plated",548.0
202608,502,United States,911220,"Clock and watch cases (excluding for wrist-watches, pocket-watches and other watches of heading 9101 or 9102)",1229.0
202608,502,United States,911320,"Watch straps, watch bands and watch bracelets, and parts thereof, of base metal, whether or not gold- or silver-plated, n.e.s.",9338.0
202608,502,United States,911390,"Watch straps, watch bands and watch bracelets, and parts thereof, n.e.s.",9482.0
202608,502,United States,911430,Dials for clocks or watches,618.0
202608,502,United States,920110,Upright pianos,20000.0
202608,502,United States,920120,Grand pianos,223412.0
202608,502,United States,920290,"Guitars, harps and other string musical instruments (excluding with keyboard and those played with a bow)",4269717.0
202608,502,United States,920510,Brasswind instruments,466060.0
202608,502,United States,920590,Wind musical instruments (excluding brass-wind instruments),7276.0
202608,502,United States,920600,"Percussion musical instruments (for example, drums, xylophones, cymbals, castanets, maracas).",1344491.0
202608,502,United States,920710,"Keyboard instruments, other than accordions",18391.0
202608,502,United States,920790,"Accordions and musical instruments without keyboards, the sound of which is produced, or must be amplified, electrically",1284808.0
202608,502,United States,920930,Musical instrument strings,3338751.0
202608,502,United States,920992,Parts and accessories for the musical instruments of heading 92.02,1289433.0
202608,502,United States,920994,Parts and accessories for the musical instruments of heading 92.07,2432232.0
202608,502,United States,920999,"Parts and accessories for musical instruments  n.e.s.; metronomes, tuning forks and pitch pipes of all kinds",2620755.0
202608,502,United States,930700,"Swords, cutlasses, bayonets, lances and similar arms and parts thereof and scabbards and sheaths therefor.",135359.0
202608,502,United States,940110,Seats of a kind used for aircraft,10561436.0
202608,502,United States,940120,Seats of a kind used for motor vehicles,160352.0
202608,502,United States,940139,Other swivel seats with variable height adjustment,855983.0
202608,502,United States,940141,"Seats of wood,other than garden seats or camping equipment, convertible into beds",10827.0
202608,502,United States,940153,Seats of rattan,36702.0
202608,502,United States,940161,"Upholstered seats, with wooden frames (excluding convertible into beds)",750498.0
202608,502,United States,940169,"Seats, with wooden frames (excluding upholstered)",105106.0
202608,502,United States,940171,"Upholstered seats, with metal frames (excluding seats for aircraft or motor vehicles, swivel seats with variable height adjustments and medical, dental or surgical furniture)",1039044.0
202608,502,United States,940179,"Seats, with metal frames (excluding upholstered, swivel seats with variable height adjustments and medical, dental or surgical furniture)",134254.0
202608,502,United States,940180,"Seats, n.e.s.",944588.0
202608,502,United States,940191,"Parts of seats,of wood,nes",43249.0
202608,502,United States,940199,"Parts of seats,of non-wooden, nes",41277563.0
202608,502,United States,940210,"Dentists', barbers' or similar chairs and parts thereof",3858.0
202608,502,United States,940290,"Operating tables, examination tables, and other medical, dental, surgical or veterinary furniture (excluding dentists' or similar chairs, special tables for X-ray examination, and stretchers and litters, incl. trolley-stretchers)",888445.0
202608,502,United States,940310,Metal furniture of a kind used in offices,388447.0
202608,502,United States,940320,Other metal furniture,1042793.0
202608,502,United States,940330,Wooden furniture of a kind used in offices,170607.0
202608,502,United States,940340,Wooden furniture of a kind used in the kitchen,950.0
202608,502,United States,940350,Wooden furniture of a kind used in the bedroom,65009.0
202608,502,United States,940360,Other wooden furniture,309662.0
202608,502,United States,940370,Furniture of plastics,384174.0
202608,502,United States,940389,"Furniture of other mareials, including cane, osier or similar materials (excluding of bamboo, rattan, metal, wood and plastics, and seats and medical, surgical, dental or veterinary furniture)",256906.0
202608,502,United States,940391,"Parts of furniture,of wood,nes (excluding of seats and medical, surgical, dental or veterinary furniture)",13241.0
202608,502,United States,940399,Other furnitures parts nes,743343.0
202608,502,United States,940410,Mattress supports for bed frames (excluding spring interiors for seats),47255.0
202608,502,United States,940421,"Mattresses of cellular rubber or plastics, whether or not covered",585228.0
202608,502,United States,940429,"Mattresses, fitted with springs or stuffed or internally filled with any material (excluding cellular rubber or plastics, pneumatic or water mattresses and pillows)",1559828.0
202608,502,United States,940430,"Sleeping bags, whether or non-electrically heated",3171.0
202608,502,United States,940440,"Quilts, bedspreads, eiderdowns and duvets (comforters)",5533.0
202608,502,United States,940490,"Articles of bedding and similar furnishing, fitted with springs or stuffed or internally filled with any material or of cellular rubber or plastics (excluding mattress supports, mattresses, sleeping bags, pneumatic or water mattresses and pillows, blankets and covers)",7445494.0
202608,502,United States,940511,"Chandeliers and other electric ceiling or wall lighting fittings, excluding those of a kind used for lighting public open spaces or thoroughfares,designed for use solely with light-emitting diode (LED) light sources",3776.0
202608,502,United States,940519,"Other chandeliers and other electric ceiling or wall lighting fittings, excluding those of a kind used for lighting public open spaces or thoroughfares",30414.0
202608,502,United States,940521,"Electric table, desk, bedside or floor-standing luminaires,designed for use solely with light-emitting diode (LED) light sources",11176.0
202608,502,United States,940529,"Other electric table, desk, bedside or floor-standing luminaires",578.0
202608,502,United States,940541,"Other electric luminaires and lighting fittings,Photovoltaic, designed for use solely with light-emitting diode (LED) light sources",921.0
202608,502,United States,940542,"Other electric luminaires and lighting fittings,non-photovoltaic,designed for use solely with light-emitting diode (LED) light sources",3207158.0
202608,502,United States,940549,Other electric luminaires and lighting fittings,13000740.0
202608,502,United States,940550,Non-electrical luminaires and lighting fittings,72714.0
202608,502,United States,940561,"Illuminated signs, illuminated name-plates & the like,designed for use solely with light-emitting diode (LED) light sources",227255.0
202608,502,United States,940569,"Other illuminated signs, illuminated name-plates & the like",1074100.0
202608,502,United States,940591,"Parts of lamps and lighting fittings, illuminated signs and nameplates and the like, of glass, n.e.s.",1267468.0
202608,502,United States,940592,"Parts of lamps and lighting fittings, illuminated signs and nameplates and the like, of plastics, n.e.s.",3662351.0
202608,502,United States,940599,"Parts of lamps and lighting fittings, illuminated signs and nameplates and the like, n.e.s.",445581.0
202608,502,United States,950300,"Tricycles, scooters, pedal cars and similar wheeled toys; dolls' carriages; dolls; other toys; reducedsize (scale"") models and similar recreational models, working or not; puzzles of all kinds.""",614172.0
202608,502,United States,950420,Articles and accessories for billiards of all kinds,3672847.0
202608,502,United States,950430,"Other games, operated by coins, banknotes, bank cards, tokens or by any other means of payment, other than automatic bowling alley equipment",105662.0
202608,502,United States,950440,Playing cards,2464646.0
202608,502,United States,950450,"Video game consoles and machines, other than those of subheading 9504.30",599547.0
202608,502,United States,950490,"Tables for casino games, automatic bowling alley equipment, and other funfair, table or parlour games, incl. pintables (excluding operated by any means of payment, billiards, video game consoles and machines, and playing cards)",195112.0
202608,502,United States,950510,Articles for Christmas festivities,6402.0
202608,502,United States,950590,"Festival, carnival or other entertainment articles, incl. conjuring tricks and novelty jokes, n.e.s.",2350383.0
202608,502,United States,950619,Ski equipment for winter sports (other than skis and ski-fastenings [ski-bindings]),33130.0
202608,502,United States,950629,"Water-skis, surfboards and other water-sport equipment (other than sailboards)",117026.0
202608,502,United States,950631,"Golf clubs, complete",411835.0
202608,502,United States,950632,Golf balls,1684866.0
202608,502,United States,950639,Golf equipment (excluding balls and complete clubs),264326.0
202608,502,United States,950640,Articles and equipment for table-tennis,422.0
202608,502,United States,950659,"Badminton and similar rackets, whether or not strung (other than tennis rackets and table-tennis bats)",60383.0
202608,502,United States,950662,Inflatable balls,335144.0
202608,502,United States,950669,"Balls (excluding inflatable, tennis balls, golf balls, and table-tennis balls)",3386.0
202608,502,United States,950670,"Ice skates and roller skates, incl. skating boots with skates or rollers attached",5098.0
202608,502,United States,950691,"Articles and equipment for general physical exercise, gymnastics or athletics",6184209.0
202608,502,United States,950699,Articles and equipment for sport and outdoor games n.e.s; swimming and paddling pools,2103172.0
202608,502,United States,950710,Fishing rods,221356.0
202608,502,United States,950720,"Fishhooks, whether or not snelled",1124785.0
202608,502,United States,950730,Fishing reels,26649.0
202608,502,United States,950790,"Line fishing tackle n.e.s; fish landing nets, butterfly nets and similar nets; decoys and similar hunting or shooting requisites (excluding decoy calls of all kinds and stuffed birds of heading 9705)",1615094.0
202608,502,United States,950821,Roller coasters,182346.0
202608,502,United States,950829,Other amusement park rides and water park amusements,328435.0
202608,502,United States,960200,"Worked vegetable or mineral carving material and articles of 96.02 these materials; moulded or carved articles of wax, of stearin, of natural gums or natural resins or of modelling pastes, and other moulded or carved articles, not elsewhere specified or included; worked, unhardened gelatin (except gelatin of heading 35.03) and articles of unhardened gelatin.",43049.0
202608,502,United States,960321,"Tooth brushes, including dentalplate brushes",1221793.0
202608,502,United States,960329,"Shaving brushes, hair brushes, nail brushes, eyelash brushes and other brushes for use on the person (excluding tooth brushes)",56043.0
202608,502,United States,960330,"Artists' brushes, writing brushes and similar brushes for the application of cosmetics",154157.0
202608,502,United States,960340,"Paint, distemper, varnish or similar brushes (other than brushes of subheading 9603.30); paint pads and rollers",7236.0
202608,502,United States,960350,"Other brushes constituting parts of machines, appliances or vehicles",2060800.0
202608,502,United States,960390,"Mops and leather dusters; prepared knots and tufts for broom or brush making; squeegees of rubber or other flexible materials; brooms and brushes, n.e.s.",634286.0
202608,502,United States,960400,Hand sieves and hand riddles.,1108.0
202608,502,United States,960500,"Travel sets for personal toilet, sewing or shoe or clothes cleaning.",358.0
202608,502,United States,960610,"Pressfasteners, snapfasteners and pressstuds and parts therefor",39582.0
202608,502,United States,960621,"Buttons of plastics, not covered with textile material",6186.0
202608,502,United States,960622,"Buttons of base metal, not covered with textile material",46500.0
202608,502,United States,960629,"Buttons (excluding of plastics or base metal, not covered with textile material, press-fasteners, snap-fasteners, press studs and cuff links)",95.0
202608,502,United States,960711,Fitted with chain scoops of base metal,121632.0
202608,502,United States,960719,Slide fasteners (excluding fitted with chain scoops of base metal),808593.0
202608,502,United States,960720,Parts of slide fasteners,14103.0
202608,502,United States,960810,Ball point pens,26906.0
202608,502,United States,960820,Felt tipped and other poroustipped pens and markers,535283.0
202608,502,United States,960830,"Fountain pens, stylograph pens and other pens",3062.0
202608,502,United States,960840,Propelling or sliding pencils,2448.0
202608,502,United States,960850,Sets of articles from two or more of the foregoing subheadings,57442.0
202608,502,United States,960860,"Refills for ball point pens, comprising the ball point and inkreservoir",733789.0
202608,502,United States,960891,Pen nibs and nib points,6074.0
202608,502,United States,960899,"Parts of ball-point pens, felt-tipped and other porous-tipped pens and markers, fountain pens and propelling pencils n.e.s, pencil-holders, pen-holders and the like, and duplicating stylos",233815.0
202608,502,United States,960910,"Pencils and crayons, with leads encased in a sheath",2525.0
202608,502,United States,960920,"Pencil leads, black or coloured",415.0
202608,502,United States,960990,"Pencils, pastels, drawing charcoals, writing or drawing chalks and tailors' chalks",191554.0
202608,502,United States,961000,"Slates and boards, with writing or drawing surfaces, whether or not framed.",95508.0
202608,502,United States,961100,"Date, sealing or numbering stamps, and the like (including devices for printing or embossing labels), designed for operating in the hand; handoperated composing sticks and hand printing sets incorporating such composing sticks.",30803.0
202608,502,United States,961210,"Typewriter or similar ribbons, inked or otherwise prepared for giving impressions, whether or not on spools or in cartridges",3781464.0
202608,502,United States,961320,"Pocket lighters, gas fuelled, refillable",53682.0
202608,502,United States,961380,Other lighters,37688362.0
202608,502,United States,961390,"Parts of lighters, n.e.s.",13970.0
202608,502,United States,961400,"Smoking pipes (including pipe bowls) and cigar or cigarette holders, and parts thereof.",7387.0
202608,502,United States,961511,"Combs, hair-slides and the like of hard rubber or plastics",66491.0
202608,502,United States,961519,"Combs, hair-slides and the like (excluding of hard rubber or plastics)",57171.0
202608,502,United States,961590,"Hairpins, curling pins, curling grips, hair-curlers and the like, and parts thereof, n.e.s. (excluding electro-thermic appliances of heading 8516)",1439.0
202608,502,United States,961610,"Scent sprays and similar toilet sprays, and mounts and heads therefor",147831.0
202608,502,United States,961620,Powderpuffs and pads for the application of cosmetics or toilet preparations,4593.0
202608,502,United States,961700,"Vacuum flasks and other vacuum vessels, complete; parts thereof other than glass inners.",81746.0
202608,502,United States,961800,Tailors' dummies and other lay figures; automata and other animated displays used for shop window dressing.,22803.0
202608,502,United States,961900,"Sanitary towels (pads) and tampons, napkins (diapers), napkin liners and similar articles, of any material.",3619470.0
202608,502,United States,962000,"Monopods, bipods, tripods and similar articles.",123150.0
202608,502,United States,970191,"Original paintings, drawings and pastels of an age up to 100 years",9753559.0
202608,502,United States,970199,Collages and similar decorative boards of an age up to 100 years,244256.0
202608,502,United States,970390,Original sculpture and statuary in any material of an age up to 100 years,4761953.0
202608,502,United States,970400,"Postage or revenue stamps, stamppostmarks, firstday covers, postal stationery (stamped paper), and the like, used or unused, other than those of heading 49.07.",12796.0
202608,502,United States,970521,Human specimens and parts thereof,1229.0
202608,502,United States,970522,Extinct or endangered species and parts thereof,22735.0
202608,502,United States,970529,"Other collections and collectors’ pieces of zoological, botanical, mineralogical, anatomical or paleontological interest",55337.0
202608,502,United States,970690,Antiques of an age 100 years up to 250 years,233082.0
202608,502,United States,980400,Articles of low value in simplified customs procedures,858178.0
202608,502,United States,980500,Articles of B2C cross-border e-commerce,221836175.0
