Date of data,Trading partner code,Trading partner,Commodity code,Commodity,US dollar
202607,502,United States,10619,Other mammals,1079057.0
202607,502,United States,10620,Reptiles (including snakes and turtles),32824.0
202607,502,United States,10649,Other insects,242.0
202607,502,United States,10690,Other lives animals,2585.0
202607,502,United States,20810,"Meat and edible meat offal of rabbits or hares,fresh, chilled or frozen",159950.0
202607,502,United States,20890,"Other meat and edible meat offal,fresh, chilled or frozen",142104.0
202607,502,United States,30111,Ornamental fish of freshwater,85739.0
202607,502,United States,30199,"Live fish,nes",7027.0
202607,502,United States,30223,"Sole (Solea spp) ,fresh or chilled",5040.0
202607,502,United States,30289,"Other fish,fresh or chilled",186895.0
202607,502,United States,30323,"Tilapias (Oreochromis spp) , frozen",582629.0
202607,502,United States,30324,"Catfish (Pangasius spp, Silurus spp, Clarias spp, Ictalurus spp) , frozen",36936.0
202607,502,United States,30325,"Carp (Cyprinus spp, Carassius spp, Ctenopharyngodon idellus, , frozenHypophthalmichthys spp, Cirrhinus spp, Mylopharyngodon piceus, Catla catla, Labeo spp, Osteochilus hasselti, Leptobarbus hoeveni, Megalobrama spp)",59757.0
202607,502,United States,30326,"Eels (Anguilla spp) , frozen",27200.0
202607,502,United States,30339,"Other flat fish (Pleuronectidae, Bothidae, Cynoglossidae, Soleidae Scophthalmidae and Citharidae), frozen",21488.0
202607,502,United States,30354,"Mackerel (Scomber scombrus, Scomber australasicus, Scomber japonicus) ,frozen",54533.0
202607,502,United States,30359,"Other herrings (Clupea harengus, Clupea pallasii), anchovies (Engraulis spp.), sardines (Sardina pilchardus, Sardinops spp.), sardinella (Sardinella spp.), brisling or sprats (Sprattus sprattus), mackerel (Scomber scombrus, Scomber australasicus, Scomber japonicus), Indian mackerels (Rastrelliger spp.), seerfishes (Scomberomorus spp), jack and horse mackerel (Trachurus spp.), jacks, crevalles (Caranx spp.), cobia (Rachycentron canadum), silver pomfrets (Pampus spp.), Pacific saury (Cololabis saira), scads (Decapterus spp.), capelin (Mallotus villosus), swordfish (Xiphias gladius), Kawakawa (Euthynnus affinis), bonitos (Sarda spp.), marlins, sailfishes, spearfish (Istiophoridae),frozen",135601.0
202607,502,United States,30367,"Alaska Pollack (Theragra chalcogramma) ,frozen",20995.0
202607,502,United States,30389,"Other fish ,frozen",6480222.0
202607,502,United States,30399,"Other fish fins, heads, tails, maws and other edible fish offal,frozen",50746.0
202607,502,United States,30461,Frozen fillets of tilapias (Oreochromis spp),869151.0
202607,502,United States,30462,"Frozen fillets of catfish (Pangasius spp, Silurus spp, Clarias spp, Ictalurus spp)",441143.0
202607,502,United States,30469,"Frozen fillets of carp Cyprinus carpio, Carassius carassius, Ctenopharyngodon idellus, Hypophthalmichthys spp., Cirrhinus spp., Mylopharyngodon piceus"", eels ""Anguilla spp."" and snakeheads ""Channa spp.""""",112763.0
202607,502,United States,30471,"Frozen fillets of cod (Gadus morhua, Gadus ogac, Gadus macrocephalus)",34763625.0
202607,502,United States,30472,Frozen fillets of haddock (Melanogrammus aeglefinus),9025947.0
202607,502,United States,30475,Frozen fillets of Alaska Pollock (Theragra chalcogramma),4773173.0
202607,502,United States,30479,"Frozen fillets of fish of the families Bregmacerotidae, Euclichthyidae, Gadidae, Macrouridae, Melanonidae, Merlucciidae, Moridae and Muraenolepididae (excluding cod, haddock, coalfish, hake and Alaska pollack)",24665.0
202607,502,United States,30481,"Frozen fillets of Pacific salmon (Oncorhynchus nerka, Oncorhynchus gorbuscha, Oncorhynchus keta, Oncorhynchus tschawytscha, Oncorhynchus kisutch, Oncorhynchus masou and Oncorhynchus rhodurus), Atlantic salmon (Salmo salar) and Danube salmon (Hucho hucho)",11319900.0
202607,502,United States,30483,"Frozen fillets of flat fish (Pleuronectidae, Bothidae, Cynoglossidae, Soleidae, Scophthalmidae and Citharidae)",5660378.0
202607,502,United States,30487,"Frozen fillets of tunas (of the genus Thunnus),skipjack tuna (stripe-bellied bonito) (Katsuwonus pelamis)",1.0
202607,502,United States,30489,"Frozen fish fillets, n.e.s.",771210.0
202607,502,United States,30495,"Frozen meat, whether or not minced, of fish of the families Bregmacerotidae, Euclichthyidae, Gadidae, Macrouridae, Melanonidae, Merlucciidae, Moridae and Muraenolepididae, other than Alaska Pollack (Theragra chalcogramma)",36326.0
202607,502,United States,30531,"Fillets, dried, salted or in brine, but not smoked, of tilapias (Oreochromis spp), catfish (Pangasius spp, Silurus spp, Clarias spp, Ictalurus spp), carp (Cyprinus spp, Carassius spp, Ctenopharyngodon idellus, Hypophthalmichthys spp, Cirrhinus spp, Mylopharyngodon piceus, Catla catla, Labeo spp, Osteochilus hasselti, Leptobarbus hoeveni, Megalobrama spp), eels (Anguilla spp), Nile perch (Lates niloticus) and snakeheads (Channa spp)",52464.0
202607,502,United States,30532,"Fillets, dried, salted or in brine, but not smoked, of fish of the families Bregmacerotidae, Euclichthyidae, Gadidae, Macrouridae, Melanonidae, Merlucciidae, Moridae and Muraenolepididae",3035337.0
202607,502,United States,30551,"Dried cod (Gadus morhua, Gadus ogac, Gadus macrocephalus)",22221.0
202607,502,United States,30559,"Dried fish, even salted but not smoked (excluding fillets, offal and cod)",35507.0
202607,502,United States,30569,"Other fish, salted or in brine only (excluding fillets, offal, herring, cod, anchovies, tilapia, catfish, carp, eels, Nile perch and snakeheads)",108137.0
202607,502,United States,30572,"Fish heads, tails and maws, smoked, dried, salted or in brine",39110.0
202607,502,United States,30614,Frozen crabs,183696.0
202607,502,United States,30615,Frozen norway lobsters (Nephrops norvegicus),103608.0
202607,502,United States,30617,"Frozen shrimps and prawns, even smoked, whether in shell or not, incl. shrimps and prawns in shell, cooked by steaming or by boiling in water (excluding cold-water shrimps and prawns)",5456451.0
202607,502,United States,30636,"Other shrimps and prawns, whether in shell or not, live, fresh or chilled",3.0
202607,502,United States,30695,"Shrimps and prawns,, whether in shell or not, live, fresh or chilled (excl. rock lobster and other sea crawfish, lobsters, crabs, Norway lobsters, shrimps and prawns); flours, meals and pellets of crustaceans, fit for human consumption, fresh or chilled",452599.0
202607,502,United States,30711,"Oysters, live, fresh, chilled",1465.0
202607,502,United States,30712,"Oysters, frozen",162.0
202607,502,United States,30722,Frozen scallops and other molluscs of the family Pectinidae,1681765.0
202607,502,United States,30729,"Dried, salted or in brine, smoked, scallops and other molluscs of the family Pectinidae",208265.0
202607,502,United States,30732,"Frozen mussels (Mytilus spp., Perna spp.), with or without shell",88356.0
202607,502,United States,30743,"Frozen cuttle fish and squid, with or without shell",13703920.0
202607,502,United States,30752,Frozen octopus (Octopus spp.),546949.0
202607,502,United States,30771,"Live, fresh or chilled, even in shell, clams, cockles and ark shells (families Arcidae, Arcticidae,Cardiidae,Donacidae,Hiatellidae,Mactridae,Mesodesmatidae, Myidae, Semelidae, Solecurtidae, Solenidae, Tridacnidae and Veneridae)",24755.0
202607,502,United States,30783,Frozen abalone (Haliotis spp),142288.0
202607,502,United States,30787,"Smoked, dried, salted or in brine, even in shell, abalone (Haliotis spp.)",90290.0
202607,502,United States,30792,Other frozen Molluscs,46526.0
202607,502,United States,30821,"Live, fresh or chilled, sea urchins (Strongylocentrotus spp., Paracentrotus lividus, Loxechinus albus, Echinus esculentus)",102103.0
202607,502,United States,30830,Jellyfish (Rhopilema spp),154030.0
202607,502,United States,30890,"Live, fresh, chilled, frozen, dried, salted or in brine, even smoked, aquatic invertebrates (excluding crustaceans, molluscs, sea cucumbers, sea urchins and jellyfish)",24888.0
202607,502,United States,40291,"Milk and cream, concentrated but unsweetened (excluding in solid forms)",635.0
202607,502,United States,40299,"Milk and cream, concentrated and sweetened (excluding in solid forms)",27100.0
202607,502,United States,40320,Yogurt,147702.0
202607,502,United States,40790,"Other birds'eggs, in shell, preserved or cooked",700947.0
202607,502,United States,40819,Other egg yolks,275878.0
202607,502,United States,40891,"Dried birds'eggs, not in shell, whether or not sweetened (excluding egg yolks)",19719.0
202607,502,United States,40899,"Other birds'eggs, not in shell, fresh, cooked by steaming or boiling in water, moulded, frozen or otherwise preserved, whether or not sweetened (excluding dried)",137177.0
202607,502,United States,40900,atural honey,1355.0
202607,502,United States,41090,"Other edible products of animal origin, not elsewhere specified or included",456244.0
202607,502,United States,50400,"Guts, bladders and stomachs of animals (other than fish), wholeand pieces thereof, fresh, chilled, frozen, salted, in brine, dried orsmoked",9118878.0
202607,502,United States,50510,Feathers of a kind used for stuffing; down,6261146.0
202607,502,United States,50800,"Coral and similar materials, unworked or simply prepared bunot otherwise worked; shells of molluscs, crustaceans or echinoderms and cuttlebone, unworked or simply prepared bunot cut to shape, powder and waste thereof",777442.0
202607,502,United States,51191,"Products of fish or crustaceans, molluscs or other aquatic invertebrates; dead animals of Chapter 3",327378.0
202607,502,United States,51199,"Unkown Products of animal origin, n.e.s., dead animals, unfit for human consumption (excluding fish, crustaceans, molluscs or other aquatic invertebrates)",4572889.0
202607,502,United States,60290,Other live plant,4265943.0
202607,502,United States,60313,"Fresh cut orchids and buds, of a kind suitable for bouquets or for ornamental purposes",450.0
202607,502,United States,60319,"Fresh cut flowers and buds, of a kind suitable for bouquets or for ornamental purposes",2310.0
202607,502,United States,60390,"Dried, dyed, bleached, impregnated or otherwise prepared cut flowers and buds, of a kind suitable for bouquets or for ornamental purposes",668755.0
202607,502,United States,60490,"Foliage, branches and other parts of plants, without flowers or flower buds, and grasses, mosses and lichens, being goods of a kind suitable for bouquets or for ornamental purposes, dried, dyed, bleached, impregnated or otherwise prepared",1215931.0
202607,502,United States,70310,Fresh or chilled onions and shallots,381016.0
202607,502,United States,70320,Fresh or chilled garlic,7666726.0
202607,502,United States,70390,"Leeks and other alliaceous vegetables,fresh or chilled",39020.0
202607,502,United States,70690,"Fresh or chilled salad beetroot, salsify, celeriac, radishes and similar edible roots (excluding carrots and turnips)",567.0
202607,502,United States,70951,Fresh or chilled mushrooms of the genus Agaricus,40359.0
202607,502,United States,70952,Fresh or chilled mushrooms of the genus Boletus,13712.0
202607,502,United States,70954,Fresh or chilled shiitake (Lentinus edodes),517972.0
202607,502,United States,70959,Other fresh or chilled edible mushrooms and truffles,1140610.0
202607,502,United States,70999,Fresh or chilled vegetables n.e.s.,11286.0
202607,502,United States,71021,Frozen peas (Pisum sativum),120304.0
202607,502,United States,71022,"Frozen beans (Vigna spp., Phaseolus spp.)",37181.0
202607,502,United States,71029,"Leguminous vegetables, shelled or unshelled, uncooked or cooked by steaming or by boiling in water, frozen (excluding peas and beans)",4438718.0
202607,502,United States,71030,"Spinach, New Zealand spinach and orache spinach (garden spinach),frozen.",659154.0
202607,502,United States,71040,"Sweet corn,frozen.",498881.0
202607,502,United States,71080,"Other vegetables (uncooked or cooked by steaming or boiling in water),frozen.",3943063.0
202607,502,United States,71090,"Mixtures of vegetables,frozen.",1395834.0
202607,502,United States,71140,"Cucumbers and gherkins , provisionally preserved, e.g. by sulphur dioxide gas, in brine, in sulphur water or in other preservative solutions, but unsuitable in that state for immediate consumption",18813.0
202607,502,United States,71190,Other vegetables; mixtures of vegetables,26071.0
202607,502,United States,71220,"Dried Onions, whole, cut, sliced, broken or in powder, but not further prepared.",1005149.0
202607,502,United States,71231,"Dried Mushrooms of the genus Agaricus, whole, cut, sliced, broken or in powder, but not further prepared.",561.0
202607,502,United States,71232,"Dried wood ears (Auricularia spp.), whole, cut, sliced, broken or in powder, but not further prepared.",843493.0
202607,502,United States,71233,"Dried jelly fungi (Tremella spp.), whole, cut, sliced, broken or in powder, but not further prepared.",103131.0
202607,502,United States,71234,Dried shiitake (Lentinus edodes),1539260.0
202607,502,United States,71239,"Dried other mushrooms and truffles, whole, cut, sliced, broken or in powder, but not further prepared.",327322.0
202607,502,United States,71290,"Dried other vegetables; mixtures of vegetables, whole, cut, sliced, broken or in powder, but not further prepared.",25574361.0
202607,502,United States,71320,"Dried chickpeas (garbanzos), shelled, whether or not skinned or split.",4935.0
202607,502,United States,71331,"Dried beans of the species Vigna mungo (L.) Hepper or Vigna radiata (L.) Wilczek, shelled, whether or not skinned or split.",410898.0
202607,502,United States,71332,"Dried small red (Adzuki) beans (Phaseolus or Vigna angularis), shelled, whether or not skinned or split.",209021.0
202607,502,United States,71333,"Dried kidney beans, including white pea beans (Phaseolus vulgaris), shelled, whether or not skinned or split.",9491.0
202607,502,United States,71390,"Dried, shelled leguminous vegetables, whether or not skinned or split (excluding peas, chickpeas, beans, lentils, broad beans, horse beans and pigeon peas)",16282.0
202607,502,United States,71430,"Yams (Dioscorea spp.), fresh, chilled, frozen or dried, whether or not sliced or in the form of pellets; sago pith.",997361.0
202607,502,United States,71440,"Taro (Colocasia spp.), fresh, chilled, frozen or dried, whether or not sliced or in the form of pellets; sago pith.",79696.0
202607,502,United States,71490,"Arrowroot, salep, Jerusalem artichokes and similar roots and tubers with high starch or inulin content, fresh, chilled, frozen or dried, whether or not sliced or in the form of pellets, and sago pith (excluding manioc cassava"", sweet potatoes, yams, taro and yautia)""",105573.0
202607,502,United States,80232,Shelled walnuts,1878.0
202607,502,United States,80241,In shell chestnuts (Castanea spp.),12015.0
202607,502,United States,80262,Shelled macadamia nuts,4.0
202607,502,United States,80292,"Pine nuts, shelled",3612451.0
202607,502,United States,80390,Fresh or dried bananas (excluding plantains),202542.0
202607,502,United States,80410,Fresh or dried dates,2301.0
202607,502,United States,80420,Fresh or dried figs,3159.0
202607,502,United States,80430,Fresh or dried pineapples,151250.0
202607,502,United States,80450,"Fresh or dried guavas, mangoes and mangosteens",198442.0
202607,502,United States,80510,Fresh or dried oranges,19204.0
202607,502,United States,80521,Fresh or dried mandarins (including tangerines and satsumas),9188.0
202607,502,United States,80540,Fresh or dried grapefruit and pomelos,38418.0
202607,502,United States,80550,"Fresh or dried lemons (Citrus limon, Citrus limonum) and limes (Citrus aurantifolia, Citrus latifolia)",21444.0
202607,502,United States,80620,Dried Grapes,2115.0
202607,502,United States,80810,Fresh Apples,75106.0
202607,502,United States,80830,Fresh Pears,1343275.0
202607,502,United States,81090,Other Fresh fruits,1549259.0
202607,502,United States,81110,Frozen Strawberries,57656.0
202607,502,United States,81190,Other Frozen Fruit and nuts,312575.0
202607,502,United States,81310,Dried Apricots,352.0
202607,502,United States,81330,Dried Apples,1516135.0
202607,502,United States,81340,Other Dried fruit,16767458.0
202607,502,United States,81350,Mixtures of nuts or dried fruits of this Chapter,562629.0
202607,502,United States,81400,"Peel of citrus fruit or melons (including watermelons), fresh, frozen, dried or provisionally preserved in brine, in sulphur water or in other preservative solutions.",31857.0
202607,502,United States,90111,Coffee not roasted (not decaffeinated),169344.0
202607,502,United States,90121,Coffee roasted (Not decaffeinated ),30898.0
202607,502,United States,90122,Coffee roasted(Decaffeinated ),2114.0
202607,502,United States,90210,Green tea (not fermented) in immediate packings of a content not exceeding 3 kg,2358568.0
202607,502,United States,90220,Other green tea (not fermented) in packings＞3kg,1368436.0
202607,502,United States,90230,"Black tea (fermented) and partly fermented tea, in immediate packings of a content not exceeding 3 kg",1378649.0
202607,502,United States,90240,"Black tea (fermented) and partly fermented tea, in packings exceeding 3 kg",632598.0
202607,502,United States,90300,Maté,11124.0
202607,502,United States,90411,Neither crushed nor ground,75910.0
202607,502,United States,90412,Crushed or ground,274906.0
202607,502,United States,90421,"Dried, neither crushed nor ground",795534.0
202607,502,United States,90422,Crushed or ground,8560799.0
202607,502,United States,90611,Cinnamon (Cinnamomum zeylanicum Blume),9668.0
202607,502,United States,90619,"Cinnamon and cinnamon-tree flowers (excluding cinnamon Cinnamomum zeylanicum Blume"" and crushed and ground cinnamon)""",29698.0
202607,502,United States,90620,Crushed or ground,39655.0
202607,502,United States,90710,Neither crushed nor ground,85606.0
202607,502,United States,90931,Seeds of cumin Neither crushed nor ground,1388.0
202607,502,United States,90932,Seeds of cumin Crushed or ground,498.0
202607,502,United States,90961,"Seeds of anise, badian, caraway or fennel; juniper berries Neither crushed nor ground",121467.0
202607,502,United States,90962,"Seeds of anise, badian, caraway or fennel; juniper berries Crushed or ground",3346.0
202607,502,United States,91011,"Seeds of anise, badian, caraway or fennel; juniper berries Neither crushed nor ground",5182327.0
202607,502,United States,91012,"Seeds of anise, badian, caraway or fennel; juniper berries Crushed or ground",136047.0
202607,502,United States,91030,Turmeric (curcuma),46872.0
202607,502,United States,91091,Mixtures referred to in Note 1 (b) to this Chapter,53923.0
202607,502,United States,91099,Other spices,335200.0
202607,502,United States,100390,Barley (excluding seed for sowing),1300.0
202607,502,United States,100790,Grain sorghum (excluding seed for sowing),3931.0
202607,502,United States,100810,Buckwheat,3343.0
202607,502,United States,100829,Buckwheat (excluding seed for sowing),23077.0
202607,502,United States,100890,Other cereals,149622.0
202607,502,United States,110100,Wheat or meslin flour.,46530.0
202607,502,United States,110290,"Cereal flours (excluding wheat, meslin and maize)",4365.0
202607,502,United States,110429,"Grains of cereals, hulled, pearled, sliced, kibbled or otherwise worked (excluding rolled, flaked, flour, pellets, and oats and maize, and husked and semi- or wholly milled rice and broken rice)",174127.0
202607,502,United States,110620,Of sago or of roots or tubers of heading 07.14,107274.0
202607,502,United States,110630,Of the products of Chapter 8,120005.0
202607,502,United States,110812,Maize (corn) starch,4902.0
202607,502,United States,110813,Potato starch,9950.0
202607,502,United States,110814,Manioc (cassava) starch,7750.0
202607,502,United States,110819,Other starches,92190.0
202607,502,United States,110820,Inulin,668137.0
202607,502,United States,110900,"Wheat gluten, whether or not dried.",8765.0
202607,502,United States,120190,Other Soya beans,92552.0
202607,502,United States,120300,Copra,5.0
202607,502,United States,120600,"Sunflower seeds, whether or not broken.",169019.0
202607,502,United States,120740,Sesamum seeds,71820.0
202607,502,United States,120799,Other oil seeds and oleaginous fruits,59646.0
202607,502,United States,120810,Flours and meals of soya beans,4080.0
202607,502,United States,120890,Flours and meal of oil seeds or oleaginous fruit (excluding soya and mustard),39926.0
202607,502,United States,120930,Seeds of herbaceous plants cultivated principally for their flowers,51398.0
202607,502,United States,120991,Vegetable seeds,252164.0
202607,502,United States,121010,"Hop cones, neither ground nor powdered nor in the form of pellets",2098.0
202607,502,United States,121120,Ginseng roots,963968.0
202607,502,United States,121190,"Other plants and parts of plants, of a kind used primarily in perfumery, in pharmacy or for insecticidal, fungicidal or similar purposes",2619342.0
202607,502,United States,121221,Fit for human consumption,260909.0
202607,502,United States,121291,Sugar beet,24914.0
202607,502,United States,121299,"Fruit stones and kernels and other vegetable products, incl. unroasted chicory roots of the variety cichorium intybus sativum, of a kind used primarily for human consumption, n.e.s.",10753510.0
202607,502,United States,121300,"Cereal straw and husks, unprepared, whether or not chopped,ground, pressed or in the form of pellets.",6053.0
202607,502,United States,121410,Lucerne (alfalfa) meal and pellets,640.0
202607,502,United States,121490,"Other forage products, whether or not in the form of pellets",2876.0
202607,502,United States,130190,"Lac; natural gums, resins, gum-resins, balsams and other natural oleoresins (excluding gum Arabic)",361683.0
202607,502,United States,130212,Extracts of liquorice (excluding that with a sucrose content by weight of ＞ 10% or in the form of confectionery),528693.0
202607,502,United States,130213,Extracts of hops,33745.0
202607,502,United States,130219,"Mucilages and thickeners, derived from locust beans, locust bean seeds or guar seeds, whether or not modified",30654133.0
202607,502,United States,130220,"Pectic substances, pectinates and pectates",943952.0
202607,502,United States,130231,Agaragar,60868.0
202607,502,United States,130232,"Mucilages and thickeners, whether or not modified, derived from locust beans, locust bean seeds or guar seeds",767831.0
202607,502,United States,130239,"Other mucilages and thickeners, derived for vegetable products",1615723.0
202607,502,United States,140110,Bamboos,355612.0
202607,502,United States,140120,Rattans,235.0
202607,502,United States,140190,Other vegetable materials of a kind used primarily for plaiting,12957.0
202607,502,United States,140490,Vegetable products not elsewhere specified or included,2065019.0
202607,502,United States,150410,Fishliver oils and their fractions,26741.0
202607,502,United States,150420,"Fats and oils and their fractions, of fish, other than liver oils",4879509.0
202607,502,United States,150500,Wool grease and fatty substances derived therefrom (including lanolin).,301855.0
202607,502,United States,150600,"Other animal fats and oils and their fractions, whether or not refined, but not chemically modified.",456074.0
202607,502,United States,150790,"Soya-bean oil and its fractions, whether or not refined (excluding chemically modified and crude)",36958.0
202607,502,United States,150890,Other ground-nut oil and its fractions,13465.0
202607,502,United States,150930,"Virgin olive oil,with a free acidity(oleic acid)≤2.0 g/ 100 g",39614.0
202607,502,United States,151219,Other oil of sunflower-seed or safflower and its fractions,4665.0
202607,502,United States,151419,"Low erucic acid rape or colza oil fixed oil which has an erucic acid content of ＜ 2%"" and its fractions, whether or not refined, but not chemically modified (excluding crude)""",9819.0
202607,502,United States,151491,Crude oil of Rape or colza,39107.0
202607,502,United States,151519,"Linseed oil and fractions thereof, whether or not refined, but not chemically modified (excluding crude)",350167.0
202607,502,United States,151530,Castor oil and its fractions,2519.0
202607,502,United States,151550,Sesame oil and its fractions,377073.0
202607,502,United States,151560,"Microbial fats and oils and their fractions,not chemically modified",29919.0
202607,502,United States,151590,Other fixed vegetable fats and oils and their fractions,688696.0
202607,502,United States,151620,Vegetable fats and oils and their fractions,1368.0
202607,502,United States,151790,"Other edible fats/oils/fractions of this chptr, excl.that of 15.16",1072522.0
202607,502,United States,151800,"Animal, vegetable or microbial fats and oils and their fractions, boiled, oxidised, dehydrated, sulphurised, blown, polymerised by heat in vacuum or in inert gas or otherwise chemically modified, excluding those of heading 15.16; inedible mixtures or preparations of animal, vegetable or microbial fats or oils or of fractions of different fats or oils of this Chapter, not elsewhere specified or included",108368176.0
202607,502,United States,152110,Vegetable waxes,138937.0
202607,502,United States,152190,"Beeswax, other insect waxes and spermaceti",1189773.0
202607,502,United States,160100,"Sausages and similar products, of meat, meat offal,blood or insects; food preparations based on these products",104826.0
202607,502,United States,160232,Meat or offal of fowls of the species Gallus domesticus,482641.0
202607,502,United States,160290,"Other prepared or preserved meat, meat offal, blood or insects",285516.0
202607,502,United States,160411,Prepared or preserved salmon,207643.0
202607,502,United States,160413,"Prepared or preserved Sardines, sardinella and brisling or sprats",632415.0
202607,502,United States,160414,"Prepared or preserved Tunas, skipjack tuna and bonito (Sarda spp.)  , whole/pieces",138514.0
202607,502,United States,160415,Prepared or preserved mackerel,602656.0
202607,502,United States,160416,Prepared or preserved anchovies,70236.0
202607,502,United States,160417,Prepared or preserved eels,5271324.0
202607,502,United States,160419,"Prepared or preserved fish, whole or in pieces (excluding minced, merely smoked, and salmon, herrings, sardines, sardinella, brisling or sprats, tunas, skipjack, bonito sarda spp."", mackerel, anchovies and eels)""",19365914.0
202607,502,United States,160420,Other prepared or preserved fish,2468444.0
202607,502,United States,160431,Caviar,2296004.0
202607,502,United States,160432,Caviar substitutes,84007.0
202607,502,United States,160510,Prepared or preserved Crab,5182348.0
202607,502,United States,160529,Other prepared or preserved shrimps and prawns,4174945.0
202607,502,United States,160540,Other prepared or preserved crustaceans,2428575.0
202607,502,United States,160551,Prepared or preserved Oysters,2444443.0
202607,502,United States,160552,"Prepared or preserved scallops, including queen scallops",683764.0
202607,502,United States,160554,Prepared or preserved cuttle fish and squid,1804485.0
202607,502,United States,160555,Prepared or preserved Octopus,726651.0
202607,502,United States,160556,"Prepared or preserved Clams, cockles and arkshells",555212.0
202607,502,United States,160557,Prepared or preserved Abalone,695809.0
202607,502,United States,160558,"Prepared or preserved Snails, other than sea snails",11954.0
202607,502,United States,160559,"Molluscs, prepared or preserved (excluding smoked, oysters, scallops, mussels, cuttle fish, squid, octopus, abalone, snails, and clams, cockles and arkshells)",1654252.0
202607,502,United States,160563,"Jellyfish,prepared or preserved",35531.0
202607,502,United States,170113,"Cane sugar specified in Subheading Note 2 to this Chapter, not containing added flavouring or colouring matter",4500.0
202607,502,United States,170114,"Other cane sugar, not containing added flavouring or colouring matter",4017.0
202607,502,United States,170191,"Cane or beet sugar and chemically pure sucrose,containing added flavouring or colouring matter",867.0
202607,502,United States,170199,"Cane or beet sugar and chemically pure sucrose, in solid form (excluding cane and beet sugar containing added flavouring or colouring and raw sugar)",492021.0
202607,502,United States,170211,"Lactose in solid form and lactose syrup, not containing added flavouring or colouring matter, containing by weight 99% or more lactose, expressed as anhydrous lactose, calculated on the dry matter",289.0
202607,502,United States,170230,"Glucose and glucose syrup, not containing fructose or containing in the dry state less than 20% by weight of fructose",1010644.0
202607,502,United States,170240,"Glucose and glucose syrup, containing in the dry state at least 20% but less than 50% by weight of fructose, excluding invert sugar",10840.0
202607,502,United States,170250,Chemically pure fructose,19800.0
202607,502,United States,170260,"Other fructose and fructose syrup, containing in the dry state more than 50% by weight of fructose, excluding invert sugar",73924.0
202607,502,United States,170290,Other sugars in solid form and sugar syrups not containing added flavouring or colouring matter,6709685.0
202607,502,United States,170410,"Chewing gum, whether or not sugarcoated",216348.0
202607,502,United States,170490,"Other sugar confectionery, not containing cocoa",27865598.0
202607,502,United States,180400,"Cocoa butter, fat and oil",93237.0
202607,502,United States,180500,"Cocoa powder, not containing added sugar or other sweetening matter",12558.0
202607,502,United States,180610,"Cocoa powder, containing added sugar or other sweetening matter",1269947.0
202607,502,United States,180620,"Other preparations in blocks, slabs or bars weighing more than 2 kg or in liquid, paste, powder, granular or other bulk form in containers or immediate packings, of a content exceeding 2 kg",537600.0
202607,502,United States,180631,"Chocolate and other preparations containing cocoa, in blocks, slabs or bars of ≤ 2 kg, filled",1276722.0
202607,502,United States,180632,"Chocolate and other preparations containing cocoa, in blocks, slabs or bars of ≤ 2 kg (excluding filled)",429244.0
202607,502,United States,180690,"Chocolate and other preparations containing cocoa, in containers or immediate packings of ≤ 2 kg (excluding in blocks, slabs or bars and cocoa powder)",3680028.0
202607,502,United States,190110,"Preparations suitable for infants or young children, put up for retail sale",810.0
202607,502,United States,190120,Mixes and doughs for the preparation of bakers' wares of heading 19.05,1510933.0
202607,502,United States,190190,"Other food prep. of flour(cocoa＜40%)/milk(cocoa＜5%), nes",109497.0
202607,502,United States,190211,"Pasta,containing eggs, whether or not prepared.",6084.0
202607,502,United States,190219,"Uncooked pasta, not stuffed or otherwise prepared, not containing eggs",350504.0
202607,502,United States,190220,"Stuffed pasta, whether or not cooked or otherwise prepared",2529183.0
202607,502,United States,190230,Other pasta,8413527.0
202607,502,United States,190300,"Tapioca and substitutes therefor prepared from starch, in the form of flakes, grains, pearls, siftings or in similar forms",126022.0
202607,502,United States,190410,Prepared foods obtained by the swelling or roasting of cereals or cereal products,2335331.0
202607,502,United States,190420,Prepared foods obtained from unroasted cereal flakes or from mixtures of unroasted cereal flakes and roasted cereal flakes or swelled cereals,13908.0
202607,502,United States,190490,Other precooked or otherwise prepared cereals (other than maize (corn) ),631691.0
202607,502,United States,190531,Sweet biscuits,1096082.0
202607,502,United States,190532,Waffles and wafers,37415.0
202607,502,United States,190540,"Rusks, toasted bread and similar toasted products",124164.0
202607,502,United States,190590,"Bread, pastry, cakes, biscuits and other bakers' wares, whether or not containing cocoa; communion wafers, empty cachets of a kind suitable for pharmaceutical use, sealing wafers, rice paper and similar products (excluding crispbread, gingerbread and the like, sweet biscuits, waffles, wafers not mentioned, rusks, toasted bread and similar toasted products)",5078118.0
202607,502,United States,200110,"Cucumbers and gherkins, prepared or preserved by vinegar or acetic acid",4628.0
202607,502,United States,200190,"Vegetables, fruit, nuts and other edible parts of plants, prepared or preserved by vinegar or acetic acid (excluding cucumbers and gherkins)",522019.0
202607,502,United States,200210,"Tomatoes, whole or in pieces",19448.0
202607,502,United States,200290,"Tomatoes, prepared or preserved otherwise than by vinegar or acetic acid (excluding whole or in pieces)",106813.0
202607,502,United States,200310,"Mushrooms of the genus Agaricus"", prepared or preserved otherwise than by vinegar or acetic acid""",293601.0
202607,502,United States,200390,"Mushrooms and truffles, prepared or preserved otherwise than by vinegar or acetic acid (excluding mushrooms of the genus Agaricus"")""",203060.0
202607,502,United States,200410,"Potatoes, prepared or preserved otherwise than by vinegar or acetic acid, frozen",72475.0
202607,502,United States,200490,"Vegetables and mixtures of vegetables, prepared or preserved otherwise than by vinegar or acetic acid, frozen (excluding preserved by sugar, and tomatoes, mushrooms, truffles and potatoes, unmixed)",250773.0
202607,502,United States,200520,"Potatoes, prepared or preserved otherwise than by vinegar or acetic acid (excluding frozen)",37869.0
202607,502,United States,200540,"Peas Pisum Sativum"", prepared or preserved otherwise than by vinegar or acetic acid (excluding frozen)""",492153.0
202607,502,United States,200551,"Shelled beans Vigna spp., Phaseolus spp."", prepared or preserved otherwise than by vinegar or acetic acid (excluding frozen)""",108446.0
202607,502,United States,200559,"Unshelled beans Vigna spp., Phaseolus spp."", prepared or preserved otherwise than by vinegar or acetic acid (excluding frozen)""",3063.0
202607,502,United States,200560,"Asparagus, prepared or preserved otherwise than by vinegar or acetic acid (excluding frozen)",117100.0
202607,502,United States,200580,"Sweet corn (Zea mays var. saccharata), prepared or preserved otherwise than by vinegar or acetic acid (excluding frozen)",1519220.0
202607,502,United States,200591,"Bamboo shoots, prepared or preserved otherwise than by vinegar or acetic acid (excluding frozen)",629569.0
202607,502,United States,200599,"Vegetables and mixtures of vegetables, prepared or preserved otherwise than by vinegar, non-frozen (excluding preserved by sugar, homogenised vegetables of subheading 2005.10, and tomatoes, mushrooms, truffles, potatoes, peas Pisum sativum"", beans ""Vigna, Phaseolus"", asparagus, olives, sweetcorn ""Zea Mays var. Saccharata"" and bamboo shoots, unmixed)""",13335138.0
202607,502,United States,200600,"Vegetables, fruit, nuts, fruitpeel and other parts of plants, preserved by sugar (drained, glacé or crystallised).",455872.0
202607,502,United States,200710,"Homogenised preparations of jams, fruit jellies, marmalades, fruit or nut purée and fruit or nut pastes, obtained by cooking, whether or not containing added sugar or other sweetening matter.",112798.0
202607,502,United States,200791,"Citrus fruit jams, jellies, marmalades, purées or pastes, obtained by cooking, whether or not containing added sugar or other sweetening matter (excluding homogenised preparations of subheading 2007.10)",3876.0
202607,502,United States,200799,"Jams, jellies, marmalades, purées or pastes of fruit, obtained by cooking, whether or not containing added sugar or other sweetening matter (excluding citrus fruit and homogenised preparations of subheading 2007.10)",700580.0
202607,502,United States,200811,"Groundnuts, prepared or preserved (excluding preserved with sugar)",602313.0
202607,502,United States,200819,"Other prepared or preserved nuts and other seeds, including mixtures",4380417.0
202607,502,United States,200820,Other prepared or preserved pineapples,228665.0
202607,502,United States,200830,Other prepared or preserved citrus fruit,11318502.0
202607,502,United States,200840,Other prepared or preserved pears,1214758.0
202607,502,United States,200850,Other prepared or preserved apricots,192981.0
202607,502,United States,200860,Other prepared or preserved cherries,26132.0
202607,502,United States,200870,"Other prepared or preserved peaches, including nectarines",2578748.0
202607,502,United States,200880,Other prepared or preserved strawberries,5020.0
202607,502,United States,200897,Other prepared or preserved mixtures of fruits and nuts,1352706.0
202607,502,United States,200899,"Other prepared or preserved fruits,nuts and edible parts of plants",8339780.0
202607,502,United States,200939,"Single citrus fruit juice, unfermented, Brix value ＞ 20 at 20°C, whether or not containing added sugar or other sweetening matter (excluding containing spirit, mixtures, orange juice and grapefruit juice)",10525.0
202607,502,United States,200950,Tomato juice,355.0
202607,502,United States,200969,Other grape juice,8209.0
202607,502,United States,200971,"Apple juice, unfermented, Brix value ≤ 20 at 20°C, whether or not containing added sugar or other sweetening matter (excluding containing spirit)",1014.0
202607,502,United States,200979,"Apple juice, unfermented, Brix value ＞ 20 at 20°C, whether or not containing added sugar or other sweetening matter (excluding containing spirit)",4745563.0
202607,502,United States,200981,"Cranberry (Vaccinium macrocarpon, Vaccinium oxycoccos) juice; lingonberry (Vaccinium vitis-idaea) juice",171.0
202607,502,United States,200989,"Juice of any other single fruit, nut or vegetable",1353097.0
202607,502,United States,200990,Mixtures of juices,251135.0
202607,502,United States,210111,"Extracts, essences and concentrates, of coffee",18045.0
202607,502,United States,210112,"Preparations with a basis of extracts, essences or concentrates of coffee or with a basis of coffee",387623.0
202607,502,United States,210120,"Extracts, essences and concentrates, of tea or mate, and preparations with a basis of these extracts, essences or concentrates, or with a basis of tea or maté",2866518.0
202607,502,United States,210130,"Roasted chicory and other roasted coffee substitutes, and extracts, essences and concentrates thereof",5077.0
202607,502,United States,210210,Active yeasts,683963.0
202607,502,United States,210220,Inactive yeasts; other dead single-cell micro-organisms (excluding packaged as medicaments),954725.0
202607,502,United States,210310,Soya sauce,2602916.0
202607,502,United States,210330,Mustard flour and meal and prepared mustard,35201.0
202607,502,United States,210390,"Preparations for sauces and prepared sauces; mixed condiments and seasonings (excluding soya sauce, tomato ketchup and other tomato sauces, mustard, and mustard flour and meal)",11812622.0
202607,502,United States,210410,Soups and broths and preparations therefor,259887.0
202607,502,United States,210500,"Ice cream and other edible ice, whether or not containing cocoa.",15651449.0
202607,502,United States,210610,Protein concentrates and textured protein substances,3627738.0
202607,502,United States,210690,"Food preparations, n.e.s.",55116647.0
202607,502,United States,220110,"Mineral waters and aerated waters, not containing added sugar, other sweetening matter or flavoured",4059.0
202607,502,United States,220210,"Waters, including mineral waters and aerated waters, containing added sugar or other sweetening matter or flavoured",2087375.0
202607,502,United States,220299,"Non-alcoholic beverages (excl. water, fruit or vegetable juices, milk and beer)",1996101.0
202607,502,United States,220300,Beer made from malt.,421160.0
202607,502,United States,220410,Sparkling wine,1528.0
202607,502,United States,220421,"Wine of fresh grapes, incl. fortified wines, and grape must whose fermentation has been arrested by the addition of alcohol, in containers of ≤ 2 l (excluding sparkling wine)",6216.0
202607,502,United States,220600,"Other fermented beverages (for example, cider, perry, mead, saké); mixtures of fermented beverages and mixtures of fermented beverages and nonalcoholic beverages, not elsewhere specified or included.",133805.0
202607,502,United States,220830,Whiskies,217376.0
202607,502,United States,220840,Rum and other spirits obtained by distilling fermented sugarcane products,31.0
202607,502,United States,220850,Gin and Geneva,169.0
202607,502,United States,220860,Vodka,14018.0
202607,502,United States,220870,Liqueurs and cordials,52742.0
202607,502,United States,220890,"Ethyl alcohol of an alcoholic strength of ＜ 80% vol, not denatured; spirits and other spirituous beverages (excluding compound alcoholic preparations of a kind used for the manufacture of beverages, spirits obtained by distilling grape wine or grape marc, whiskies, rum and other spirits obtained by distilling fermented sugar-cane products, gin, geneva, vodka, liqueurs and cordials)",767083.0
202607,502,United States,220900,Vinegar and substitutes for vinegar obtained from acetic acid.,311908.0
202607,502,United States,230250,"Bran, sharps and other residues of cereals, whether or not in the form of pellets, derived from sifting, milling or other working (excluding maize and wheat)",12421.0
202607,502,United States,230310,Residues of starch manufacture and similar residues,42143.0
202607,502,United States,230690,"Oilcake and other solid residues, whether or not ground or in the form of pellets, resulting from the extraction of vegetable or microbial fats or oils (excluding of cotton seeds, linseed, sunflower seeds, rape or colza seeds, coconut or copra, palm nuts or kernels, or from the extraction of soya-bean oil or groundnut oil)",6992.0
202607,502,United States,230800,"Vegetable materials and vegetable waste, vegetable residues and byproducts, whether or not in the form of pellets, of a kind used in animal feeding, not elsewhere specified or included.",968730.0
202607,502,United States,230910,"Dog or cat food, put up for retail sale",16707866.0
202607,502,United States,230990,Preparations of a kind used in animal feeding (excluding dog or cat food put up for retail sale),4505135.0
202607,502,United States,240220,Cigarettes containing tobacco,163146.0
202607,502,United States,240412,"Other procucts containing nicotine, intended for inhalation without combustion",315514844.0
202607,502,United States,240419,Other procucts intended for inhalation without combustion,7452142.0
202607,502,United States,240499,Other nicotine containing products intended for the intake of nicotine into the human body,2198533.0
202607,502,United States,250100,"Salts, incl. table salt and denatured salt, and pure sodium chloride, whether or not in aqueous solution or containing added anti-caking or free-flowing agents; sea water",216038.0
202607,502,United States,250410,Natural graphite in powder or in flakes,1586360.0
202607,502,United States,250610,Quartz (excluding quartz sands),78306.0
202607,502,United States,250620,"Quartzite, merely cut, by sawing or otherwise, in blocks or slabs of a square or rectangular shape",30126.0
202607,502,United States,250700,"Kaolin and other kaolinic clays, whether or not calcined",25446.0
202607,502,United States,250810,Bentonite,26259.0
202607,502,United States,250830,Fireclay,3510986.0
202607,502,United States,250840,Other clays,24.0
202607,502,United States,251110,Natural barium sulphate (barytes),5740.0
202607,502,United States,251200,"Siliceous fossil meals, e.g. kieselguhr, tripolite and diatomite, and similar siliceous earths, whether or not calcined, of an apparent specific gravity of 2 or less.",3.0
202607,502,United States,251310,Pumice stone,108483.0
202607,502,United States,251320,"Emery, natural corundum, natural garnet and other natural abrasives",1665291.0
202607,502,United States,251400,"Slate, whether or not roughly trimmed or merely cut, by sawing or otherwise, into blocks or slabs of a square or rectangular shape; slate powder and slate refuse",27670.0
202607,502,United States,251511,Crude or roughly trimmed,2620.0
202607,502,United States,251690,Other monumental or building stone,19550.0
202607,502,United States,251710,"Pebbles, gravel, broken or crushed stone, of a kind commonly used for concrete aggregates, for road metalling or for railway or other ballast, shingle and flint, whether or not heattreated",219154.0
202607,502,United States,251720,"Macadam of slag, dross or similar industrial waste, whether or not incorporating the materials cited in subheading 2517.10",265650.0
202607,502,United States,251749,"Granules, chippings and powder, whether or not heat-treated, of travertine, ecaussine, alabaster, basalt, granite, sandstone, porphyry, syenite, lava, gneiss, trachyte and other rocks of heading 2515 and 2516 (excluding marble)",4314.0
202607,502,United States,251810,"Dolomite, not calcined or sintered",57780.0
202607,502,United States,251990,"Fused magnesia; dead-burned sintered"" magnesia, whether or not containing small quantities of other oxides added before sintering; other magnesium oxide (excluding natural magnesium carbonate ""magnesite"")""",7680526.0
202607,502,United States,252020,Plasters,13289.0
202607,502,United States,252210,Quicklime,320.0
202607,502,United States,252220,Slaked lime,6220.0
202607,502,United States,252321,"White cement, whether or not artificially coloured",348.0
202607,502,United States,252329,"Portland cement (excluding white, whether or not artificially coloured)",1807.0
202607,502,United States,252330,Aluminous cement,23280.0
202607,502,United States,252520,Mica powder,322360.0
202607,502,United States,252620,"Natural steatite and talc, crushed or powdered",4661.0
202607,502,United States,252921,Containing by weight 97% or less of calcium fluoride,1623785.0
202607,502,United States,252922,Containing by weight more than 97% of calcium fluoride,49463.0
202607,502,United States,253010,"Vermiculite, perlite and chlorites, unexpanded",270.0
202607,502,United States,253020,"Kieserite, epsomite (natural magnesium sulphates)",6733.0
202607,502,United States,253090,"Other mineral substances, n.e.s.",463702.0
202607,502,United States,260300,Copper ores and concentrates.,1.0
202607,502,United States,261800,Granulated slag (slag sand) from the manufacture of iron or steel,353.0
202607,502,United States,262190,"Slag and ash, incl. seaweed ash kelp"" (excluding slag, incl. granulated, from the manufacture of iron or steel, ashes and residues containing arsenic, metals or metal compounds and those from the incineration of municipal waste)""",9800.0
202607,502,United States,271019,"Medium oils and preparations, of petroleum or bituminous minerals, n.e.s.",66429808.0
202607,502,United States,271112,Liquefied propane,774284.0
202607,502,United States,271113,Liquefied butanes,82001.0
202607,502,United States,271210,Petroleum jelly,7101.0
202607,502,United States,271220,Paraffin wax containing by weight less than 0.75% of oil,5003975.0
202607,502,United States,271290,"Paraffin wax, microcrystalline petroleum wax, slack wax, ozokerite, lignite wax, peat wax, other mineral waxes, and similar products obtained by synthesis or by other processes, whether or not coloured (excluding petroleum jelly and paraffin wax containing ＜ 0,75% by weight of oil)",43776.0
202607,502,United States,271311,"Petroleum coke, non-calcined",62040.0
202607,502,United States,271312,"Petroleum coke, calcined",103.0
202607,502,United States,280300,Carbon (carbon blacks and other forms of carbon not elsewhere specified or included).,696894.0
202607,502,United States,280429,Other rare gases,35819.0
202607,502,United States,280450,Boron; tellurium,112459.0
202607,502,United States,280461,Containing by weight not less than 99.99% of silicon,11616.0
202607,502,United States,280469,Other silicon,11840.0
202607,502,United States,280480,Arsenic,15100.0
202607,502,United States,280490,Selenium,471.0
202607,502,United States,280511,Sodium,384993.0
202607,502,United States,280512,Calcium,804426.0
202607,502,United States,280519,Alkali or alkaline-earth metals (excluding sodium and calcium),503001.0
202607,502,United States,280530,"Rareearth metals, scandium and yttrium, whether or not intermixed or interalloyed",272050.0
202607,502,United States,280610,Hydrogen chloride (hydrochloric acid),185624.0
202607,502,United States,280800,Nitric acid; sulphonitric acids.,40734.0
202607,502,United States,280910,Diphosphorus pentaoxide,60640.0
202607,502,United States,280920,Phosphoric acid and polyphosphoric acids,164925.0
202607,502,United States,281111,Hydrogen fluoride (hydrofluoric acid),207030.0
202607,502,United States,281119,"Inorganic acids (excluding hydrogen chloride hydrochloric acid"", chlorosulphuric acid, sulphuric acid, oleum, nitric acid, sulphonitric acids, phosphoric acid, polyphosphoric acids, boric acids and hydrogen fluoride ""hydrofluoric acid"")""",2640557.0
202607,502,United States,281121,Carbon dioxide,36357.0
202607,502,United States,281122,Silicon dioxide,2770920.0
202607,502,United States,281129,"Inorganic oxygen compounds of non-metals (excluding diphosphorus pentaoxide, oxides of boron, carbon dioxide and silicon dioxide)",1851939.0
202607,502,United States,281212,Phosphorus oxychloride,30268.0
202607,502,United States,281290,Halides and halide oxides of non-metals (excluding chlorides and chloride oxides),971575.0
202607,502,United States,281511,Solid,23398.0
202607,502,United States,281520,Potassium hydroxide (caustic potash),170016.0
202607,502,United States,281530,Peroxides of sodium or potassium,120.0
202607,502,United States,281610,Hydroxide and peroxide of magnesium,56609.0
202607,502,United States,281640,"Oxides, hydroxides and peroxides, of strontium or barium",155513.0
202607,502,United States,281700,Zinc oxide; zinc peroxide.,96315.0
202607,502,United States,281810,"Artificial corundum, whether or not chemically defined",14818187.0
202607,502,United States,281820,"Aluminium oxide, other than artificial corundum",2810155.0
202607,502,United States,281830,Aluminium hydroxide,1593932.0
202607,502,United States,281990,Chromium oxides and hydroxides (excluding chromium trioxide),38488.0
202607,502,United States,282010,Manganese dioxide,25468.0
202607,502,United States,282090,Manganese oxides (excluding manganese dioxide),69604.0
202607,502,United States,282110,Iron oxides and hydroxides,4630232.0
202607,502,United States,282200,Cobalt oxides and hydroxides; commercial cobalt oxides.,2649.0
202607,502,United States,282300,Titanium oxides.,1110300.0
202607,502,United States,282510,Hydrazine and hydroxylamine and their inorganic salts,124890.0
202607,502,United States,282520,Lithium oxide and hydroxide,4218.0
202607,502,United States,282540,Nickel oxides and hydroxides,682.0
202607,502,United States,282550,Copper oxides and hydroxides,187916.0
202607,502,United States,282560,Germanium oxides and zirconium dioxide,2396786.0
202607,502,United States,282570,Molybdenum oxides and hydroxides,13888.0
202607,502,United States,282590,"Bases, inorganic, and metal oxides, hydroxides and peroxides, n.e.s.",1933116.0
202607,502,United States,282619,Fluorides (excluding of aluminium and mercury),1349674.0
202607,502,United States,282630,Sodium hexafluoroaluminate (synthetic cryolite),113.0
202607,502,United States,282690,"Fluorosilicates, fluoroaluminates and other complex fluorine salts (excluding sodium hexafluoroaluminate synthetic cryolite"" and inorganic or organic compounds of mercury)""",2645164.0
202607,502,United States,282720,Calcium chloride,1181401.0
202607,502,United States,282731,Chlorides of magnesium,57184.0
202607,502,United States,282732,Chlorides of aluminium,2500.0
202607,502,United States,282739,"Chlorides (excluding ammonium, calcium, magnesium, aluminium, nickel and mercury chloride)",214641.0
202607,502,United States,282749,Chloride oxides and chloride hydroxides (excluding copper and mercury),3370205.0
202607,502,United States,282751,Bromides of sodium or of potassium,13168.0
202607,502,United States,282759,"Bromides and bromide oxides (excluding of sodium, potassium and mercury)",214576.0
202607,502,United States,282760,Hypochlorites; commercial calcium hypochlorite; chlorites; hypobromites,7989.0
202607,502,United States,282890,"Hypochlorites, chlorites and hypobromites (excluding calcium hypochlorites)",41038.0
202607,502,United States,282919,Chlorates (excluding sodium),70550.0
202607,502,United States,282990,Perchlorates; bromates and perbromates; iodates and periodates (excluding inorganic or organic compounds of mercury),76000.0
202607,502,United States,283010,Sodium sulphides,132180.0
202607,502,United States,283090,"Sulphides (excluding sodium); polysulphides, whether or not chemically defined (excluding inorganic or organic compounds of mercury whether or not chemically defined)",81188.0
202607,502,United States,283110,Dithionite and sulfoxylate of sodium,44820.0
202607,502,United States,283210,Sodium sulphites,660506.0
202607,502,United States,283220,Sulphites (excluding sodium),3539.0
202607,502,United States,283230,Thiosulphates,75525.0
202607,502,United States,283311,Disodium sulphate,5020.0
202607,502,United States,283321,Sulphate of magnesium,374527.0
202607,502,United States,283322,Sulphate of aluminium,26523.0
202607,502,United States,283325,Sulphate of copper,4267.0
202607,502,United States,283327,Sulphate of barium,113470.0
202607,502,United States,283329,"Sulphates (excluding of sodium, magnesium, aluminium, nickel, copper, barium and mercury)",7629103.0
202607,502,United States,283330,Alums,4777.0
202607,502,United States,283410,Nitrites,95285.0
202607,502,United States,283429,Nitrates (excluding of potassium and of mercury),239390.0
202607,502,United States,283510,Phosphinates (hypophosphites) and phosphonates (phosphites),1854694.0
202607,502,United States,283522,Mono- or disodium phosphate,306052.0
202607,502,United States,283524,Phosphates of potassium,317221.0
202607,502,United States,283525,Calcium hydrogenorthophosphate (ìdicalcium phosphate?),149360.0
202607,502,United States,283526,Other phosphates of calcium,1087210.0
202607,502,United States,283529,"Phosphates (excluding phosphates of monosodium, disodium, potassium, calcium and mercury)",279833.0
202607,502,United States,283531,Sodium triphosphate (sodium tripolyphosphate),324450.0
202607,502,United States,283539,"Polyphosphates, whether or not chemically defined (excluding sodium triphosphate sodium tripolyphosphate"", and inorganic or organic compounds of mercury whether or not chemically defined)""",620181.0
202607,502,United States,283620,Disodium carbonate,121447.0
202607,502,United States,283630,Sodium hydrogencarbonate (sodium bicarbonate),149750.0
202607,502,United States,283640,Potassium carbonates,70109.0
202607,502,United States,283650,Calcium carbonate,22811.0
202607,502,United States,283660,Barium carbonate,11001.0
202607,502,United States,283691,Lithium carbonates,1584.0
202607,502,United States,283699,"Carbonates and peroxocarbonates percarbonates""; commercial ammonium carbonate containing ammonium carbamate (excluding disodium carbonate, sodium hydrogencarbonate ""sodium bicarbonate"", potassium carbonates, calcium carbonate, barium carbonate, lithium carbonates, strontium carbonate and inorganic or organic compounds of mercury)""",908343.0
202607,502,United States,283720,Complex cyanides,303782.0
202607,502,United States,283911,Sodium metasilicates,156048.0
202607,502,United States,283919,"Silicates of sodium, incl. commercial silicates (excluding sodium metasilicates)",1713.0
202607,502,United States,283990,"Silicates, incl. commercial alkali metal silicates (excluding sodium silicates)",3967.0
202607,502,United States,284020,"Borates (excluding disodium tetraborate refined borax"")""",143886.0
202607,502,United States,284030,Peroxoborates (perborates),30400.0
202607,502,United States,284170,Molybdates,47002.0
202607,502,United States,284180,Tungstates (wolframates),18152178.0
202607,502,United States,284190,"Salts of oxometallic or peroxometallic acids (excluding chromates, dichromates, peroxochromates, manganites, manganates, permanganates, molybdates and tungstates wolframamtes"")""",317863.0
202607,502,United States,284210,"Double or complex silicates, including aluminosilicates whether or not chemically defined",4.0
202607,502,United States,284290,"Salts of inorganic acids or peroxoacids (excluding of oxometallic or peroxometallic acids, double or complex silicates [incl. aluminosilicates whether or not chemically defined], azides, and inorganic or organic compounds of mercury)",56071082.0
202607,502,United States,284329,"Silver compounds, inorganic or organic, whether or not chemically defined (excluding of mercury and silver nitrate)",546.0
202607,502,United States,284330,Gold compounds,269.0
202607,502,United States,284390,"Inorganic or organic compounds of precious metals, whether or not chemically defined (excluding silver and gold); amalgams of precious metals",312683.0
202607,502,United States,284443,"Other radioactive elements and isotopes and compounds; other alloys, dispersions (including cermets), ceramic products and mixtures containing these elements, isotopes or compounds",31363.0
202607,502,United States,284590,"Non-radioactive isotopes; inorganic or organic compounds of such isotopes, whether or not chemically defined (excluding heavy water deuterium oxide"")""",730114.0
202607,502,United States,284610,Cerium compounds,27293.0
202607,502,United States,284690,"Compounds, inorganic or organic, of rare-earth metals, of yttrium or of scandium or of mixtures of these metals (excluding cerium)",4058728.0
202607,502,United States,284700,"Hydrogen peroxide, whether or not solidified with urea.",15247.0
202607,502,United States,284920,"Carbides of silicon, whether or not chemically defined",5225650.0
202607,502,United States,284990,"Carbides, whether or not chemically defined (excluding of calcium or silicon, and inorganic or organic compounds of mercury whether or not chemically defined)",1281257.0
202607,502,United States,285000,"Hydrides, nitrides, azides, silicides and borides, whether or not chemically defined, other than compounds which are also carbides of heading 28.49.",566872.0
202607,502,United States,285390,"Phosphides, whether or not chemically defined (excl. ferrophosphorus); inorganic compounds, incl. distilled or conductivity water and water of similar purity, n.e.s.; liquid air, whether or not rare gases have been removed; compressed air; amalgams (excl. amalgams of precious metals)",451528.0
202607,502,United States,290110,Saturated acyclic hydrocarbons,402351.0
202607,502,United States,290122,Propene (propylene),199760.0
202607,502,United States,290124,"Buta1,3diene and isoprene",352828.0
202607,502,United States,290129,"Hydrocarbons, acyclic, unsaturated (excluding ethylene, propene propylene"", butene ""butylene"" and isomers thereof and Buta-1,3-diene and isoprene)""",127911.0
202607,502,United States,290219,"Cyclanes, cyclenes and cycloterpenes (excluding cyclohexane)",552086.0
202607,502,United States,290230,Toluene,25255110.0
202607,502,United States,290244,Mixed xylene isomers,10440147.0
202607,502,United States,290290,"Cyclic hydrocarbons (excluding cyclanes, cyclenes, benzene, toluene, xylenes, styrene, ethylbenzene and cumene)",517416.0
202607,502,United States,290311,Chloromethane (methyl chloride) and chloroethane (ethyl chloride),79638.0
202607,502,United States,290312,Dichloromethane (methylene chloride),17679.0
202607,502,United States,290319,"Saturated chlorinated derivatives of acyclic hydrocarbons (excluding chloromethane [methyl chloride], chloroethane [ethyl chloride], dichloromethane [methylene chloride], chloroform [trichloromethane], carbon tetrachloride and ethylene dichloride [ISO] [1,2 dichloroethane])",232258.0
202607,502,United States,290322,Trichloroethylene,38105.0
202607,502,United States,290329,"Unsaturated chlorinated derivatives of acyclic hydrocarbons (excluding vinyl chloride chloroethylene"", trichloroethylene and tetrachloroethylene ""perchloroethylene"")""",984676.0
202607,502,United States,290341,Trifluoromethane (HFC-23),214074.0
202607,502,United States,290342,Difluoromethane (HFC-32),56.0
202607,502,United States,290343,"Fluoromethane (HFC-41), 1,2-difluoroethane (HFC-152) and 1,1-difluoroethane (HFC-152a)",1403450.0
202607,502,United States,290344,"Pentafluoroethane (HFC-125), 1,1,1-trifluoroethane (HFC-143a) and 1,1,2-trifluoroethane (HFC-143)",586879.0
202607,502,United States,290346,"1,1,1,2,3,3,3-Heptafluoropropane (HFC-227ea), 1,1,1,2,2,3-hexafluoropropane (HFC-236cb), 1,1,1,2,3,3-hexafluoropropane (HFC-236ea) and 1,1,1,3,3,3-hexafluoropropane (HFC-236fa)",124600.0
202607,502,United States,290349,Other saturated fluorinated derivatives of acyclic hydrocarbons,672555.0
202607,502,United States,290351,"2,3,3,3-Tetrafluoropropene (HFO-1234yf), 1,3,3,3-tetrafluoropropene (HFO-1234ze) and (Z)-1,1,1,4,4,4-hexafluoro-2-butene (HFO-1336mzz)",5180386.0
202607,502,United States,290359,Other unsaturated fluorinated derivatives of acyclic hydrocarbons,1213258.0
202607,502,United States,290369,Other brominated or iodinated derivatives of acyclic hydrocarbons,913471.0
202607,502,United States,290374,Chlorodifluoroethanes,260580.0
202607,502,United States,290377,Other perhalogenated derivatives only with fluorine and chlorine,522248.0
202607,502,United States,290379,"Halogenated derivatives of acyclic hydrocarbons containing two or more different halogens (excluding perhalogenated, and chlorodifluoromethane, dichlorotrifluoroethanes, dichlorofluoroethanes, chlorodifluoroethanes, dichloropentafluoropropanes, bromochlorodifluoromethane, bromotrifluoromethane and dibromotetrafluoroethanes)",585964.0
202607,502,United States,290389,"Halogenated derivatives of cyclanic, cyclenic or cycloterpenic hydrocarbons (excluding 1,2,3,4,5,6-Hexachlorocyclohexane HCH [ISO]"", lindane [ISO, INN], aldrin [ISO], chlordane [ISO] and heptachlor [ISO)])""",75443.0
202607,502,United States,290399,"Halogenated derivatives of aromatic hydrocarbons (excluding chlorobenzene, o-dichlorobenzene, p-dichlorobenzene, hexachlorobenzene [ISO] and DDT [ISO] clofenotane [INN], 1,1,1-trichloro-2,2-bis[p-chlorophenyl]ethane"")""",6373552.0
202607,502,United States,290410,"Derivatives containing only sulpho groups, their salts and ethyl esters",440389.0
202607,502,United States,290420,Derivatives containing only nitro or only nitroso groups,220298.0
202607,502,United States,290499,"Sulphonated, nitrated or nitrosated derivatives of hydrocarbons, whether or not halogenated (excl. those containing only sulpho, nitro or nitroso groups, trichloronitromethane chloropicrin"", perfluorooctane sulphonic acid and its salts, perfluorooctane sulphonyl fluoride and esters of glycerol formed with acid-function compounds)""",141995.0
202607,502,United States,290512,Propan1ol (propyl alcohol) and propan2ol (isopropyl alcohol),24727.0
202607,502,United States,290513,Butan1ol (nbutyl alcohol),6044.0
202607,502,United States,290514,Other butanols,104127.0
202607,502,United States,290516,Octanol (octyl alcohol) and isomers thereof,97108.0
202607,502,United States,290517,"Dodecan1ol (lauryl alcohol), hexadecan1ol (cetyl alcohol) and octadecan1ol (stearyl alcohol)",2912.0
202607,502,United States,290519,"Saturated monohydric acyclic alcohols (excluding methanol methyl alcohol"", propan-1-ol ""propyl alcohol"", propan-2-ol ""isopropyl alcohol"", butanols, octanol ""octyl alcohol"" and isomers thereof, dodecan-1-ol ""lauryl alcohol"", hexadecan-1-ol ""cetyl alcohol"" and octadecan-1-ol ""stearyl alcohol"")""",317309.0
202607,502,United States,290522,Acyclic terpene alcohols,106402.0
202607,502,United States,290529,Unsaturated monohydric acyclic alcohols (excluding acyclic terpene alcohols),103094.0
202607,502,United States,290531,Ethylene glycol (ethanediol),5.0
202607,502,United States,290532,"Propylene glycol (propane1,2diol)",2114848.0
202607,502,United States,290539,"Diols (excluding ethylene glycol ethanediol"" and propylene glycol ""propane-1,2-diol"")""",252629.0
202607,502,United States,290541,"2Ethyl2(hydroxymethyl)propane1,3diol (trimethylolpropane)",345381.0
202607,502,United States,290542,Pentaerythritol,297411.0
202607,502,United States,290543,Mannitol,365181.0
202607,502,United States,290544,Dglucitol (sorbitol),888646.0
202607,502,United States,290545,Glycerol,356251.0
202607,502,United States,290549,"Tri- and other polyhydric acyclic alcohols (excluding 2-ethyl-2-hydroxymethyl"" propane-1,3-diol ""trimethylolpropane"", pentaerythritol, mannitol, d-glucitol ""sorbitol"" and glycerol)""",2556550.0
202607,502,United States,290559,"Halogenated, sulphonated, nitrated or nitrosated derivatives or acyclic alcohols (excluding ethchlorvynol INN"")""",283839.0
202607,502,United States,290611,Menthol,45936.0
202607,502,United States,290612,"Cyclohexanol, methylcyclohexanols and dimethylcyclohexanols",917.0
202607,502,United States,290613,Sterols and inositols,1085317.0
202607,502,United States,290619,"Cyclanic, cyclenic or cycloterpenic alcohols and their halogenated, sulphonated, nitrated or nitrosated derivatives (excluding menthol, cyclohexanol, methylcyclohexanols, dimethylcyclohexanols, sterols and inositols)",1438886.0
202607,502,United States,290621,Benzyl alcohol,395580.0
202607,502,United States,290629,"Aromatic cyclic alcohols and their halogenated, sulphonated, nitrated or nitrosated derivatives (excluding benzyl alcohol)",646369.0
202607,502,United States,290711,Phenol (hydroxybenzene) and its salts,8507.0
202607,502,United States,290715,Naphthols and their salts,297721.0
202607,502,United States,290719,"Monophenols (excluding phenol hydroxybenzene"" and its salts, cresols and their salts, octylphenol, nonylphenol and their isomers and salts thereof and naphthols and their salts)""",324198.0
202607,502,United States,290721,Resorcinol and its salts,178016.0
202607,502,United States,290729,"Polyphenols and phenol-alcohols (excluding resorcinol and hydroquinone quinol"" and their salts, and 4,4'-isopropylidenediphenol ""bisphenol A, diphenylolpropane"" and its salts)""",1279614.0
202607,502,United States,290819,"Derivatives containing only halogen substituents and their salts, of phenols or phenol-alcohols (excluding pentachlorophenol [ISO])",1631.0
202607,502,United States,290899,"Halogenated, sulphonated, nitrated or nitrosated derivatives of phenols or phenol-alcohols (excluding derivatives containing only halogen substitutes and their salts, dinoseb [ISO] and its salts, and 4,6-Dinitro-o-cresol [DNOC [ISO]] and its salts)",191.0
202607,502,United States,290919,"Acyclic ethers and their halogenated, sulphonated, nitrated or nitrosated derivatives (excluding diethyl ether)",1068497.0
202607,502,United States,290920,"Cyclanic, cyclenic or cycloterpenic ethers and their halogenated, sulphonated, nitrated or nitrosated derivatives",407852.0
202607,502,United States,290930,"Aromatic ethers and their halogenated, sulphonated, nitrated or nitrosated derivatives",1995845.0
202607,502,United States,290941,"2,2'Oxydiethanol (diethylene glycol, digol)",663623.0
202607,502,United States,290943,Monobutyl ethers of ethylene glycol or of diethylene glycol,74495.0
202607,502,United States,290944,Other monoalkylethers of ethylene glycol or of diethylene glycol,38664.0
202607,502,United States,290949,"Ether-alcohols and their halogenated, sulphonated, nitrated or nitrosated derivatives (excluding 2,2'-Oxydiethanol diethylene glycol, digol"" and monoalkylethers of ethylene glycol or of diethylene glycol)""",530022.0
202607,502,United States,290950,"Etherphenols, etheralcoholphenols and their halogenated, sulphonated, nitrated or nitrosated derivatives",171005.0
202607,502,United States,290960,"Alcohol peroxides, ether peroxides, acetal and hemiacetal peroxides, ketone peroxides and their halogenated, sulphonated, nitrated or nitrosated derivatives",3233986.0
202607,502,United States,291090,"Epoxides, epoxyalcohols, epoxyphenols and epoxyethers, with a three-membered ring, and their halogenated, sulphonated, nitrated or nitrosated derivatives (excluding oxirane ethylene oxide"", methyloxirane ""propylene oxide"", 1-Chloro-2,3-epoxypropane ""epichlorohydrin"" and dieldrin [ISO] [INN])""",511833.0
202607,502,United States,291100,"Acetals and hemiacetals, whether or not with other oxygen function, and their halogenated, sulphonated, nitrated or nitrosated derivatives.",30282.0
202607,502,United States,291219,"Acyclic aldehydes, without other oxygen function (excluding methanal [formaldehyde] and ethanal [acetaldehyde])",2030646.0
202607,502,United States,291221,Benzaldehyde,7777.0
202607,502,United States,291229,"Cyclic aldehydes, without other oxygen function (excluding benzaldehyde)",1437579.0
202607,502,United States,291242,Ethylvanillin (3ethoxy4hydroxybenzaldehyde),3400.0
202607,502,United States,291249,"Aldehyde-alcohols, aldehyde-ethers, aldehyde-phenols and aldehydes with other oxygen function (excluding ethylvanillin 3-ethoxy-4-hydroxybenzaldehyde"" and vanillin ""4-hydroxy-3-methoxybenzaldehyde"")""",154852.0
202607,502,United States,291250,Cyclic polymers of aldehydes,48988.0
202607,502,United States,291260,Paraformaldehyde,31270.0
202607,502,United States,291300,"Halogenated, sulphonated, nitrated or nitrosated derivatives of products of heading 29.12.",2326.0
202607,502,United States,291412,Butanone (methyl ethyl ketone),306204.0
202607,502,United States,291419,"Acyclic ketones, without other oxygen function (excluding acetone, butanone methyl ethyl ketone"" and 4-Methylpentan-2-one ""Methyl isobutyl ketone"")""",741043.0
202607,502,United States,291423,Ionones and methylionones,218683.0
202607,502,United States,291429,"Cyclanic, cyclenic or cycloterpenic ketones, without other oxygen function (excluding cyclohexanone, methylcyclohexanones, ionones and methylionones)",2013171.0
202607,502,United States,291439,"Ketones, aromatic, without other oxygen function (excluding phenylacetone [phenylpropan-2-one])",1076616.0
202607,502,United States,291440,Ketonealcohols and ketonealdehydes,828908.0
202607,502,United States,291450,Ketonephenols and ketones with other oxygen function,3652125.0
202607,502,United States,291461,Anthraquinone,487815.0
202607,502,United States,291462,Coenzyme Q10 (ubidecarenone (INN)),8808367.0
202607,502,United States,291469,Quinones (excluding anthraquinone),271591.0
202607,502,United States,291479,"Halogenated, sulphonated, nitrated or nitrosated derivatives of ketones or quinones (excl. chlordecone ISO"" and inorganic or organic compounds of mercury)""",6119303.0
202607,502,United States,291511,Formic acid,29808.0
202607,502,United States,291512,Salts of formic acid,433174.0
202607,502,United States,291513,Esters of formic acid,55677.0
202607,502,United States,291521,Acetic acid,82621.0
202607,502,United States,291529,Salts of acetic acid (excluding inorganic or organic compounds of mercury),721134.0
202607,502,United States,291531,Ethyl acetate,64855.0
202607,502,United States,291533,nButyl acetate,77324.0
202607,502,United States,291539,"Esters of acetic acid (excluding ethyl, vinyl, n-butyl and dinoseb [ISO] acetates)",2373419.0
202607,502,United States,291540,"Mono, di or trichloroacetic acids, their salts and esters",89400.0
202607,502,United States,291550,"Propionic acid, its salts and esters",301366.0
202607,502,United States,291560,"Butanoic acids, pentanoic acids, their salts and esters",895551.0
202607,502,United States,291570,"Palmitic acid, stearic acid, their salts and esters",31383.0
202607,502,United States,291590,"Saturated acyclic monocarboxylic acids, their anhydrides, halides, peroxides and peroxyacids; their halogenated, sulphonated, nitrated or nitrosated derivatives (excluding formic acid and acetic acid, mono-, di- or trichloroacetic acids, propionic acid, butanoic and pentanoic acids, palmitic and stearic acids, their salts and esters, and acetic anhydride)",1097373.0
202607,502,United States,291611,Acrylic acid and its salts,42748.0
202607,502,United States,291612,Esters of acrylic acid,1968804.0
202607,502,United States,291613,Methacrylic acid and its salts,206969.0
202607,502,United States,291614,Esters of methacrylic acid,1335975.0
202607,502,United States,291615,"Oleic, linoleic or linolenic acids, their salts and esters",37647.0
202607,502,United States,291619,"Unsaturated acyclic monocarboxylic acids, their anhydrides, halides, peroxides, peroxyacids and halogenated, sulphonated, nitrated or nitrosated derivatives (excluding acrylic acid and its salts and esters, methacrylic acid and its salts and esters, and oleic, linoleic or linolenic acids, their salts and esters, and binapacryl [ISO])",3256488.0
202607,502,United States,291620,"Cyclanic, cyclenic or cycloterpenic monocarboxylic acids, their anhydrides, halides, peroxides, peroxyacids and their derivatives",575079.0
202607,502,United States,291631,"Benzoic acid, its salts and esters",1616092.0
202607,502,United States,291632,Benzoyl peroxide and benzoyl chloride,63820.0
202607,502,United States,291634,Phenylacetic acid and its salts,1720.0
202607,502,United States,291639,"Aromatic monocarboxylic acids, their anhydrides, halides, peroxides, peroxyacids and their halogenated, sulphonated, nitrated or nitrosated derivatives (excluding benzoic acid, its salts and esters, benzoyl peroxide, benzoyl chloride, phenylacetic acid and its salts, and inorganic or organic compounds of mercury whether or not chemically defined)",4216603.0
202607,502,United States,291711,"Oxalic acid, its salts and esters",213885.0
202607,502,United States,291712,"Adipic acid, its salts and esters",193490.0
202607,502,United States,291713,"Azelaic acid, sebacic acid, their salts and esters",1655472.0
202607,502,United States,291714,Maleic anhydride,198736.0
202607,502,United States,291719,"Acyclic polycarboxylic acids, their anhydrides, halides, peroxides, peroxyacids and their halogenated, sulphonated, nitrated or nitrosated derivatives (excluding oxalic acid, its salts and esters, adipic acid, its salts and esters, azelaic acid, sebacic acid, their salts and esters, maleic anhydride, and inorganic or organic compounds of mercury)",8675414.0
202607,502,United States,291720,"Cyclanic, cyclenic or cycloterpenic polycarboxylic acids, their anhydrides, halides, peroxides, peroxyacids and their derivatives",664690.0
202607,502,United States,291732,Dioctyl orthophthalates,321.0
202607,502,United States,291734,Other esters of orthophthalic acid,20.0
202607,502,United States,291736,Terephthalic acid and its salts,8.0
202607,502,United States,291739,"Aromatic polycarboxylic acids, their anhydrides, halides, peroxides, peroxyacids and their halogenated, sulphonated, nitrated or nitrosated derivatives (excluding esters of orthophthalic acid, phthalic anhydride, terephthalic acid and its salts and dimethyl terephthalate)",3203140.0
202607,502,United States,291811,"Lactic acid, its salts and esters",766968.0
202607,502,United States,291812,Tartaric acid,484484.0
202607,502,United States,291814,Citric acid,518936.0
202607,502,United States,291815,Salts and esters of citric acid,1091302.0
202607,502,United States,291816,"Gluconic acid, its salts and esters",418560.0
202607,502,United States,291819,"Carboxylic acids with additional oxygen function and their anhydrides, halides, peroxides and peroxyacids; their halogenated, sulphonated, nitrated or nitrosated derivatives (excluding lactic acid, tartaric acid, citric acid, gluconic acid and their salts and esters, and chlorobenzilate [ISO])",4207120.0
202607,502,United States,291821,Salicylic acid and its salts,138930.0
202607,502,United States,291822,"OAcetylsalicylic acid, its salts and esters",71030.0
202607,502,United States,291823,Other esters of salicylic acid and their salts,413448.0
202607,502,United States,291829,"Carboxylic acids with phenol function but without other oxygen function, their anhydrides, halides, peroxides, peroxyacids and their halogenated, sulphonated, nitrated or nitrosated derivatives (excluding salicylic acid and o-Acetylsalicylic acid, and their salts and esters)",2209986.0
202607,502,United States,291830,"Carboxylic acids with aldehyde or ketone function but without other oxygen function, their anhydrides, halides, peroxides, peroxyacids and their derivatives",3547854.0
202607,502,United States,291899,"Carboxylic acids with additional oxygen function and their anhydrides, halides, peroxides and peroxyacids; their halogenated, sulphonated, nitrated or nitrosated derivatives (excluding only with alcohol, phenol, aldehyde or ketone function, and 2,4,5-T [ISO] [2,4,5-trichlorophenoxyacetic acid] and its salts and esters)",8720049.0
202607,502,United States,291990,"Phosphoric esters and their salts, incl. lactophosphates; their halogenated, sulphonated, nitrated or nitrosated derivatives (excluding tris2,3-dibromopropyl"" phosphate)""",1297901.0
202607,502,United States,292019,"Thiophosphoric esters phosphorothioates"" and their salts; their halogenated, sulphonated, nitrated or nitrosated derivatives (excluding parathion [ISO] and parathion-methyl [ISO] [methyl-parathion])""",28031.0
202607,502,United States,292023,Trimethyl phosphite,85240.0
202607,502,United States,292029,"Phosphite esters and their salts; their halogenated, sulphonated, nitrated or nitrosated derivatives (excl. dimethyl, diethyl, trimethyl and triethyl phosphites)",66173.0
202607,502,United States,292090,"Esters of other inorganic acids of non-metals and their salts; their halogenated, sulphonated, nitrated or nitrosated derivatives (excluding esters of hydrogen halides, and thiophosphoric esters phosphorothioates"", their salts and their halogenated, sulphonated, nitrated or nitrosated derivatives, and inorganic or organic compounds of mercury))""",6370086.0
202607,502,United States,292119,"Acyclic monoamines and their derivatives; salts thereof (excluding methylamine, dimethylamine, trimethylamine, and their salts)",8628965.0
202607,502,United States,292129,"Acyclic polyamines and their derivatives; salts thereof (excluding ethylenediamine and hexamethylenediamine, and their salts)",1084143.0
202607,502,United States,292130,"Cyclanic, cyclenic or cycloterpenic mono or polyamines, and their derivatives; salts thereof",1238062.0
202607,502,United States,292142,Aniline derivatives and their salts,8088561.0
202607,502,United States,292143,Toluidines and their derivatives; salts thereof,26846.0
202607,502,United States,292144,Diphenylamine and its derivatives; salts thereof,51427.0
202607,502,United States,292149,"Aromatic monoamines and derivatives; salts thereof (excluding aniline, toluidines, diphenylamine, 1-naphthylamine alpha-naphthylamine"", 2-naphthylamine ""beta-naphthylamine"" and their derivatives, and salts thereof, and amfetamine ""INN"", benzfetamine ""INN"", dexamfetamine ""INN"", etilamfetamine ""INN"", fencamfamine ""INN"", lefetamine ""INN"", levamfetamine ""INN"", mefenorex ""INN"" and phentermine ""INN"", and salts thereof)""",495812.0
202607,502,United States,292151,"o-, m-, p-Phenylenediamine, diaminotoluenes, and their derivatives; salts thereof",2913771.0
202607,502,United States,292159,"Aromatic polyamines and their derivatives; salts thereof (excluding o-phenylenediamine, m-phenylenediamine, p-phenylenediamine or diaminotoluenes and their derivatives, and salts thereof)",1078032.0
202607,502,United States,292211,Monoethanolamine and its salts,311997.0
202607,502,United States,292219,"Amino-alcohols, their ethers and esters; salts thereof (other than those containing ＞ one kind of oxygen function and excluding monoethanolamine, diethanolamine, triethanolamine, dextropropoxyphene INN"", and salts thereof)""",4950923.0
202607,502,United States,292221,Aminohydroxynaphthalenesulphonic acids and their salts,74297.0
202607,502,United States,292229,"Amino-naphthols and other amino-phenols, their ethers and esters; salts thereof (excluding those containing ＞ one kind of oxygen function; aminohydroxynaphthalenesulphonic acids and their salts)",543009.0
202607,502,United States,292239,"Amino-aldehydes, amino-ketones and amino-quinones; salts thereof (excluding those containing ＞ one kind of oxygen function, and amfepramone INN"", methadone ""INN"" and normethadone ""INN"", and salts thereof)""",100726.0
202607,502,United States,292241,Lysine and its esters; salts thereof,3775814.0
202607,502,United States,292242,Glutamic acid and its salts,381605.0
202607,502,United States,292243,Anthranilic acid and its salts,75563.0
202607,502,United States,292249,"Amino-acids and their esters; salts thereof (excluding those with ＞ one kind of oxygen function, lysine and its esters, and salts thereof, and glutamic acid, anthranilic acid, tilidine INN"", and salts thereof)""",15810158.0
202607,502,United States,292250,"Aminoalcoholphenols, aminoacidphenols and other aminocompounds with oxygen function",6471864.0
202607,502,United States,292310,Choline and its salts,1513784.0
202607,502,United States,292320,Lecithins and other phosphoaminolipids,1007174.0
202607,502,United States,292390,Quaternary ammonium salts and hydroxides (excluding choline and its salts),9258479.0
202607,502,United States,292419,"Acyclic amides, incl. acyclic carbamates, and their derivatives, and salts thereof (excluding meprobamate [INN], fluoroacetamide [ISO], monocrotophos [ISO] and phosphamidon [ISO])",12345720.0
202607,502,United States,292421,Ureides and their derivatives; salts thereof,145538.0
202607,502,United States,292429,"Cyclic amides, incl. cyclic carbamates, and their derivatives; salts thereof (excluding ureines and their derivatives, salts thereof, 2-acetamidobenzoic acid N-acetylanthranilic acid"" and its salts and ethinamate ""INN"")""",12969452.0
202607,502,United States,292511,Saccharin and its salts,353077.0
202607,502,United States,292519,"Imides and their derivatives; salts thereof (excluding saccharin and its salts, glutethimide [INN] and inorganic or organic compounds of mercury)",1530867.0
202607,502,United States,292529,Imines and their derivatives; salts thereof (excluding chlordimeform [ISO]),10353145.0
202607,502,United States,292620,1Cyanoguanidine (dicyandiamide),382237.0
202607,502,United States,292690,"Nitrile-function compounds (excluding acrylonitrile, 1-cyanoguanidine dicyandiamide"", fenproporex ""INN"" and its salts, and methadone ""INN""-intermediate ""4-cyano-2-dimethylamino-4,4-diphenylbutane"")""",4300163.0
202607,502,United States,292700,"Diazo, azo or azoxycompounds.",506183.0
202607,502,United States,292800,Organic derivatives of hydrazine or of hydroxylamine.,1399679.0
202607,502,United States,292910,Isocyanates,466335.0
202607,502,United States,292990,"Compounds with nitrogen function (excluding amine-function compounds; oxygen-function amino-compounds; quaternary ammonium salts and hydroxides; lecithin and other phosphoaminolipids; carboxyamide-function compounds; amide-function compounds of carbonic acid; carboxyimide-function, imine-function or nitrile-function compounds; diazo-, azo- or azoxy-compounds; organic derivatives of hydrazine or of hydroxylamine and isocyanates)",797758.0
202607,502,United States,293020,Thiocarbamates and dithiocarbamates,416730.0
202607,502,United States,293030,"Thiuram mono, di or tetrasulphides",31162.0
202607,502,United States,293040,Methionine,1642157.0
202607,502,United States,293090,"Organo-sulphur compounds (excluding thiocarbamates and dithiocarbamates, thiuram mono-, di- or tetrasulphides, methionine, captafol [ISO] and methamidophos [ISO])",19453758.0
202607,502,United States,293141,Dimethyl methylphosphonate,96480.0
202607,502,United States,293149,Other non-halogenated organo-phosphorous derivatives,20644978.0
202607,502,United States,293159,Other halogenated organo-phosphorous derivatives,55522.0
202607,502,United States,293190,"Separate chemically defined organo-inorganic compounds (excluding organo-sulphur compounds and those of mercury, tetramethyl lead, tetraethyl lead and tributyltin compounds)",10109850.0
202607,502,United States,293212,2Furaldehyde (furfuraldehyde),628.0
202607,502,United States,293213,Furfuryl alcohol and tetrahydrofurfuryl alcohol,17453.0
202607,502,United States,293214,Sucralose,3789119.0
202607,502,United States,293219,"Heterocyclic compounds with oxygen hetero-atom[s] only, containing an unfused furan ring, whether or not hydrogenated, in the structure (excluding tetrahydrofuran, 2-furaldehyde furfuraldehyde"", furfuryl alcohol and tetrahydrofurfuryl alcohol)""",1966426.0
202607,502,United States,293220,Lactones,9005714.0
202607,502,United States,293293,Piperonal,104563.0
202607,502,United States,293299,"Heterocyclic compounds with oxygen hetero-atom[s] only (excluding compounds containing unfused furan ring, whether or not hydrogenated, in the structure, and lactones, isosafrole, 1-[1,3-benzodioxol-5-yl]propan-2-one, piperonal, safrole, tetrahydrocannabinols all isomers"", and inorganic or organic compounds of mercury)""",10138013.0
202607,502,United States,293311,Phenazone (antipyrin) and its derivatives,354.0
202607,502,United States,293319,"Heterocyclic compounds with nitrogen hetero-atom[s] only, containing an unfused pyrazole ring, whether or not hydrogenated, in the structure (excluding phenazone antipyrin"" and its derivatives)""",866519.0
202607,502,United States,293321,Hydantoin and its derivatives,280989.0
202607,502,United States,293329,"Heterocyclic compounds with nitrogen hetero-atom[s] only, containing an unfused imidazole ring, whether or not hydrogenated, in the structure (excluding hydantoin and its derivatives, and products of subheading 3002 10)",1996612.0
202607,502,United States,293331,Pyridine and its salts,164494.0
202607,502,United States,293339,"Heterocyclic compounds with nitrogen hetero-atom[s] only, containing an unfused pyridine ring, whether or not hydrogenated, in the structure (excluding pyridine, piperidine, alfentanil INN"", anileridine ""INN"", bezitramide ""INN"", bromazepam ""INN"", difenoxin ""INN"", diphenoxylate ""INN"", dipipanone ""INN"", fentanyl ""INN"", ketobemidone ""INN"", methylphenidate ""INN"", pentazocine ""INN"", pethidine ""INN"", pethidine ""INN"" intermediate A, phencyclidine ""INN"" ""PCP"", phenoperidine ""INN"", pipradol ""INN"", piritramide ""INN"", propiram ""INN"", trimeperidine ""INN"", and salts thereof, and inorganic or organic compounds of mercury)""",39656525.0
202607,502,United States,293349,"Heterocyclic compounds with nitrogen hetero-atom[s] only, containing in the structure a quinoline or isoquinoline ring-system, whether or not hydrogenated, but not further fused (excluding levorphanol INN"" and its salts, and inorganic or organic compounds of mercury)""",2586829.0
202607,502,United States,293352,Malonylurea (barbituric acid) and its salts,1028.0
202607,502,United States,293359,"Heterocyclic compounds with nitrogen hetero-atom[s] only, containing a pyrimidine ring, whether or not hydrogenated, or piperazine ring in the structure (excluding malonylurea barbituric acid"" and its derivatives, allobarbital ""INN"", amobarbital ""INN"", barbital ""INN"", butalbital ""INN"", butobarbital ""INN"", cyclobarbital ""INN"", methylphenobarbital ""INN"", pentobarbital ""INN"", phenobarbital ""INN"", secbutabarbital ""INN"", secobarbital ""INN"", vinylbital ""INN"", loprazolam ""INN"", mecloqualone ""INN"", methaqualone ""INN"" and zipeprol ""INN"", and salts thereof)""",15660685.0
202607,502,United States,293369,"Heterocyclic compounds with nitrogen hetero-atom[s] only, containing an unfused triazine ring, whether or not hydrogenated, in the structure (excluding melamine)",10868870.0
202607,502,United States,293379,Other lactams,910833.0
202607,502,United States,293399,"Heterocyclic compounds with nitrogen hetero-atom[s] only (excluding those containing an unfused pyrazole, imidazole, pyridine or triazine ring, whether or not hydrogenated, a quinoline or isoquinoline ring-system, not further fused, whether or not hydrogenated, a pyrimidine ring, whether or not hydrogenated, or piperazine ring in the structure, and lactams, alprazolam INN"", camazepam ""INN"", chlordiazepoxide ""INN"", clonazepam ""INN"", clorazepate, delorazepam ""INN"", diazepam ""INN"", estazolam ""INN"", ethyl loflazepate ""INN"", fludiazepam ""INN"", flunitrazepam ""INN"", flurazepam ""INN"", halazepam ""INN"", lorazepam ""INN"", lormetazepam ""INN"", mazindol ""INN"", medazepam ""INN"", midazolam ""INN"", nimetazepam ""INN"", nitrazepam ""INN"", nordazepam ""INN"", oxazepam ""INN"", pinazepam ""INN"", prazepam ""INN"", pyrovalerone ""INN"", temazepam ""INN"", tetrazepam ""INN"" and triazolam ""INN"", and salts thereof)""",25159061.0
202607,502,United States,293410,Compounds containing an unfused thiazole ring (whether or not hydrogenated) in the structure,9215029.0
202607,502,United States,293420,"Compounds containing in the structure a benzothiazole ringsystem (whether or not hydrogenated), not further fused",1576902.0
202607,502,United States,293430,"Compounds containing in the structure a phenothiazine ringsystem (whether or not hydrogenated), not further fused",187902.0
202607,502,United States,293499,"Nucleic acids and their salts, whether or not chemically defined; heterocyclic compounds (excluding with oxygen only or with nitrogen hetero-atom[s] only, compounds containing in the structure an unfused thiazole ring or a benzothiazole or phenothiazine ring-system, not further fused and aminorex INN"", brotizolam ""INN"", clotiazepam ""INN"", cloxazolam ""INN"", dextromoramide ""INN"", haloxazolam ""INN"", ketazolam ""INN"", mesocarb ""INN"", oxazolam ""INN"", pemoline ""INN"", phendimetrazine ""INN"", phenmetrazine ""INN"", sufentanil ""INN"", and salts thereof, and inorganic or organic compounds of mercury whether or not chemically defined, and products of 3002 10)""",42042699.0
202607,502,United States,293590,Other sulphonamides,5956408.0
202607,502,United States,293621,"Vitamins A and their derivatives, unmixed",606197.0
202607,502,United States,293622,"Vitamin B1 and its derivatives,unmixed",4542946.0
202607,502,United States,293623,"Vitamin B2 and its derivatives,unmixed",1227861.0
202607,502,United States,293624,"D or DLPantothenic acid (Vitamin B5) and its derivatives,unmixed",1388736.0
202607,502,United States,293625,"Vitamin B6 and its derivatives,unmixed",1552514.0
202607,502,United States,293626,"Vitamin B12 and its derivatives,unmixed",2340777.0
202607,502,United States,293627,"Vitamin C and its derivatives,unmixed",8970450.0
202607,502,United States,293628,"Vitamin E and its derivatives,unmixed",19460537.0
202607,502,United States,293629,"Other vitamins and their derivatives,unmixed",7784601.0
202607,502,United States,293690,Other provitamins and vitamins and their derivatives and mixtures,210520.0
202607,502,United States,293719,"Polypeptide hormones, protein hormones and glycoprotein hormones, their derivatives and structural analogues, used primarily as hormones (excluding somatropin, its derivatives and structural analogues, and insulin and its salts)",21002121.0
202607,502,United States,293721,"Cortisone, hydrocortisone, prednisone (dehydrocortisone) and prednisolone (dehydrohydrocortisone)",970096.0
202607,502,United States,293722,Halogenated derivatives of corticosteroidal hormones,54865.0
202607,502,United States,293723,Oestrogens and progestogens,2199959.0
202607,502,United States,293729,"Steroidal hormones, their derivatives and structural analogues, used primarily as hormones (excluding cortisone, hydrocortisone, prednisone dehydrocortisone"", prednisolone ""dehydrohydrocortisone"", halogenated derivatives of corticosteroidal hormones, oestrogens and progestogens)""",955229.0
202607,502,United States,293750,"Prostaglandins, thromboxanes and leukotrienes, their derivatives and structural analogues",485.0
202607,502,United States,293790,"Hormones, natural or reproduced by synthesis; derivatives and structural analogues thereof, used primarily as hormones (excluding polypeptide hormones, protein hormones, glycoprotein hormones, steroidal hormones, catecholamine hormones, prostaglandins, thromboxanes and leukotrienes, their derivatives and structural analogues, and amino-acid derivatives, and products of 3002 10)",1772694.0
202607,502,United States,293810,Rutoside (rutin) and its derivatives,43669.0
202607,502,United States,293890,"Glycosides, natural or reproduced by synthesis, and their salts, ethers, esters and other derivatives (excluding rutoside rutin"" and its derivatives)""",9161276.0
202607,502,United States,293920,Alkaloids of cinchona and their derivatives; salts thereof,2.0
202607,502,United States,293930,Caffeine and its salts,1370346.0
202607,502,United States,293959,"Theophylline and aminophylline theophylline-ethylenediamine"" and their derivatives, and salts thereof (excluding fenetylline ""INN"" and its salts)""",117850.0
202607,502,United States,293969,"Alkaloids of rye ergot and their derivatives; salts thereof (excluding lysergic acid, ergotamine and ergometrine, and their salts)",11530.0
202607,502,United States,293979,"Vegetable alkaloids, natural or reproduced by synthesis, and their salts, ethers, esters and other derivatives (excl. alkaloids of opium, alkaloids of cinchons, theophylline, aminophylline theophylline-ethylenediamine"" alkaloids of rye ergot and their salts and derivatives, cocaine, ecgonine, levometamfetamine, metamfetamine ""INN"", metamfetamine racemate, and salts, esters and other derivatives thereof, caffeine and ephedrines, and their salts)""",1084711.0
202607,502,United States,293980,"Non-vegetal alkaloids, natural or reproduced by synthesis, and their salts, ethers, esters and other derivatives",1110376.0
202607,502,United States,294000,"Sugars, chemically pure, other than sucrose, lactose, maltose, glucose and fructose; sugar ethers, sugar acetals and sugar esters, and their salts, other than products of heading 29.37, 29.38 or 29.39.",5050784.0
202607,502,United States,294110,Penicillins and their derivatives with a penicillanic acid structure; salts thereof,525997.0
202607,502,United States,294130,Tetracyclines and their derivatives; salts thereof,2344390.0
202607,502,United States,294140,Chloramphenicol and its derivatives; salts thereof,208485.0
202607,502,United States,294150,Erythromycin and its derivatives; salts thereof,240.0
202607,502,United States,294190,"Antibiotics (excluding penicillins and their derivatives with a penicillanic acid structure, salts thereof, streptomycins, tetracyclines, chloramphenicol and erythromycin, their derivatives and salts thereof)",12744011.0
202607,502,United States,294200,Other organic compounds,179286.0
202607,502,United States,300120,Extracts of glands or other organs or of their secretions,181927.0
202607,502,United States,300190,"Glands and other organs for organo-therapeutic uses, whether or not powdered; heparin and its salts; other human or animal substances prepared for therapeutic or prophylactic uses, n.e.s.",3706834.0
202607,502,United States,300212,Antisera and other blood fractions,296035.0
202607,502,United States,300213,"Immunological products, unmixed, not put up in measured doses or in forms or packings for retail sale",126878.0
202607,502,United States,300214,"Immunological products, mixed, not put up in measured doses or in forms or packings for retail sale",7219909.0
202607,502,United States,300215,"Immunological products, put up in measured doses or in forms or packings for retail sale",8388691.0
202607,502,United States,300241,Vaccines for human medicine,45006.0
202607,502,United States,300249,"Toxins, cultured microorganisms and similar products",3512363.0
202607,502,United States,300251,Cell therapy products,350.0
202607,502,United States,300259,Other cell cultures (excl. Cell therapy products),225844.0
202607,502,United States,300290,"Human blood; animal blood prepared for therapeutic, prophylactic or diagnostic uses",3080.0
202607,502,United States,300320,"Other medicaments containing antibiotics, not put up in measured doses",431631.0
202607,502,United States,300390,"Medicaments consisting of two or more constituents mixed together for therapeutic or prophylactic uses, not in measured doses or put up for retail sale (excluding antibiotics containing hormones or steroids used as hormones, but not containing antibiotics, alkaloids or derivatives thereof, hormones or antibiotics or goods of heading 3002, 3005 or 3006)",2072065.0
202607,502,United States,300410,"Medicaments containing penicillins or derivatives thereof, with a penicillanic acid structure, or streptomycins or their derivatives,in forms or packings for retail sale",405369.0
202607,502,United States,300420,"Other medicaments containing antibiotics,in forms or packings for retail sale",15786707.0
202607,502,United States,300431,"Medicaments containing insulin, in forms or packings for retail sale",12733.0
202607,502,United States,300432,"Medicaments containing corticosteroid hormones, their derivatives or structural analogues,in forms or packings for retail sale",2094799.0
202607,502,United States,300439,"Medicaments containing hormones or products under heading 39.37,in forms or packings for retail sale,nes",5227948.0
202607,502,United States,300449,"Medicaments containing other alkaloids or derivatives thereof, in forms or packings for retail sale, nes",52787.0
202607,502,United States,300450,"Other medicaments containing vitamins or products under heading 29.36, in forms or packings for retail sale",88201.0
202607,502,United States,300490,"Other Medicaments consisting of mixed or unmixed products for therapeutic or prophylactic uses, in forms or packings for retail sale",83281643.0
202607,502,United States,300510,Adhesive dressings and other articles having an adhesive layer,33031985.0
202607,502,United States,300590,"Wadding, gauze, bandages and the like, e.g. dressings, adhesive plasters, poultices, impregnated or covered with pharmaceutical substances or put up for retail sale for medical, surgical, dental or veterinary purposes (excluding adhesive dressings and other articles having an adhesive layer)",32989295.0
202607,502,United States,300610,"Sterile surgical catgut, similar sterile suture materials (including sterile absorbable surgical or dental yarns) and sterile tissue adhesives for surgical wound closure; sterile laminaria and sterile laminaria tents; sterile absorbable surgical or dental haemostatics; sterile surgical or dental adhesion barriers, whether or not absorbable",21351.0
202607,502,United States,300630,Opacifying preparations for Xray examinations; diagnostic reagents designed to be administered to the patient,20534881.0
202607,502,United States,300640,Dental cements and other dental fillings; bone reconstruction cements,464425.0
202607,502,United States,300650,Firstaid boxes and kits,6915716.0
202607,502,United States,300660,"Chemical contraceptive preparations based on hormones, on other products of heading 29.37 or on spermicides",456388.0
202607,502,United States,300670,Gel preparations designed to be used in human or veterinary medicine as a lubricant for parts of the body for surgical operations or physical examinations or as a coupling agent between the body and medical instruments,1045577.0
202607,502,United States,300691,Appliances identifiable for ostomy use,535493.0
202607,502,United States,300693,"Placebos and blinded (or double-blinded) clinical trial kits for a recognised clinical trial, put up in measured doses",1905326.0
202607,502,United States,310100,"Animal or vegetable fertilisers, whether or not mixed together or chemically treated; fertilisers produced by the mixing or chemical treatment of animal or vegetable products",401.0
202607,502,United States,320190,"Tanning extracts of vegetable origin (excluding quebracho extract and wattle extract); tannins and their salts, ethers, esters and other derivatives (excluding organic or inorganic compounds of mercury whether or not chemically defined)",12975.0
202607,502,United States,320300,"Colouring matter of vegetable or animal origin (including dyeinextracts but excluding animal black), whether or not chemicalldefined; preparations as specified in Note 4 to this Chapter baseon colouring matter of vegetable or animal origin.",4761860.0
202607,502,United States,320411,Disperse dyes and preparations based thereon,230608.0
202607,502,United States,320412,"Acid dyes, whether or not premetallised, and preparations based thereon; mordant dyes and preparations based thereon",294934.0
202607,502,United States,320413,Basic dyes and preparations based thereon,23801.0
202607,502,United States,320414,Direct dyes and preparations based thereon,38445.0
202607,502,United States,320415,Vat dyes (including those usable in that state as pigments) and preparations based thereon,476751.0
202607,502,United States,320416,Reactive dyes and preparations based thereon,1800.0
202607,502,United States,320417,Pigments and preparations based thereon,11775431.0
202607,502,United States,320418,Carotenoid colouring matters and preparations based thereon,167597.0
202607,502,United States,320419,Other organic colouring matters and preparations based thereon,9290.0
202607,502,United States,320420,Synthetic organic products of a kind used as fluorescent brightening agents,341781.0
202607,502,United States,320490,"Synthetic organic products of a kind used as luminophores, whether or not chemically defined",110250.0
202607,502,United States,320500,Colour lakes; preparations as specified in Note 3 to this Chapter based on colour lakes.,1776.0
202607,502,United States,320611,"Pigments and preparations based on titanium dioxide of a kind used for colouring any material or produce colorant preparations, containing ≥ 80% by weight of titanium dioxide calculated on the dry matter (excluding preparations of heading 3207, 3208, 3209, 3210, 3212, 3213 and 3215)",3318402.0
202607,502,United States,320619,"Pigments and preparations based on titanium dioxide of a kind used for colouring any material or produce colorant preparations, containing ＜ 80% by weight of titanium dioxide calculated on the dry matter (excluding preparations of heading 3207, 3208, 3209, 3210, 3212, 3213 and 3215)",195754.0
202607,502,United States,320620,Pigments and preparations based on chromium compounds,141266.0
202607,502,United States,320641,Ultramarine and preparations based thereon,9992.0
202607,502,United States,320642,Lithopone and other pigments and preparations based on zinc sulphide,19840.0
202607,502,United States,320649,"Inorganic or mineral colouring matter, n.e.s.; preparations based on inorganic or mineral colouring matter of a kind used for colouring any material or produce colorant preparations, n.e.s. (excluding preparations of heading 3207, 3208, 3209, 3210, 3213 and 3215 and inorganic products of a kind used as liminophores)",1893781.0
202607,502,United States,320650,Inorganic products of a kind used as luminophores,18745.0
202607,502,United States,320710,"Prepared pigments, prepared opacifiers, prepared colours and similar preparations",69164.0
202607,502,United States,320720,"Vitrifiable enamels and glazes, engobes (slips) and similar preparations",72626.0
202607,502,United States,320730,Liquid lustres and similar preparations,2777.0
202607,502,United States,320740,"Glass frit and other glass, in the form of powder, granules or flakes",50562.0
202607,502,United States,320810,"Paints&vanishes based on polyesters, in a non-aqueous medium",88.0
202607,502,United States,320820,"Paints&vanishes based on acrylic or vinyl polymers, in a non-aqueous medium",901953.0
202607,502,United States,320890,"Paints and varnishes based, incl. enamels and lacquers, on synthetic polymers or chemically modified natural polymers, dispersed or dissolved in a non-aqueous medium, and solutions of products of headings 3901 to 3913 in volatile organic solvents, containing ＞ 50% solvent by weight (excluding those based on polyesters and acrylic or vinyl polymers and solutions of collodion)",886898.0
202607,502,United States,320910,"Paints&varnishs based on acrylic/vinyl polymers, in aqueous medium",53574.0
202607,502,United States,320990,"Paints and varnishes, incl. enamels and lacquers, based on synthetic or chemically modified natural polymers, dispersed or dissolved in an aqueous medium (excluding those based on acrylic or vinyl polymers)",660204.0
202607,502,United States,321000,"Other paints and varnishes (including enamels, lacquers and distempers); prepared water pigments of a kind used for finishing leather.",2895.0
202607,502,United States,321100,Prepared driers.,84166.0
202607,502,United States,321210,Stamping foils,29854.0
202607,502,United States,321290,"Pigments, incl. metallic powders and flakes, dispersed in non-aqueous media, in liquid or paste form, of a kind used in the manufacture of paints; colorants and other colouring matter, n.e.s. put up for retail sale",205715.0
202607,502,United States,321310,Colours in sets,6497935.0
202607,502,United States,321390,"Artist's, student's or signboard painter's colours, modifying tints, amusement colours and the like, in tablets, tubes, jars, bottles, pans or similar packages (excluding those in sets)",1732483.0
202607,502,United States,321410,"Glaziers' putty, grafting putty, resin cements, caulking compounds and other mastics; painters' fillings",4251425.0
202607,502,United States,321490,"Non-refractory surfacing preparations for facades, inside walls, floors, ceilings and the like",13475.0
202607,502,United States,321511,Black,22442.0
202607,502,United States,321519,"Printing ink, whether or not concentrated or solid (excluding black ink)",90132.0
202607,502,United States,321590,"Ink, whether or not concentrated or solid (excluding printing ink)",2959077.0
202607,502,United States,330112,Oils of orange,2436.0
202607,502,United States,330113,Oils of lemon,78321.0
202607,502,United States,330125,Oils of other mints,292932.0
202607,502,United States,330129,"Essential oils,(excluding those of citrus fruit and mint)",2425785.0
202607,502,United States,330130,Resinoids,11982.0
202607,502,United States,330190,"Extracted oleoresins; concentrates of essential oils in fats, fixed oils, waxes and the like, obtained by enfleurage or maceration; terpenic by-products of the deterpenation of essential oils; aromatic aqueous distillates and aqueous solutions of essential oils",600659.0
202607,502,United States,330210,Mixtures of a kind used in the food or drink industries,1455370.0
202607,502,United States,330290,"Mixtures of odoriferous substances and mixtures, incl. alcoholic solutions, based on one or more of these substances, of a kind used as raw materials in industry (excluding food or drink industries)",2020403.0
202607,502,United States,330300,Perfumes and toilet waters.,11554756.0
202607,502,United States,330410,Lip makeup preparations,20911509.0
202607,502,United States,330420,Eye makeup preparations,16958336.0
202607,502,United States,330430,Manicure or pedicure preparations,16806706.0
202607,502,United States,330491,"Powders, whether or not compressed",4861368.0
202607,502,United States,330499,"Beauty or make-up preparations and preparations for the care of the skin (other than medicaments), incl. sunscreen or suntan preparations (excluding medicaments, lip and eye make-up preparations, manicure or pedicure preparations and make-up or skin care powders, incl. baby powders)",49843888.0
202607,502,United States,330510,Shampoos,3542028.0
202607,502,United States,330520,Preparations for permanent waving or straightening,6869.0
202607,502,United States,330530,Hair lacquers,4411676.0
202607,502,United States,330590,"Preparations for use on the hair (excluding shampoos, preparations for permanent waving or straightening and hair lacquers)",8322132.0
202607,502,United States,330610,Dentifrices,2402258.0
202607,502,United States,330620,Yarn used to clean between the teeth (dental floss),8737727.0
202607,502,United States,330690,"Preparations for oral or dental hygiene, incl. denture fixative pastes and powders (excluding dentifrices and yarn used to clean between the teeth dental floss"")""",2295334.0
202607,502,United States,330710,"Preshave, shaving or aftershave preparations",506596.0
202607,502,United States,330720,Personal deodorants and antiperspirants,3250385.0
202607,502,United States,330730,Perfumed bath salts and other bath preparations,3958574.0
202607,502,United States,330741,“Agarbatti” and other odoriferous preparations which operate by burning,199310.0
202607,502,United States,330749,"Preparations for perfuming or deodorising rooms, incl. odoriferous preparations used during religious rites (excluding agarbatti and other odoriferous preparations which operate by burning)",12414635.0
202607,502,United States,330790,"Depilatories and other perfumery, toilet or cosmetic preparations, n.e.s.",5280751.0
202607,502,United States,340111,"Soap and organic surface-active products and preparations, in the form of bars, cakes, moulded pieces or shapes, and paper, wadding, felt and nonwovens, impregnated, coated or covered with soap or detergent, for toilet use, incl. medicated products",1360658.0
202607,502,United States,340119,"Soap and organic surface-active products and preparations, in the form of bars, cakes, moulded pieces or shapes, and paper, wadding, felt and nonwovens, impregnated, coated or covered with soap or detergent (excluding those for toilet use, incl. medicated products)",27606354.0
202607,502,United States,340120,Soap in other forms,302286.0
202607,502,United States,340130,"Organic surfaceactive products and preparations for washing the skin, in the form of liquid or cream and put up for retail sale, whether or not containing soap",9842503.0
202607,502,United States,340231,Linear alkylbenzene sulphonic acids and their salts,77354.0
202607,502,United States,340239,"Other anionic organic surface active agents, whether or not put up for retail sale",766198.0
202607,502,United States,340241,"Cationic surface-active agents, (excl. soap)",406036.0
202607,502,United States,340242,"Non-ionic surface-active agents, (excl. soap)",1752188.0
202607,502,United States,340249,"Other organic surface-active agents,(excluding anionic, cationic or non-ionic agents and soap)",482098.0
202607,502,United States,340250,"Other organic surface active agents,washing preparations (including auxiliary washing preparations) and cleaning preparations, preparations put up for retail sale",12406634.0
202607,502,United States,340290,"Surface-active preparations, washing preparations, incl. auxiliary washing preparations and cleaning preparations (excluding those put up for retail sale, organic surface-active agents, soap and organic surface-active preparations in the form of bars, cakes, moulded pieces or shapes, and products and preparations for washing the skin in the form of liquid or cream)",862420.0
202607,502,United States,340319,"Lubricant preparations, incl. cutting-oil preparations, bolt or nut release preparations, anti-rust or anti-corrosion preparations and mould-release preparations, based on lubricants and containing petroleum oil or bituminous mineral oil (excluding preparations containing, as basic constituents, ≥ 70% of petroleum oil or bituminous mineral oil by weight and preparations for treating textiles, leather, furskins and other materials)",179552.0
202607,502,United States,340391,"Preparations for the treatment of textile materials, leather, furskins or other materials",3316.0
202607,502,United States,340399,"Lubricant preparations, incl. cutting-oil preparations, bolt or nut release preparations, anti-rust or anti-corrosion preparations and mould-release preparations, based on lubricants but not containing petroleum oil or bituminous mineral oil (excluding preparations for the treatment of textiles, leather, furskins and other materials)",1109493.0
202607,502,United States,340420,Waxes of poly(oxyethylene) (polyethylene glycol),961976.0
202607,502,United States,340490,Other artificial waxes and prepared waxes,881824.0
202607,502,United States,340510,"Polishes, creams and similar preparations for footwear or leather",1068064.0
202607,502,United States,340520,"Polishes, creams and similar preparations for the maintenance of wooden furniture, floors or other woodwork",180947.0
202607,502,United States,340530,"Polishes and similar preparations for coachwork, other than metal polishes",192174.0
202607,502,United States,340540,Scouring pastes and powders and other scouring preparations,117657.0
202607,502,United States,340590,"Glass or metal polishes, whether or not in the form of paper, wadding, felt, nonwovens, cellular plastics or cellular rubber, impregnated, coated or covered with such preparations",307987.0
202607,502,United States,340600,"Candles, tapers and the like",13511813.0
202607,502,United States,340700,"Modelling pastes, including those put up for children's amusement; preparations known as “dental wax”or as “dental impression compounds”, put up in sets, in packings for retail sale or in plates, horseshoe shapes, sticks or similar forms; other preparations for use in dentistry, with a basis of plaster (of calcined gypsum or calcium sulphate).",9867898.0
202607,502,United States,350190,"Caseinates and other casein derivatives; casein glues (excluding those put up for retail sale as glue and weighing ≤ 1 kg, and organic or inorganic compounds of mercury whether or not chemically defined)",12.0
202607,502,United States,350220,"Milk albumin, including concentrates of two or more whey proteins",10830.0
202607,502,United States,350290,"Albumins, albuminates and other albumin derivatives (excluding egg albumin and milk albumin [incl. concentrates of two or more whey proteins containing by weight ＞ 80% whey proteins, calculated on the dry matter], and organic or inorganic compounds of mercury whether or not chemically defined)",69192.0
202607,502,United States,350300,"Gelatin (including gelatin in rectangular (including square) sheets, whether or not surfaceworked or coloured) and gelatin derivatives; isinglass; other glues of animal origin, excluding casein glues of heading 35.01.",3564657.0
202607,502,United States,350400,"Peptones and their derivatives; other protein substances and their derivatives, not elsewhere specified or included; hide powder, whether or not chromed.",8238010.0
202607,502,United States,350510,Dextrins and other modified starches,1554673.0
202607,502,United States,350520,"Glues based on starches, dextrins or other modified starches",7344.0
202607,502,United States,350610,"Products suitable for use as glues or adhesives, put up for retail sale as glues or adhesives, not exceeding a net weight of 1 kg",6857893.0
202607,502,United States,350691,Adhesives based on polymers of headings 39.01 to 39.13 or on rubber,7499372.0
202607,502,United States,350699,"Glues, prepared, and other prepared adhesives, n.e.s.",1959348.0
202607,502,United States,350790,"Enzymes and prepared enzymes, n.e.s. (excluding rennet and concentrates thereof)",3354811.0
202607,502,United States,360360,Electric detonators,909089.0
202607,502,United States,360410,Fireworks,7630103.0
202607,502,United States,360500,"Matches, other than pyrotechnic articles of heading 36.04.",198020.0
202607,502,United States,360610,Liquid or liquefiedgas fuels in containers of a kind used for filling or refilling cigarette or similar lighters and of a capacity not exceeding 300 cm3,415501.0
202607,502,United States,360690,Ferro-cerium and other pyrophoricalloys and other articles of combustible materials,382054.0
202607,502,United States,370110,"Photographic plates and film in the flat, sensitised, unexposed, for X-ray (excluding of paper, paperboard and textiles)",19317.0
202607,502,United States,370120,Instant print film,6731.0
202607,502,United States,370130,"Other plates and film, with any side exceeding 255 mm",223351.0
202607,502,United States,370191,"Photographic plates and film in the flat, sensitised, unexposed, of any material other than paper, paperboard or textiles, for colour photography polychrome"" (excluding instant print film)""",2183.0
202607,502,United States,370199,"Photographic plates and film in the flat for monochrome photography, sensitised, unexposed, of any material other than paper, paperboard or textiles (excluding X-ray film and photographic plates, film in the flat with any side ＞ 255 mm, and instant print film)",1851.0
202607,502,United States,370239,"Photographic film incl. instant print film"", sensitised, in rolls, unexposed, without perforations, width ≤ 105 mm, for monochrome photography (excluding film with silver halide emulsion, film made of paper, paperboard or textiles and X-ray film)""",2169.0
202607,502,United States,370242,"Other films for non-colour photography (polychrome),width＞610 mm and length＞200m",18502.0
202607,502,United States,370244,"Other films,105mm＜width≤610mm",35671.0
202607,502,United States,370253,"Other film, for colour photography (polychrome) , of a width exceeding 16 mm but not exceeding 35 mm and of a length not exceeding 30 m, for slides",17893.0
202607,502,United States,370254,"Other film, for colour photography (polychrome) , of a width exceeding 16 mm but not exceeding 35 mm and of a length not exceeding 30 m, other than for slides",30800.0
202607,502,United States,370310,In rolls of a width exceeding 610 mm,21435.0
202607,502,United States,370320,"Other, for colour photography (polychrome)",555169.0
202607,502,United States,370390,"Photographic paper, paperboard and textiles, sensitised, unexposed, for monochrome photography (excluding products in rolls ＞ 610 mm wide)",13811.0
202607,502,United States,370500,"Photographic plates and film, exposed and developed, other than cinematographic film.",1562.0
202607,502,United States,370710,Sensitising emulsions,199466.0
202607,502,United States,370790,"Preparation of chemicals, incl. unmixed products put up in measured portions or put up for retail sale in a form ready for use (excluding varnishes, glues, adhesives and similar preparations, sensitising emulsions and salts and precious-metal compounds etc. of heading 2843 to 2846)",387656.0
202607,502,United States,380110,Artificial graphite,1555898.0
202607,502,United States,380190,"Preparations based on graphite or other carbon in the form of pastes, blocks, plates or other semi-manufactures (excluding carbonaceous pastes for electrodes and similar pastes for furnace linings)",1687169.0
202607,502,United States,380210,Activated carbon,1284929.0
202607,502,United States,380290,"Activated kieselguhr and other activated natural mineral products; animal black, whether or not spent (excluding activated carbon, calcinated diatomite without the addition of sintering agents and activated chemical products)",1056.0
202607,502,United States,380590,"Crude dipentene; sulphite turpentine and other crude para-cymene; terpenic oils produced by the distillation or other treatment of coniferous woods (excluding gum turpentine, wood turpentine and sulphate turpentine)",3388.0
202607,502,United States,380610,Rosin and resin acids,59917.0
202607,502,United States,380630,Ester gums,219060.0
202607,502,United States,380690,"Derivatives of rosin, incl. salts of rosin adducts, and of resin acids, light and heavy resin oils and modified natural resins obtained by heat treatment run gums"" (excluding salts of rosin, of resin acids or salts of derivatives of rosin or resin acids, and ester gums)""",588538.0
202607,502,United States,380891,Insecticides,4806625.0
202607,502,United States,380892,Fungicides,460781.0
202607,502,United States,380893,"Herbicides, antisprouting products and plantgrowth regulators",41434405.0
202607,502,United States,380894,Disinfectants,10599427.0
202607,502,United States,380899,"Articles under heading 38.08,nes",625053.0
202607,502,United States,380991,"Other finishing agents and like, of a kind used in the textile or like industries",81125.0
202607,502,United States,380992,"Other finishing agents and like, of a kind used in the paper or like industries",470.0
202607,502,United States,380993,"Other finishing agents and like, of a kind used in the leather or like industries",1200.0
202607,502,United States,381010,"Pickling preparations for metal surfaces; soldering, brazing or welding powders and pastes consisting of metal and other materials",50374.0
202607,502,United States,381090,"Fluxes and other auxiliary preparations for soldering, brazing or welding;preparations of a kind used as cores or coatings for welding electrodes or rods",148401.0
202607,502,United States,381121,"Additives for lubricating oils,containing petroleum oils or oils obtained from bituminous minerals",673996.0
202607,502,United States,381190,"Oxidation inhibitors, gum inhibitors, viscosity improvers, anti-corrosive preparations and other prepared additives for mineral oils, incl. gasoline, or for other liquids used for the same purposes as mineral oils (excluding anti-knock preparations and oil lubricant additives)",449.0
202607,502,United States,381210,Prepared rubber accelerators,4695961.0
202607,502,United States,381220,Compound plasticisers for rubber or plastics,555201.0
202607,502,United States,381231,"Mixtures of oligomers of 2,2,4trimethyl1,2dihydroquinoline (TMQ)",748798.0
202607,502,United States,381239,"Anti-oxidising preparations and other compound stabilisers for rubber or plastics (excl. mixtures of oligomers of 2,2,4-trimethyl-1,2-dihydroquinoline TMQ"")""",2157036.0
202607,502,United States,381300,Preparations and charges for fireextinguishers; charged fireextinguishing grenades,279954.0
202607,502,United States,381400,"Organic composite solvents and thinners, not elsewhere specified or included; prepared paint or varnish removers.",79684.0
202607,502,United States,381511,Supported catalysts with nickel or nickel compounds as the active substance,145525.0
202607,502,United States,381512,Supported catalysts with precious metal or precious metal compounds as the active substance,178979.0
202607,502,United States,381519,"Supported catalysts, n.e.s. (excluding with precious metal, a precious-metal compound, nickel or a nickel compound as the active substance)",2964372.0
202607,502,United States,381590,"Reaction initiators, reaction accelerators and catalytic preparations, n.e.s. (excluding rubber accelerators and supported catalysts)",2165591.0
202607,502,United States,381600,"Refractory cements, mortars, concretes and similar compositions, other than products of heading 38.01",126661.0
202607,502,United States,381800,"Chemical elements doped for use in electronics, in the form of discs, wafers or similar forms; chemical compounds doped for use in electronics",17426078.0
202607,502,United States,381900,"Hydraulic brake fluids and other prepared liquids for hydraulictransmission, not containing or containing less than 70% byweight of petroleum oils or oils obtained from bituminousminerals.",809.0
202607,502,United States,382000,Antifreezing preparations and prepared deicing fluids.,310799.0
202607,502,United States,382100,"Prepared culture media for the development or maintenance of microorganisms (including viruses and the like) or of plant, human or animal cells.",858432.0
202607,502,United States,382212,"Diagnostic or laboratory reagents on a backing, prepared diagnostic or laboratory reagents whether or not on a backing, for Zika and other diseases transmitted by mosquitoes of the genus Aedes",3158.0
202607,502,United States,382219,"Other diagnostic or laboratory reagents attached to backing and dispensing reagents, whether or not attached to backing",24001506.0
202607,502,United States,382290,Certified reference sample,59596.0
202607,502,United States,382311,Stearic acid,63478.0
202607,502,United States,382312,Oleic acid,102568.0
202607,502,United States,382410,Prepared binders for foundry moulds or cores,422.0
202607,502,United States,382440,"Prepared additives for cements, mortars or concretes",451047.0
202607,502,United States,382450,Nonrefractory mortars and concretes,6194.0
202607,502,United States,382499,"Chemical products and preparations of the chemical or allied industries, incl. those consisting of mixtures of natural products, n.e.s.",43669836.0
202607,502,United States,382590,"Residual products of the chemical or allied industries, nes (excluding waste)",3685.0
202607,502,United States,390110,Polyethylene having a specific gravity of less than 0.94,103531.0
202607,502,United States,390120,Polyethylene having a specific gravity of 0.94 or more,74892.0
202607,502,United States,390130,Ethylenevinyl acetate copolymers,104714.0
202607,502,United States,390140,"Ethylenealphaolefin copolymers, having a specific gravity of less than 0.94",6333.0
202607,502,United States,390190,"Polymers of ethylene, in primary forms (excluding polyethylene and ethylene-vinyl acetate copolymers)",5860711.0
202607,502,United States,390210,Polypropylene,732111.0
202607,502,United States,390220,Polyisobutylene,188485.0
202607,502,United States,390230,Propylene copolymers,171723.0
202607,502,United States,390290,"Polymers of propylene or of other olefins, in primary forms (excluding polypropylene, polyisobutylene and propylene copolymers)",56532.0
202607,502,United States,390319,"Polystyrene, in primary forms (excluding expansible)",2985874.0
202607,502,United States,390320,Styreneacrylonitrile (SAN) copolymers,321079.0
202607,502,United States,390330,Acrylonitrilebutadienestyrene (ABS) copolymers,607760.0
202607,502,United States,390390,"Polymers of styrene, in primary forms (excluding polystyrene, styrene-acrylonitrile copolymers SAN"" and acrylonitrile-butadiene-styrene ""ABS"")""",381890.0
202607,502,United States,390421,Nonplasticised,235094.0
202607,502,United States,390422,Plasticised,54376.0
202607,502,United States,390430,Vinyl chloridevinyl acetate copolymers,319116.0
202607,502,United States,390440,Other vinyl chloride copolymers,512020.0
202607,502,United States,390450,Vinylidene chloride polymers,261350.0
202607,502,United States,390461,Polytetrafluoroethylene,1115672.0
202607,502,United States,390469,"Fluoropolymers of vinyl chloride or of other halogenated olefins, in primary forms (excluding polytetrafluoroethylene)",6782434.0
202607,502,United States,390521,"Vinyl acetate copolymers, in aqueous dispersion",3780.0
202607,502,United States,390529,"Vinyl acetate copolymers, in primary forms (excluding in aqueous dispersion)",80.0
202607,502,United States,390530,"Poly(vinyl alcohol), whether or not containing unhydrolysed acetate groups",136800.0
202607,502,United States,390591,Copolymers,590524.0
202607,502,United States,390599,"Polymers of vinyl esters and other vinyl polymers, in primary forms (excluding those of vinyl chloride or other halogenated olefins, polyvinyl acetate"", vinyl acetate copolymers and poly""vinyl alcohol"", whether or not containing unhydrolised acetate groups)""",761791.0
202607,502,United States,390610,"Polymethyl methacrylate"", in primary forms""",44049.0
202607,502,United States,390690,"Acrylic polymers, in primary forms (excluding polymethyl methacrylate"")""",7646518.0
202607,502,United States,390710,Polyacetals,48880.0
202607,502,United States,390721,"Bis(polyoxyethylene) methylphosphonate, in primary forms",31256.0
202607,502,United States,390729,"Other polyethers, in primary forms",7260567.0
202607,502,United States,390730,Epoxide resins,974382.0
202607,502,United States,390740,Polycarbonates,2341736.0
202607,502,United States,390761,"Polyethylene terephthalate"", in primary forms, having a viscosity number of 78 ml/g or higher""",588012.0
202607,502,United States,390769,"Polyethylene terephthalate"", in primary forms, having a viscosity number of ＜ 78 ml/g""",49381.0
202607,502,United States,390770,Poly(lactic acid) in primary forms,23200.0
202607,502,United States,390791,Unsaturated polyesters in primary forms,209741.0
202607,502,United States,390799,"Saturated polyesters in primary forms (excluding polycarbonates, alkyd resins, polyethylene terephthalate"" and poly""lactic acid"")""",2102272.0
202607,502,United States,390810,"Polyamide6, 11, 12, 6,6, 6,9, 6,10 or 6,12 ,in primary forms",900277.0
202607,502,United States,390890,"Polyamides, in primary forms (excluding polyamides-6, -11, -12, -6,6, -6,9, -6,10 and -6,12)",1342776.0
202607,502,United States,390910,"Urea resins and thiourea resins, in primary forms",27224.0
202607,502,United States,390920,Melamine resins,74975.0
202607,502,United States,390931,"Poly(methylene phenyl isocyanate) (crude MDI, polymeric MDI) ,in primary forms",8200276.0
202607,502,United States,390940,"Phenolic resins,in primary forms",107785.0
202607,502,United States,390950,"Polyurethanes,in primary forms",582477.0
202607,502,United States,391000,Silicones in primary forms,5483774.0
202607,502,United States,391110,"Petroleum resins, coumarone, indene or coumaroneindene resins and polyterpenes",6583319.0
202607,502,United States,391190,"Polysulphides, polysulphones and other polymers and prepolymers produced by chemical synthesis, nes, in primary forms",8560340.0
202607,502,United States,391231,"Carboxymethylcellulose and its salts,in primary forms",1986320.0
202607,502,United States,391239,"Cellulose ethers, in primary forms (excluding carboxymethylcellulose and its salts)",174461.0
202607,502,United States,391290,"Cellulose and chemical derivatives thereof, n.e.s., in primary forms (excluding cellulose acetates, cellulose nitrates and cellulose ethers)",640286.0
202607,502,United States,391390,"Natural polymers and modified natural polymers, e.g. hardened proteins, chemical derivatives of natural rubber, n.e.s., in primary forms (excluding alginic acid and its salts and esters)",13574622.0
202607,502,United States,391400,"Ionexchangers based on polymers of headings 39.01 to 39.13, in primary forms",6678146.0
202607,502,United States,391590,"Waste, parings and scrap, of other plastics",74496.0
202607,502,United States,391610,Monofilament of polymers of ethylene,640399.0
202607,502,United States,391620,Monofilament of polymers of vinyl chloride,1915463.0
202607,502,United States,391690,Monofilament of other plastics,36933344.0
202607,502,United States,391710,Artificial guts (sausage casings) of hardened protein or of cellulosic materials,74551.0
202607,502,United States,391721,"Rigid tubes, pipes and hoses, of polymers of ethylene",3102033.0
202607,502,United States,391722,"Rigid tubes, pipes and hoses, of polymers of propylene",502372.0
202607,502,United States,391723,"Rigid tubes, pipes and hoses, of polymers of vinyl chloride",3387467.0
202607,502,United States,391729,"Rigid tubes, pipes and hoses, of other plastics",2100649.0
202607,502,United States,391731,"Flexible tubes, pipes and hoses, having a minimum burst pressure of 27.6 Mpa",3075083.0
202607,502,United States,391732,"Other plastic tubes, not reinforced or otherwise combined with other materials,without fittings",5705030.0
202607,502,United States,391733,"Other plastic tubes, not reinforced or otherwise combined with other materials,with fittings",5601387.0
202607,502,United States,391739,"Flexible tubes, pipes and hoses, of plastics, reinforced or otherwise combined with other materials (excluding those with a burst pressure of ≥ 27,6 MPa)",28564947.0
202607,502,United States,391740,"Fittings for tubes, of plastic",10460879.0
202607,502,United States,391810,"Wall or floor coverings, of polymers of vinyl chloride",40631356.0
202607,502,United States,391890,"Wall or floor coverings, of other plastics",23735942.0
202607,502,United States,391910,"Self-adhesive plates, sheets, film, foil, tape, strip and other flat shapes, of plastics, in rolls ≤ 20 cm wide",21927962.0
202607,502,United States,391990,"Self-adhesive plates, sheets, film, foil, tape, strip and other flat shapes, of plastics, whether or not in rolls ＞ 20 cm wide (excluding floor, wall and ceiling coverings of heading 3918)",31376107.0
202607,502,United States,392010,"Plates, sheets, film, foil and strip, of non-cellular polymers of ethylene, not reinforced, laminated, supported or similarly combined with other materials, without backing, unworked or merely surface-worked or merely cut into squares or rectangles (excluding self-adhesive products, and floor, wall and ceiling coverings of heading 3918)",34904785.0
202607,502,United States,392020,"Plates, sheets, film, foil and strip, of non-cellular polymers of ethylene, not reinforced, laminated, supported or similarly combined with other materials, without backing, unworked or merely surface-worked or merely cut into squares or rectangles (excluding self-adhesive products, and floor, wall and ceiling coverings of heading 3918)",6003811.0
202607,502,United States,392030,"Plates, sheets, foil, film and strip, of non-cellular polymers of styrene, not reinforced, laminated, supported or similarly combined with other materials, without backing, unworked or merely surface-worked or merely cut into squares or rectangles (excluding self-adhesive products, and floor, wall and ceiling coverings of heading 3918)",1220793.0
202607,502,United States,392043,"Plates, sheets, film, foil and strip, of non-cellular polymers of vinyl chloride, containing by weight ≥ 6% of plasticisers, not reinforced, laminated, supported or similarly combined with other materials, without backing, unworked or merely surface-worked or merely cut into squares or rectangles (excluding self-adhesive products, and floor, wall and ceiling coverings of heading 3918)",6164073.0
202607,502,United States,392049,"Plates, sheets, film, foil and strip, of non-cellular polymers of vinyl chloride, containing by weight ＜ 6% of plasticisers, not reinforced, laminated, supported or similarly combined with other materials, without backing, unworked or merely surface-worked or merely cut into squares or rectangles (excluding self-adhesive products, and floor, wall and ceiling coverings of heading 3918)",4605227.0
202607,502,United States,392051,"Plates, sheets, film, foil and strip, of non-cellular polymethyl methacrylate"", not reinforced, laminated, supported or similarly combined with other materials, without backing, unworked or merely surface-worked or merely cut into squares or rectangles (excluding self-adhesive products, and floor, wall and ceiling coverings of heading 3918)""",4836766.0
202607,502,United States,392059,"Plates, sheets, film, foil and strip, of non-cellular acrylic polymers, not reinforced, laminated, supported or similarly combined with other materials, without backing, unworked or merely surface-worked or merely cut into squares or rectangles (excluding those of polymethyl methacrylate"", self-adhesive products, and floor, wall and ceiling coverings of heading 3918)""",18255.0
202607,502,United States,392061,"Plates, sheets, film, foil and strip, of non-cellular polycarbonates, not reinforced, laminated, supported or similarly combined with other materials, without backing, unworked or merely surface-worked or merely cut into squares or rectangles (excluding those of polymethyl methacrylate"", self-adhesive products, and floor, wall and ceiling coverings of heading 3918)""",1100016.0
202607,502,United States,392062,"Plates, sheets, film, foil and strip, of non-cellular polyethylene terephthalate"", not reinforced, laminated, supported or similarly combined with other materials, without backing, unworked or merely surface-worked or merely cut into squares or rectangles (excluding those of poly""methyl methacrylate"", self-adhesive products, and floor, wall and ceiling coverings of heading 3918)""",12259033.0
202607,502,United States,392063,"Plates, sheets, film, foil and strip, of non-cellular unsaturated polyesters, not reinforced, laminated, supported or similarly combined with other materials, without backing, unworked or merely surface-worked or merely cut into squares or rectangles (excluding those of polymethyl methacrylate"", self-adhesive products, and floor, wall and ceiling coverings of heading 3918)""",643131.0
202607,502,United States,392069,"Plates, sheets, film, foil and strip, of non-cellular polyesters, not reinforced, laminated, supported or similarly combined with other materials, not worked or only surface-worked, or only cut to rectangular, incl. square, shapes (excluding polycarbonates, polythylene terephthalate and other unsaturated polyesters, self-adhesive products, and floor, wall and ceiling coverings in heading 3918)",2712069.0
202607,502,United States,392071,"Plates, sheets, film, foil and strip, of non-cellular regenerated cellulose, not reinforced, laminated, supported or similarly combined with other materials, without backing, unworked or merely surface-worked or merely cut into squares or rectangles (excluding self-adhesive products, and floor, wall and ceiling coverings of heading 3918)",56576.0
202607,502,United States,392073,"Plates, sheets, film, foil and strip, of non-cellular cellulose acetates, not reinforced, laminated, supported or similarly combined with other materials, without backing, unworked or merely surface-worked or merely cut into squares or rectangles (excluding self-adhesive products, and floor, wall and ceiling coverings of heading 3918)",11901.0
202607,502,United States,392079,"Plates, sheets, film, foil and strip, of non-cellular cellulose derivatives, not reinforced, laminated, supported or similarly combined with other materials, without backing, unworked or merely surface-worked or merely cut into squares or rectangles (excluding products of cellulose acetates, self-adhesive products, floor, wall and ceiling coverings of heading 3918)",43812.0
202607,502,United States,392091,"Plates, sheets, film, foil and strip, of non-cellular polyvinyl butyral"", not reinforced, laminated, supported or similarly combined with other materials, without backing, unworked or merely surface-worked or merely cut into squares or rectangles (excluding self-adhesive products, floor, wall and ceiling coverings of heading 3918)""",70296.0
202607,502,United States,392092,"Plates, sheets, film, foil and strip, of non-cellular polyamides, not reinforced, laminated, supported or similarly combined with other materials, without backing, unworked or merely surface-worked or merely cut into squares or rectangles (excluding self-adhesive products, floor, wall and ceiling coverings of heading 3918)",617629.0
202607,502,United States,392093,"Plates, sheets, film, foil and strip, of non-cellular amino-resins, not reinforced, laminated, supported or similarly combined with other materials, without backing, unworked or merely surface-worked or merely cut into squares or rectangles (excluding self-adhesive products, floor, wall and ceiling coverings of heading 3918)",24620.0
202607,502,United States,392094,"Plates, sheets, film, foil and strip, of non-cellular phenolic resins, not reinforced, laminated, supported or similarly combined with other materials, without backing, unworked or merely surface-worked or merely cut into squares or rectangles (excluding self-adhesive products, floor, wall and ceiling coverings of heading 3918)",196360.0
202607,502,United States,392099,"Plates, sheets, film, foil and strip, of non-cellular plastics, n.e.s., not reinforced, laminated, supported or similarly combined with other materials, without backing, unworked or merely surface-worked or merely cut into squares or rectangles (excluding self-adhesive products, floor, wall and ceiling coverings of heading 3918 and sterile surgical or dental adhesion barriers of subheading 3006.10.30)",6741683.0
202607,502,United States,392111,"Plates, sheets, film, foil and strip, of polymers of styrene",600607.0
202607,502,United States,392112,"Plates, sheets, film, foil and strip, of polymers of vinyl chloride",5535201.0
202607,502,United States,392113,"Plates, sheets, film, foil and strip, of polyurethanes",3849799.0
202607,502,United States,392114,"Plates, sheets, film, foil and strip, of regenerated cellulose",924605.0
202607,502,United States,392119,"Plates, sheets, film, foil and strip, of other plastics",6182794.0
202607,502,United States,392190,"Plates, sheets, film, foil and strip, (excluding of cellular plastic; self-adhesive products, floor, wall and ceiling coverings of heading 3918)",12434582.0
202607,502,United States,392210,"Baths, showerbaths, sinks and washbasins,of plastics",16071255.0
202607,502,United States,392220,Lavatory seats and covers,4447348.0
202607,502,United States,392290,"Bidets, lavatory pans, flushing cisterns and similar sanitary ware, of plastics (excluding baths, shower-baths, sinks, washbasins, lavatory seats and covers)",4249397.0
202607,502,United States,392310,"Boxes, cases, crates and similar articles",31833667.0
202607,502,United States,392321,"Sacks and bags, incl. cones, of polymers of ethylene",80094363.0
202607,502,United States,392329,"Sacks and bags, incl. cones, of other plastics",43550834.0
202607,502,United States,392330,"Carboys, bottles, flasks and similar articles, of plastics",41259304.0
202607,502,United States,392340,"Spools, cops, bobbins and similar supports, of plastics",2159926.0
202607,502,United States,392350,"Stoppers, lids, caps and other closures, of plastics",42292751.0
202607,502,United States,392390,"Articles for the conveyance or packaging of goods, of plastics (excluding boxes, cases, crates and similar articles; sacks and bags, incl. cones; carboys, bottles, flasks and similar articles; spools, spindles, bobbins and similar supports; stoppers, lids, caps and other closures)",32215038.0
202607,502,United States,392410,"Tableware and kitchenware, of plastics",236239184.0
202607,502,United States,392490,"Household articles and toilet articles, of plastics (excluding tableware, kitchenware, baths, shower-baths, washbasins, bidets, lavatory pans, seats and covers, flushing cisterns and similar sanitary ware)",120145782.0
202607,502,United States,392510,"Reservoirs, tanks, vats and similar containers, of a capacity exceeding 300 l, of plastics",361691.0
202607,502,United States,392520,"Doors, windows and their frames and thresholds for doors, of plastics",14814692.0
202607,502,United States,392530,"Shutters, blinds (including Venetian blinds) and similar articles and parts thereof, of plastics",7531130.0
202607,502,United States,392590,"Builderss ware of plastics, nes",30322056.0
202607,502,United States,392610,"Office or school supplies, of plastics",27260672.0
202607,502,United States,392620,"Articles of apparel and clothing accessories (including gloves, mittens and mitts), of plastics",64514158.0
202607,502,United States,392630,"Fittings for furniture, coachwork or the like, of plastics",24072857.0
202607,502,United States,392640,"Statuettes and other ornamental articles, of plastics",130509107.0
202607,502,United States,392690,"Articles of plastics and articles of other materials of heading 3901 to 3914, n.e.s (excluding goods of 9619)",601933398.0
202607,502,United States,400130,"Balata, guttapercha, guayule, chicle and similar natural gums",24322.0
202607,502,United States,400211,Latex,57197.0
202607,502,United States,400219,"Styrene-butadiene rubber SBR""; carboxylated styrene-butadiene rubber ""XSBR"", in primary forms or in plates, sheets or strip (excluding latex)""",316089.0
202607,502,United States,400231,Isobuteneisoprene (butyl) rubber (IIR),68136.0
202607,502,United States,400239,"Halo-isobutene-isoprene rubber CIIR"" or ""BIIR"", in primary forms or in plates, sheets or strip""",5200.0
202607,502,United States,400249,"Chloroprene chlorobutadiene rubber, CR"", in primary forms or in plates, sheets or strip (excluding latex)""",228330.0
202607,502,United States,400251,"Latex of acrylonitrile-butadiene rubber NBR""""",75.0
202607,502,United States,400259,"Acrylonitrile-butadiene rubber NBR"", in primary forms or in plates, sheets or strip (excluding latex)""",1698.0
202607,502,United States,400260,Isoprene rubber (IR),93648.0
202607,502,United States,400270,Ethylenepropylenenonconjugated diene rubber (EPDM),24.0
202607,502,United States,400291,Latex,2709.0
202607,502,United States,400299,"Synthetic rubber and factice derived from oils, in primary forms or in plates, sheets or strip (excluding latex, styrene-butadiene rubber SBR"", carboxylated styrene-butadiene rubber ""XSBR"", butadiene rubber ""BR"", isobutylene isoprene rubber ""IIR"", halo-isobutene-isoprene rubber ""CIIR"" or ""BIIR"", chloroprene rubber ""CR"", acrylonitrile-butadiene rubber ""NBR"", isoprene rubber ""IR"" and non-conjugated ethylene-propylene diene rubber ""EPDM"")""",4014725.0
202607,502,United States,400300,"Reclaimed rubber in primary forms or in plates, sheets or strip.",615287.0
202607,502,United States,400400,"Waste, parings and scrap of rubber (other than hard rubber) and powders and granules obtained therefrom",800.0
202607,502,United States,400510,"Compounded rubber with carbon black or silica, unvulcanized",11291.0
202607,502,United States,400591,"Compounded rubber, unvulcanised, in the form of plates, sheets or strip",30748.0
202607,502,United States,400690,"Rods, bars, tubes, profiles and other forms of unvulcanised rubber, incl. mixed rubber, and articles of unvulcanised rubber, incl. mixed rubber (excluding plates, sheets and strip which, apart from basic surface-working, have not been cut, or have merely been cut into square or rectangular shapes, and 'camel-back' strips)",190751.0
202607,502,United States,400700,Vulcanised rubber thread and cord.,728304.0
202607,502,United States,400811,"Plates, sheets and strip, of cellular rubber",789165.0
202607,502,United States,400819,"Rods and profile shapes, of cellular rubber",240551.0
202607,502,United States,400821,"Plates, sheets and strip, of non-cellular rubber",3593462.0
202607,502,United States,400829,"Rods, tubes and profile shapes, of non-cellular rubber",378273.0
202607,502,United States,400911,"Tubes, pipes and hoses, of vulcanised rubber (excluding hard rubber), not reinforced or otherwise combined with other materials, without fittings",3158521.0
202607,502,United States,400912,"Tubes, pipes and hoses, of vulcanised rubber (excluding hard rubber), not reinforced or otherwise combined with other materials, with fittings",3929856.0
202607,502,United States,400921,"Tubes, pipes and hoses, of vulcanised rubber (excluding hard rubber), reinforced or otherwise combined only with metal, without fittings",2355040.0
202607,502,United States,400922,"Tubes, pipes and hoses, of vulcanised rubber (excluding hard rubber), reinforced or otherwise combined only with metal, with fittings",3257818.0
202607,502,United States,400931,"Tubes, pipes and hoses, of vulcanised rubber (excluding hard rubber), reinforced or otherwise combined only with textile materials, without fittings",3658510.0
202607,502,United States,400932,"Tubes, pipes and hoses, of vulcanised rubber (excluding hard rubber), reinforced or otherwise combined only with textile materials, with fittings",2824258.0
202607,502,United States,400941,"Tubes, pipes and hoses, of vulcanised rubber (excluding hard rubber), reinforced or otherwise combined with materials other than metal or textile materials, without fittings",521509.0
202607,502,United States,400942,"Tubes, pipes and hoses, of vulcanised rubber (excluding hard rubber), reinforced or otherwise combined with materials other than metal or textile materials, with fittings",2122430.0
202607,502,United States,401011,"Conveyor belts or belting, of vulcanised rubber, reinforced only with metal",578237.0
202607,502,United States,401012,"Conveyor belts or belting, of vulcanised rubber, reinforced only with textile materials",8163049.0
202607,502,United States,401019,"Conveyor belts or belting, of vulcanised rubber (excluding reinforced only with metal or only with textile materials)",578887.0
202607,502,United States,401031,"Endless transmission belts of trapezoidal crosssection (Vbelts), Vribbed, of an outside circumference exceeding 60 cm but not exceeding 180 cm",719030.0
202607,502,United States,401032,"Endless transmission belts of trapezoidal crosssection (Vbelts), other than Vribbed, of an outside circumference exceeding 60 cm but not exceeding 180 cm",551647.0
202607,502,United States,401033,"Endless transmission belts of trapezoidal crosssection (Vbelts), Vribbed, of an outside circumference exceeding 180 cm but not exceeding 240 cm",651596.0
202607,502,United States,401034,"Endless transmission belts of trapezoidal crosssection (Vbelts), other than Vribbed, of an outside circumference exceeding 180 cm but not exceeding 240 cm",100943.0
202607,502,United States,401035,"Endless synchronous belts, of an outside circumference exceeding 60 cm but not exceeding 150 cm",227233.0
202607,502,United States,401036,"Endless synchronous belts, of an outside circumference exceeding 150 cm but not exceeding 198 cm",2967.0
202607,502,United States,401039,"Other transmission belts or belting, of valcanized rubber",2473205.0
202607,502,United States,401110,"New pneumatic tyres, of rubber, of a kind used on motor cars (including station wagons and racing cars)",5683709.0
202607,502,United States,401120,"New pneumatic tyres, of rubber, of a kind used on buses or lorries",15079887.0
202607,502,United States,401140,"New pneumatic tyres, of rubber, of a kind used on motorcycles",2440259.0
202607,502,United States,401150,"New pneumatic tyres, of rubber, of a kind used on bicycles",1809853.0
202607,502,United States,401170,"New pneumatic tyres, of rubber, of a kind used on agricultural or forestry vehicles and machines",7072545.0
202607,502,United States,401180,"New pneumatic tyres, of rubber, of a kind used on construction, mining or industrial handling vehicles and machines",3393759.0
202607,502,United States,401190,"Other new pneumatic tyres, of rubber, o",14165699.0
202607,502,United States,401212,"Retreaded pneumatic tyres, of rubber, of a kind used on buses or lorries",57791.0
202607,502,United States,401220,Used pneumatic tyres,9922.0
202607,502,United States,401290,"Solid or cushion tyres, interchangeable tyre treads and tyre flaps, of rubber",2340264.0
202607,502,United States,401310,"Inner tubes, of rubber, of a kind used on motor cars (including station wagons and racingcars), buses or lorries",388194.0
202607,502,United States,401320,"Inner tubes, of rubber, of a kind used on bicycles",1957200.0
202607,502,United States,401390,"Inner tubes, of rubber (excluding those of a kind used on motor cars, incl. station wagons and racing cars, buses, lorries and bicycles)",666762.0
202607,502,United States,401410,"Sheath contraceptives, of valcanized rubber",41996.0
202607,502,United States,401490,"Hygienic or pharmaceutical articles, incl. teats, of vulcanised rubber (excluding hard rubber), with or without fittings of hard rubber, n.e.s. (excluding sheath contraceptives and articles of apparel and clothing accessories, incl. gloves, for all purposes)",669298.0
202607,502,United States,401512,"Gloves, mittens and mitts of vulcanised rubber, Of a kind used for medical, surgical, dental or veterinarypurposes",3945400.0
202607,502,United States,401519,"Gloves, mittens and mitts, of vulcanised rubber (excluding surgical gloves)",16405578.0
202607,502,United States,401590,"Articles of apparel and clothing accessories, for all purposes, of vulcanised rubber (excluding hard rubber and footwear and headgear and parts thereof, and gloves, mittens and mitts)",2128358.0
202607,502,United States,401610,"Articles of cellular rubber, of valcanized rubber",4334179.0
202607,502,United States,401691,"Floor coverings and mats, of valcanized rubber",7952322.0
202607,502,United States,401692,"Erasers, of valcanized rubber",1348547.0
202607,502,United States,401693,"Gaskets, washers and other seals,of valcanized rubber",26681308.0
202607,502,United States,401694,"Boat or dock fenders, whether or not inflatable, of valcanized rubber",471307.0
202607,502,United States,401695,"Other inflatable articles, of valcanized rubber",911779.0
202607,502,United States,401699,"Articles of vulcanised rubber (excluding hard rubber), n.e.s",32018946.0
202607,502,United States,401700,"Hard rubber (for example, ebonite) in all forms, including waste and scrap; articles of hard rubber",1376507.0
202607,502,United States,410441,"Full grains leather, unsplit and grain splits leather, in the dry state crust"", of hides and skins of bovine ""incl. buffalo"" or equine animals, without hair on (excluding further prepared)""",823.0
202607,502,United States,410712,"Grain splits leather incl. parchment-dressed leather"", of the whole hides and skins of bovine ""incl. buffalo"" or equine animals, further prepared after tanning or crusting, without hair on (excluding chamois leather, patent leather and patent laminated leather, and metallised leather)""",78443.0
202607,502,United States,410719,"Leather incl. parchment-dressed leather"" of the whole hides and skins of bovine ""incl. buffalo"" or equine animals, further prepared after tanning or crusting, without hair on (excluding unsplit full grains leather, grain splits leather, chamois leather, patent leather and patent laminated leather, and metallised leather)""",792.0
202607,502,United States,410792,"Grain splits leather incl. parchment-dressed leather"", of the portions, strips or sheets of hides and skins of bovine ""incl. buffalo"" or equine animals, further prepared after tanning or crusting, without hair on (excluding chamois leather, patent leather and patent laminated leather, and metallised leather)""",4677.0
202607,502,United States,410799,"Leather incl. parchment-dressed leather"" of the portions, strips or sheets of hides and skins of bovine ""incl. buffalo"" or equine animals, further prepared after tanning or crusting, without hair on (excluding unsplit full grains leather, grain splits leather, chamois leather, patent leather and patent laminated leather, and metallised leather)""",110530.0
202607,502,United States,411200,"Leather further prepared after tanning or crusting, including parchmentdressed leather, of sheep or lamb, without wool on, whether or not split, other than leather of heading 41.14",640.0
202607,502,United States,411320,"Leather further prepared after tanning or crusting incl. parchment-dressed leather"", of pigs, without hair on, whether or not split (excluding chamois leather, patent leather and patent laminated leather, and metallised leather)""",178229.0
202607,502,United States,411510,"Composition leather with a basis of leather or leather fibre, inslabs, sheets or strip, whether or not in rolls",2107.0
202607,502,United States,411520,"Parings and other waste of leather or of composition leather, not suitable for the manufacture of leather articles; leather dust, powder and flour",1368.0
202607,502,United States,420100,"Saddlery and harness for any animal, incl. traces, leads, knee pads, muzzles, saddle cloths, saddlebags, dog coats and the like, of any material",38660120.0
202607,502,United States,420211,"Trunks, suitcases, vanity cases, executive-cases, briefcases, school satchels and similar containers, with outer surface of leather, composition leather or patent leather",7556798.0
202607,502,United States,420212,"Trunks, suitcases, vanity cases, executive-cases, briefcases, school satchels and similar containers, with outer surface of plastics or textile materials",133833654.0
202607,502,United States,420219,"Trunks, suitcases, vanity cases, executive-cases, briefcases, school satchels and similar containers (excluding with outer surface of leather, composition leather, patent leather",1801495.0
202607,502,United States,420221,"Handbags, whether or not with shoulder straps, incl. those without handles, with outer surface of leather, composition leather or patent leather",15639978.0
202607,502,United States,420222,"Handbags, whether or not with shoulder straps, incl. those without handles, with outer surface of plastic sheeting or textile materials",83609733.0
202607,502,United States,420229,"Handbags, whether or not with shoulder strap, incl. those without handle, with outer surface of vulcanised fibre or paperboard, or wholly or mainly covered with such materials or with paper",201565.0
202607,502,United States,420231,"Wallets, purses, key-pouches, cigarette-cases, tobacco-pouches and similar articles carried in the pocket or handbag, with outer surface of leather, composition leather or patent leather",5864993.0
202607,502,United States,420232,"Wallets, purses, key-pouches, cigarette-cases, tobacco-pouches and similar articles carried in the pocket or handbag, with outer surface of plastic sheeting or textile materials",27141631.0
202607,502,United States,420239,"Wallets, purses, key-cases, cigarette-cases, tobacco-pouches and similar articles of a kind normally carried in the pocket or handbag, with outer surface of vulcanised fibre or paperboard, or wholly or mainly covered with such materials or with paper, incl. spectacle cases of moulded plastic material",428814.0
202607,502,United States,420291,"Travelling-bags, insulated food or beverage bags, toilet bags, rucksacks, shopping-bags, map-cases, tool bags, sports bags, jewellery boxes, cutlery cases, binocular cases, camera cases, musical instrument cases, gun cases, holsters and similar containers, with outer surface of leather, composition leather or patent leather (excluding trunks, briefcases, school satchels and similar containers, handbags and articles normally carried in the pocket or handbag)",2592714.0
202607,502,United States,420292,"Travelling-bags, insulated food or beverage bags, toilet bags, rucksacks, shopping-bags, map-cases, tool bags, sports bags, jewellery boxes, cutlery cases, binocular cases, camera cases, musical instrument cases, gun cases, holsters and similar containers, with outer surface of plastic sheeting or textile materials (excluding trunks, briefcases, school satchels and similar containers, handbags and articles carried in the pocket or handbag)",167198621.0
202607,502,United States,420299,"Travelling-bags, shopping or tool bags, jewellery boxes, cutlery cases and similar, with outer surface of vulcanised fibre or paperboard; cases for binoculars, cameras, musical instruments, guns, holsters and similar containers with outer surface of materials (not leather, plastic sheeting or textile materials) (excluding trunks, briefcases, school satchels and similar; handbags; articles normally carried in pocket or handbag)",2258687.0
202607,502,United States,420310,Articles of apparel,4141085.0
202607,502,United States,420321,"Gloves of lather or of composition leather, specially designed for use in sports",774128.0
202607,502,United States,420329,"Gloves, mittens and mitts, of leather or composition leather (excluding special sports gloves)",6729534.0
202607,502,United States,420330,"Belts and bandoliers,of lather or composition leather",3494743.0
202607,502,United States,420340,"Other clothing accessories,of leather or of composition leather",1425219.0
202607,502,United States,420500,Other articles of leather or of composition leather,4927583.0
202607,502,United States,430219,"Other tanned or dressed furskins, whole, with or without heads, tails or paws, not assembled",18311.0
202607,502,United States,430220,"Heads, tails, paws and other pieces or cuttings, not assembled",560.0
202607,502,United States,430230,"Whole skins and pieces or cuttings thereof, assembled",6259.0
202607,502,United States,430310,Articles of apparel and clothing accessories,1027833.0
202607,502,United States,430390,"Articles of furskin (excluding articles of apparel, clothing accessories and goods of chapter 95, e.g. toys, games and sports equipment)",1105591.0
202607,502,United States,430400,Artificial fur and articles thereof,2766520.0
202607,502,United States,440112,"Fuel wood, in logs, billets, twigs, faggots or similar forms, non-coniferous",1057.0
202607,502,United States,440122,"Wood in chips or particles (excluding those of a kind used principally for dying or tanning purposes, and coniferous wood)",15178.0
202607,502,United States,440132,Wood briquettes,7712.0
202607,502,United States,440139,"Other sawdust and wood waste and scrap, whether or not agglomerated in logs or similar forms",1107.0
202607,502,United States,440149,"Other wood waste and scrap, not agglomerated",59.0
202607,502,United States,440210,"Bamboo charcoal, incl. shell or nut charcoal, whether or not agglomerated",24086.0
202607,502,United States,440290,"Other wood charcoal, whether or not agglomerated",147178.0
202607,502,United States,440410,Coniferous,26817.0
202607,502,United States,440420,Nonconiferous,42280.0
202607,502,United States,440500,Wood wool; wood flour.,50713.0
202607,502,United States,440729,Other Tropical wood,9145.0
202607,502,United States,440799,"Wood, sawn or chipped lengthwise, sliced or peeled, whether or not planed, sanded or end-jointed, of a thickness of ＞ 6 mm",845001.0
202607,502,United States,440890,"Sheets for veneering, incl. those obtained by slicing laminated wood, for plywood or for other similar laminated wood and other wood, sawn lengthwise, sliced or peeled, whether or not planed, sanded, spliced or end-jointed, of a thickness of ≤ 6 mm (excluding tropical wood specified in Subheading Note 2 to this chapter and coniferous wood)",369833.0
202607,502,United States,440910,"Coniferous wood, incl. strips and friezes for parquet flooring, not assembled, continuously shaped tongued, grooved, rebated, chamfered, V-jointed beaded, moulded, rounded or the like"" along any of its edges, ends or faces, whether or not planed, sanded or end-jointed""",89196.0
202607,502,United States,440921,"Bamboo, incl. strips and friezes for parquet flooring, not assembled, continuously shaped tongued, grooved, rebated, chamfered, V-jointed beaded, moulded, rounded or the like"" along any of its edges, ends or faces, whether or not planed, sanded or end-jointed""",653579.0
202607,502,United States,440922,"Tropical wood, incl. strips and friezes for parquet flooring, not assembled, continuously shaped tongued, grooved, rebated, chamfered, V-jointed beaded, moulded, rounded or the like"" along any of its edges, ends or faces, whether or not planed, sanded or end-jointed""",46685.0
202607,502,United States,440929,"Wood, incl. strips and friezes for parquet flooring, not assembled, continuously shaped tongued, grooved, rebated, chamfered, V-jointed beaded, moulded, rounded or the like"" along any of its edges, ends or faces, whether or not planed, sanded or end-jointed (excluding coniferous wood and bamboo)""",447680.0
202607,502,United States,441011,"Particle board of wood, whether or not agglomerated with resins or other organic binding substances (excluding oriented strand board and waferboard, fibreboard and cellular wood panels)",244731.0
202607,502,United States,441012,"Oriented strand board OSB"", of wood""",16459.0
202607,502,United States,441019,"Waferboard and similar board, of wood, whether or not agglomerated with resins or other organic binding substances (excluding particle board, oriented strand board, fibreboard and cellular wood panels)",395446.0
202607,502,United States,441090,"Board of bagasse, bamboo or cereal straw particles or other ligneous materials, whether or not agglomerated with resins or other organic binding substances (excluding of wood, and fibreboard, cellular wood panels, veneered panels, panels of ligneous materials agglomerated with cement, plaster or other mineral binders)",240545.0
202607,502,United States,441112,Medium density fibreboard (MDF) of a thickness not exceeding 5 mm,61187.0
202607,502,United States,441113,Medium density fibreboard (MDF) of a thickness exceeding 5 mm but not exceeding 9 mm,2075444.0
202607,502,United States,441114,Medium density fibreboard (MDF) of a thickness exceeding 9 mm,7288181.0
202607,502,United States,441192,"Other ligneous materials,of a density exceeding 0.8 g/cm3",469855.0
202607,502,United States,441193,"Other ligneous materials,of a density exceeding 0.5 g/cm3 but not exceeding 0.8 g/cm3",23012.0
202607,502,United States,441194,"Other ligneous materials,of a density not exceeding 0.5 g/cm3",11757.0
202607,502,United States,441210,"Plywood, veneered panel and similar laminated wood, of bamboo",642379.0
202607,502,United States,441231,"Other plywood, consisting solely of sheets of wood (other than bamboo), each ply not exceeding 6 mm thickness With at least one outer ply of tropical wood",95013.0
202607,502,United States,441233,"Other plywood consisting soley of sheets of wood, with at least one outer ply of nonconiferous wood of the species alder (Alnus spp.), ash (Fraxinus spp.), beech (Fagus spp.), birch (Betula spp.), cherry (Prunus spp.), chestnut (Castanea spp.), elm (Ulmus spp.), eucalyptus(Eucalyptus spp.), hickory (Carya spp.), horse chestnut (Aesculus spp.), lime (Tilia spp.), maple (Acer spp.), oak (Quercus spp.), plane tree (Platanus spp.), poplar and aspen (Populus spp.), robinia (Robinia spp.), tulipwood (Liriodendron spp.) or walnut (Juglans spp.)",3249173.0
202607,502,United States,441234,"Other plywood, with at least one outer ply of nonconiferous wood not specified under subheading 4412.33",28232.0
202607,502,United States,441239,"Other plywood, with both outer plies of coniferous wood",107743.0
202607,502,United States,441249,"Other laminated veneered lumber , with both outer plies of coniferous wood",198254.0
202607,502,United States,441252,"Other blockboard, laminboard and battenboard, with at least one outer ply of non-coniferous wood",1688545.0
202607,502,United States,441259,"Other blockboard, laminboard and battenboard, with both outer plies of coniferous wood",9727.0
202607,502,United States,441292,"Other plywood, veneered panels and similar laminated wood, with at least one outer ply of other non-coniferous wood",951803.0
202607,502,United States,441300,"Densified wood, in blocks, plates, strips or profile shapes",19123.0
202607,502,United States,441410,"Frames for paintings, photographs, mirrors or similar objects, of tropical wood",18185.0
202607,502,United States,441490,"Frames for paintings, photographs, mirrors or similar objects, of non-tropical wood",16978091.0
202607,502,United States,441510,"Wood cases, boxes, crates, drums and similar packings; cabledrums",932246.0
202607,502,United States,441520,"Wood pallets, box pallets and other load boards; pallet collars",251011.0
202607,502,United States,441600,"Wood casks, barrels, vats, tubs and other coopers' products and parts thereof, of wood, including staves",25869.0
202607,502,United States,441700,"Tools, tool bodies, tool handles, broom or brush bodies and handles, of wood; boot or shoe lasts and trees, of wood",148350.0
202607,502,United States,441819,"Windows, French windows and their frames, of non-tropical wood",2866115.0
202607,502,United States,441829,"Doors and their frames and thresholds, of non-tropical wood",13085926.0
202607,502,United States,441830,Posts and beams other than products of subheadings 4418.81 to4418.89,4045.0
202607,502,United States,441840,Shuttering for concrete constructional work,3307.0
202607,502,United States,441850,Shingles and shakes,176007.0
202607,502,United States,441873,Flooring panels of bamboo or with at least the top layer (wear layer) of bamboo,325720.0
202607,502,United States,441875,"Flooring panels, multilayer, assembled, of wood other than bamboo (excl. for mosaic floors)",37739.0
202607,502,United States,441879,"Flooring panels, assembled, of wood (excluding multilayer panels and flooring panels for mosaic floors)",147293.0
202607,502,United States,441881,"Glue-laminated timber (glulam), of wood",66164.0
202607,502,United States,441891,"Other builders' joinery and carpentry, of bamboo",73823.0
202607,502,United States,441899,"Builders’ joinery and carpentry of wood, nes",4616538.0
202607,502,United States,441911,"Bread boards, chopping boards and similar boards, of bamboo",3633604.0
202607,502,United States,441912,Chopsticks of bamboo,1877772.0
202607,502,United States,441919,"Tableware and kitchenware, of bamboo (excl. chopsticks, bread boards, chopping boards and similar boards)",8096300.0
202607,502,United States,441920,"Tableware and kitchenware, of tropical wood",354092.0
202607,502,United States,441990,"Tableware and kitchenware, of other wood",16597568.0
202607,502,United States,442011,"Statuettes and other ornaments, of tropical wood",491576.0
202607,502,United States,442019,"Statuettes and other ornaments, of non-tropical wood",17026171.0
202607,502,United States,442090,"Wood marquetry and inlaid wood; caskets and cases for jewellery or cutlery, and similar articles, of wood; wooden articles of furniture (excluding statuettes and other ornaments; furniture, lighting fixtures and parts thereof)",9905373.0
202607,502,United States,442110,Clothes hangers of wood,5074516.0
202607,502,United States,442120,Coffins of wood,667258.0
202607,502,United States,442191,"Articles of bamboo, nes",6996011.0
202607,502,United States,442199,"Articles of wood, nes",75050648.0
202607,502,United States,450310,Corks and stoppers,1274.0
202607,502,United States,450410,"Tiles of any shape, blocks, plates, sheets and strip, solid cylinders, incl. discs, of agglomerated cork",215095.0
202607,502,United States,450490,"Other agglomerated cork, with or without a binding substance, and articles of agglomerated cork",184086.0
202607,502,United States,460121,"Mats, matting and screens of bamboo plaiting materials, flat-woven or bound together in parallel",2274328.0
202607,502,United States,460122,"Mats, matting and screens, of rattan plaiting materials, flat-woven or bound together in parallel",11756.0
202607,502,United States,460129,"Mats, matting and screens, of vegetable plaiting materials, flat-woven or bound together in parallel (excluding of bamboo and rattan)",1443550.0
202607,502,United States,460192,"Plaits and similar products, of bamboo plaiting materials, whether or not assembled into strips; plaiting materials, plaits and similar products of bamboo, flat-woven or bound together in parallel (excluding mats, matting and screens; wallcoverings of heading 4814; parts of footware or headgear)",158201.0
202607,502,United States,460193,"Plaits and similar products, of rattan plaiting materials, whether or not assembled into strips; plaiting materials, plaits and similar products of rattan, flat-woven or bound together in parallel (excluding mats, matting and screens; wallcoverings of heading 4814; parts of footware or headgear)",144866.0
202607,502,United States,460194,"Plaits and similar products of vegetable plaiting materials, whether or not assembled into strips; plaiting materials, plaits and similar products of vegetable plaiting materials, flat-woven or bound together in parallel (excluding of bamboo and rattan; mats, matting and screens; wallcoverings of heading 4814; parts of footware or headgear)",114552.0
202607,502,United States,460199,"Plaiting materials, plaits and similar products of non-vegetable plaiting materials, flat-woven or bound together in parallel (excluding wallcoverings of heading 4814; parts of footware or headgear)",646347.0
202607,502,United States,460211,"Basketwork, wickerwork and other articles, made directly to shape from bamboo plaiting materials or made up from goods of bamboo plaiting materials of heading 4601, and articles of loofah",837947.0
202607,502,United States,460212,"Basketwork, wickerwork and other articles, made directly to shape from rattan plaiting materials or made up from goods of rattan plaiting materials of heading 4601, and articles of loofah",1014430.0
202607,502,United States,460219,"Basketwork, wickerwork and other articles, made directly to shape from vegetable plaiting materials or made up from goods of vegetable plaiting materials of heading 4601, and articles of loofah",7074054.0
202607,502,United States,460290,"Basketwork, wickerwork and other articles, made directly to shape from non-vegetable plaiting materials or made up from goods of non-vegetable plaiting materials of heading 4601",6901881.0
202607,502,United States,470610,Cotton linters pulp,34009.0
202607,502,United States,480100,"Newsprint, in rolls or sheets",13467.0
202607,502,United States,480210,Handmade paper and paperboard,42294.0
202607,502,United States,480220,"Paper and paperboard of a kind used as a base for photosensitive, heatsensitive or electrosensitive paper or paperboard",21220.0
202607,502,United States,480254,"Other paper and paperboard, not containing fibres obtained by a mechanical or chemi-mechanical process or of which not more than 10% by weight of the total fibre content consists of such fibres, weighing less than 40 g/m2",39296.0
202607,502,United States,480255,"Other uncoated paper, weighing 40 g/m2 or more but not more than 150 g/m2, in rolls",27913.0
202607,502,United States,480256,"Uncoated paper and paperboard, of a kind used for writing, printing or other graphic purposes, and non-perforated punchcards and punch-tape paper, in rolls or in square or rectangular sheets, of any size, not containing fibres obtained by a mechanical or chemi-mechanical process or of which ≤ 10% by weight of the total fibre content consists of such fibres, weighing ＜ 40 g/m2, n.e.s.",35701.0
202607,502,United States,480257,"Uncoated paper and paperboard, of a kind used for writing, printing or other graphic purposes, and non-perforated punchcards and punch-tape paper, in rolls of any size, not containing fibres obtained by a mechanical or chemi-mechanical process or of which ≤ 10% by weight of the total fibre content consists of such fibres, and weighing 40 g to 150 g/m2, n.e.s.",3111.0
202607,502,United States,480258,"Uncoated paper and paperboard, of a kind used for writing, printing or other graphic purposes, and non-perforated punchcards and punch-tape paper, in rolls or in square or rectangular sheets, of any size, not containing fibres obtained by a mechanical or chemi-mechanical process or of which ≤ 10% by weight of the total fibre content consists of such fibres, weighing ＞ 150 g/m2, n.e.s.",96108.0
202607,502,United States,480261,"Uncoated paper and paperboard, of a kind used for writing, printing or other graphic purposes, and non-perforated punchcards and punch-tape paper, in rolls of any size, of which ＞ 10% by weight of the total fibre content consists of fibres obtained by a mechanical or chemi-mechanical process, n.e.s.",44610.0
202607,502,United States,480262,"Uncoated paper in sheets, with one side not exceeding 435 mm and the other side not exceeding 297 mm in the unfolded state",121505.0
202607,502,United States,480269,"Uncoated paper and paperboard, of a kind used for writing, printing or other graphic purposes, and non-perforated punchcards and punch-tape paper, in square or rectangular sheets with one side ＞ 435 mm or with one side ≤ 435 mm and the other side ＞ 297 mm in the unfolded state, of which ＞ 10% by weight of the total fibre content consists of fibres obtained by a mechanical or chemi-mechanical process, n.e.s.",74817.0
202607,502,United States,480300,"Toilet or facial tissue stock, towel or napkin stock and similar paper of a kind used for household or sanitary purposes, cellulose wadding and webs of cellulose fibres, whether or not creped, crinkled, embossed, perforated, surfacecoloured, surfacedecorated or printed, in rolls or sheets.",3862543.0
202607,502,United States,480411,"Unbleached kraftliner, uncoated",7745.0
202607,502,United States,480419,"Kraftliner, uncoated",585.0
202607,502,United States,480421,"Unbleached sack kraft paper, uncoated",49156.0
202607,502,United States,480429,"Sack kraft paper, uncoated",2055.0
202607,502,United States,480431,"Unbleached kraft paper and paperboard, uncoated,weighing ≤ 150 g/m2",32312.0
202607,502,United States,480439,"Kraft paper and paperboard, uncoated,weighing ≤ 150 g/m2",75423.0
202607,502,United States,480441,"Unbleached kraft paper and paperboard, uncoated, weighing ＞ 150 g to ＜ 225 g/m2",9282.0
202607,502,United States,480449,"Kraft paper and paperboard, uncoated,weighing ＞ 150 g to ＜ 225 g/m2",17218.0
202607,502,United States,480451,"Unbleached kraft paper and paperboard, uncoated",17851.0
202607,502,United States,480459,"Kraft paper and paperboard, uncoated,weighing ≥ 225 g/m2",102.0
202607,502,United States,480512,Straw fluting paper,5581.0
202607,502,United States,480519,Other fluting paper,15119.0
202607,502,United States,480524,"Testliner (recycled liner board), weighing 150 g/m2 or less",12912.0
202607,502,United States,480525,"Testliner (recycled liner board), weighing more than 150 g/m2",1083.0
202607,502,United States,480530,Sulphite wrapping paper,4040.0
202607,502,United States,480540,Filter paper and paperboard,125245.0
202607,502,United States,480550,Felt paper and paperboard,322.0
202607,502,United States,480591,"Paper and paperboard, uncoated, weighing 150 g/m2 or less",302851.0
202607,502,United States,480592,"Paper and paperboard, uncoated, weighing more than 150 g/m2 but less than 225 g/m2",12393.0
202607,502,United States,480593,"Paper and paperboard, uncoated, weighing 225 g/m2 or more",297274.0
202607,502,United States,480610,Vegetable parchment,32915.0
202607,502,United States,480620,Greaseproof papers,380422.0
202607,502,United States,480630,Tracing papers,42155.0
202607,502,United States,480640,Glassine and other glazed transparent or translucent papers,39690.0
202607,502,United States,480700,"Composite paper and paperboard (made by sticking flat layers of paper or paperboard together with an adhesive), not surfacecoated or impregnated, whether or not internally reinforced, in rolls or sheets",192025.0
202607,502,United States,480810,"Corrugated paper and paperboard, whether or not perforated",137199.0
202607,502,United States,480840,"Kraft paper, creped or crinkled, whether or not embossed or perforated",1000.0
202607,502,United States,480890,"Paper and paperboard, creped, crinkled, embossed or perforated",127101.0
202607,502,United States,480920,"Selfcopy paper,in rolls or sheets",406145.0
202607,502,United States,480990,"Carbon paper and other copying or transfer papers,in rolls or sheets",453179.0
202607,502,United States,481013,"Paper and paperboard of a kind used for writing, printing or other graphic purposes, not containing fibres obtained by a mechanical or chemi-mechanical process or of which not more than 10% by weight of the total fibre content consists of such fibres, in rolls",315603.0
202607,502,United States,481014,"Paper for writing, in sheets with one side not exceeding 435 mm and the other side not exceeding 297 mm in the unfolded state",17934.0
202607,502,United States,481019,"Paper and paperboard of a kind used for writing, printing or other graphic purposes, not containing fibres obtained by a mechanical or chemi-mechanical process or of which not more than 10% by weight of the total fibre content consists of such fibres, Other",17046.0
202607,502,United States,481029,"Paper and paperboard of a kind used for writing, printing or other graphic purposes, of which more than 10% by weight of the total fibre content consists of fibres obtained by a mechanical or chemi-mechanical process,Other",49.0
202607,502,United States,481031,"Kraft paper and paperboard, bleached uniformly throughout the mass and containing ＞ 95% chemically processed wood fibres by weight in relation to the total fibre content, coated on one or both sides with kaolin or other inorganic substances, in rolls or in square or rectangular sheets, of any size, weighing ≤ 150 g/m2 (excluding that for writing, printing or other graphic purposes)",34162.0
202607,502,United States,481032,"Kraft paper and paperboard, bleached uniformly throughout the mass and containing ＞ 95% chemically processed wood fibres by weight in relation to the total fibre content, coated on one or both sides with kaolin or other inorganic substances, in rolls or in square or rectangular sheets, of any size, weighing ＞ 150 g/m2 (excluding that for writing, printing or other graphic purposes)",22754.0
202607,502,United States,481039,"Kraft paper and paperboard, coated on one or both sides with kaolin or other inorganic substances, in rolls or in square or rectangular sheets, of any size (excluding that for writing, printing or other graphic purposes; paper and paperboard bleached uniformly in the mass and containing ＞ 95% chemically processed wood fibres by weight in relation to the total fibre content)",1612.0
202607,502,United States,481092,"Multi-ply paper and paperboard, coated on one or both sides with kaolin or other inorganic substances, in rolls or in square or rectangular sheets, of any size (excluding that for writing, printing or other graphic purposes, kraft paper and paperboard)",29117.0
202607,502,United States,481099,"Paper and paperboard, coated on one or both sides with kaolin China clay"" or other inorganic substances, with or without a binder, and with no other coating, whether or not surface-coloured, surface-decorated or printed, in rolls or in square or rectangular sheets, of any size (excluding that for writing, printing or other graphic purposes, kraft paper and paperboard, multi-ply paper and paperboard, and with no other coating)""",107007.0
202607,502,United States,481141,"Self-adhesive paper and paperboard, surface-coloured, surface-decorated or printed, in rolls or in square or rectangular sheets, of any size",3560523.0
202607,502,United States,481149,"Gummed or adhesive paper and paperboard, surface-coloured, surface-decorated or printed, in rolls or in square or rectangular sheets, of any size",168505.0
202607,502,United States,481151,"Paper and paperboard, coated or impregnated or covered with plastics,bleached, weighing more than 150 g/m2",359470.0
202607,502,United States,481159,"Paper and paperboard, surface-coloured, surface-decorated or printed, coated, impregnated or covered with artificial resins or plastics, in rolls or in square or rectangular sheets, of any size, bleached and weighing ＞ 150 g/m2",1178917.0
202607,502,United States,481160,"Paper and paperboard, coated, impregnated or covered with wax, paraffin wax, stearin, oil or glycerol",730129.0
202607,502,United States,481190,"Other paper, paperboard, cellulose wadding and webs of cellulose fibres",3480430.0
202607,502,United States,481200,"Filter blocks, slabs and plates, of paper pulp.",95874.0
202607,502,United States,481320,Cigarette paper in rolls of a width of ≤ 5 cm,35004.0
202607,502,United States,481390,"Cigarette paper, whether or not cut to size (excluding in the form of booklets or tubes, and rolls of a width of ≤ 5 cm)",48328.0
202607,502,United States,481420,"Wallpaper and similar wall coverings, consisting of paper coated or covered, on the face side, with a grained, embossed, coloured,designprinted or otherwise decorated layer of plastics",4845990.0
202607,502,United States,481490,"Wallpaper and similar wallcoverings of paper, and window transparencies of paper,other",18983.0
202607,502,United States,481620,Selfcopy paper,346928.0
202607,502,United States,481690,Copying or transfer papers;stencils and offset plates of paper,1071554.0
202607,502,United States,481710,Envelopes,3661581.0
202607,502,United States,481720,"Letter cards, plain postcards and correspondence cards",147335.0
202607,502,United States,481730,"Boxes, pouches, wallets and writing compendiums, of paper or paperboard, containing an assortment of paper stationery",2500783.0
202607,502,United States,481810,Toilet paper,9207879.0
202607,502,United States,481820,"Handkerchiefs, cleansing or facial tissues and towels",8983364.0
202607,502,United States,481830,Tablecloths and serviettes,9444647.0
202607,502,United States,481850,Articles of apparel and clothing accessories,905620.0
202607,502,United States,481890,"Paper, cellulose wadding or webs of cellulose fibres, of a kind used for household or sanitary purposes, in rolls of a width ≤ 36 cm, or cut to size or shape; articles of paper pulp, paper, cellulose wadding or webs of cellulose fibres for household, sanitary or hospital use, other",12614151.0
202607,502,United States,481910,"Cartons, boxes and cases, of corrugated paper or paperboard",26649952.0
202607,502,United States,481920,"Folding cartons, boxes and cases, of noncorrugated paper or paperboard",29621981.0
202607,502,United States,481930,"Sacks and bags, having a base of a width of 40 cm or more",432619.0
202607,502,United States,481940,"Other sacks and bags, including cones",27447002.0
202607,502,United States,481950,"Other packing containers, including record sleeves",17987313.0
202607,502,United States,481960,"Box files, letter trays, storage boxes and similar articles, of a kind used in offices, shops or the like",742679.0
202607,502,United States,482010,"Registers, account books, note books, order books, receipt books, letter pads, memorandum pads, diaries and similar articles",27530805.0
202607,502,United States,482020,Exercise books,1508629.0
202607,502,United States,482030,"Paper binders (other than book covers), folders and file covers",2739016.0
202607,502,United States,482040,Manifold business forms and interleaved carbon sets,199360.0
202607,502,United States,482050,Paper albums for samples or for collections,3441952.0
202607,502,United States,482090,"Blotting pads and similar articles of stationery, of paper and paperboard, and book covers of paper or paperboard,ofher",1646132.0
202607,502,United States,482110,"Paper or paperboard labels of all kinds, printed",11459087.0
202607,502,United States,482190,"Paper or paperboard labels of all kinds, non-printed",7150328.0
202607,502,United States,482210,"Bobbins, spools, cops and similar supports of paper pulp, paper or paperboard, whether or not perforated or hardened, for winding textile yarn",17913.0
202607,502,United States,482290,"Bobbins, spools, cops and similar supports of paper pulp, paper or paperboard, whether or not perforated or hardened (excluding those for winding textile yarn)",533187.0
202607,502,United States,482320,Filter paper and paperboard,1763219.0
202607,502,United States,482340,"Paper in rolls, sheets and dials, printed for selfrecording apparatus",107239.0
202607,502,United States,482361,"Trays, dishes, plates, cups and the like, of bamboo paper or bamboo paperboard",287287.0
202607,502,United States,482369,"Trays, dishes, plates, cups and the like, of paper or paperboard (excluding of bamboo paper or bamboo paperboard)",22597036.0
202607,502,United States,482370,Moulded or pressed articles of paper pulp,9107233.0
202607,502,United States,482390,"Paper, paperboard, cellulose wadding and webs of cellulose fibres, in strips or rolls of a width ≤ 36 cm, in rectangular or square sheets, of which no side ＞ 36 cm in the unfolded state, or cut to shape other than rectangular or square, and ar",26640827.0
202607,502,United States,490110,"Printed books, brochures and similar printed matter, in single sheets, whether or not folded",538680.0
202607,502,United States,490191,"Dictionaries and encyclopaedias, and serial instalments thereof",1960.0
202607,502,United States,490199,"Printed books, brochures and similar printed matter",64203369.0
202607,502,United States,490290,"Newspapers, journals and periodicals, whether or not illustrated or containing advertising material (excluding those appearing at least four times a week)",26903.0
202607,502,United States,490300,"Children's picture, drawing or colouring books.",32185721.0
202607,502,United States,490400,"Music, printed or in manuscript, whether or not bound or illustrated",1535.0
202607,502,United States,490590,"Other maps and hydrographic or similar charts ,topographical plans and globes",141734.0
202607,502,United States,490700,"Unused postage, revenue or similar stamps of current or new issue in the country in which they have, or will have, a recognised face value; stamp-impressed paper; banknotes; cheque forms; stock, share or bond certificates and similar documents of title",145177.0
202607,502,United States,490810,"Transfers (decalcomanias), vitrifiable",209894.0
202607,502,United States,490890,"Transfers decalcomanias"" (excluding vitrifiable)""",2436626.0
202607,502,United States,490900,"Printed or illustrated postcards; printed cards bearing personal greetings, messages or announcements, whether or not illustrated, with or without envelopes or trimmings.",19800543.0
202607,502,United States,491000,"Calendars of any kind, printed, including calendar blocks.",7762490.0
202607,502,United States,491110,"Trade advertising material, commercial catalogues and the like",8980433.0
202607,502,United States,491191,"Pictures, designs and photographs",16553803.0
202607,502,United States,491199,"Printed matter, n.e.s.",15433636.0
202607,502,United States,500300,"Silk waste (including cocoons unsuitable for reeling, yarn waste and garnetted stock).",18033.0
202607,502,United States,500400,Silk yarn (other than yarn spun from silk waste) not put up for retail sale.,691435.0
202607,502,United States,500500,"Yarn spun from silk waste, not put up for retail sale.",104186.0
202607,502,United States,500600,"Silk yarn and yarn spun from silk waste, put up for retail sale;silkworm gut.",78230.0
202607,502,United States,500720,"Other fabrics, containing 85% or more by weight of silk or of silk waste other than noil silk",644967.0
202607,502,United States,500790,"Woven fabrics containing predominantly, but ＜ 85% silk or silk waste by weight",88851.0
202607,502,United States,510539,"Other fine animal hair, carded or combed",75420.0
202607,502,United States,510610,"Yarn of carded wool, containing 85% or more by weight of woolm, not put up for retail sale.",18342.0
202607,502,United States,510620,"Yarn of carded wool, containing less than 85% by weight of wool, not put up for retail sale.",95600.0
202607,502,United States,510710,Yarn of combed wool containing 85% or more by weight of wool,5800.0
202607,502,United States,510720,Yarn of combed wool containing less than 85% by weight of wool,173.0
202607,502,United States,510810,Carded yarn of fine animal hair,77784.0
202607,502,United States,510910,"Yarn containing ≥ 85% wool or fine animal hair by weight, put up for retail sale",56891.0
202607,502,United States,510990,"Yarn containing predominantly, but ＜ 85% wool or fine animal hair by weight, put up for retail sale",39748.0
202607,502,United States,511119,Woven fabrics containing ≥ 85% carded wool or carded fine animal hair by weight and weighing ＞ 300 g/m2 (excluding fabrics for technical uses specificed in heading 5911),42.0
202607,502,United States,511120,"Other, mixed mainly or solely with manmade filaments",10959.0
202607,502,United States,511130,"Other, mixed mainly or solely with manmade staple fibres",29636.0
202607,502,United States,511190,"Woven fabrics containing predominantly, but ＜ 85% carded wool or carded fine animal hair by weight (excluding those mixed principally or solely with synthetic or artificial filaments or staple fibres)",17383.0
202607,502,United States,511211,Woven fabrics containing ≥ 85% combed wool or combed fine animal hair by weight and weighing ≤ 200 g/m2 (excluding fabrics for technical uses of heading 5911),3624.0
202607,502,United States,511219,Woven fabrics containing ≥ 85% combed wool or combed fine animal hair by weight and weighing ＞ 200 g/m2,57940.0
202607,502,United States,511230,"Other, mixed mainly or solely with manmade staple fibres",29298.0
202607,502,United States,511290,"Other,woven fabrics containing predominantly, but ＜ 85% combed wool or combed fine animal hair by weight",3346.0
202607,502,United States,520411,"Sewing thread, containing 85% or more by weight of cotton",42200.0
202607,502,United States,520419,"Sewing thread, containing predominantly, but ＜ 85% cotton by weight (excluding that put up for retail sale)",108.0
202607,502,United States,520420,"Cotton sewing thread, put up for retail sale",70591.0
202607,502,United States,520511,Measuring 714.29 decitex or more (not exceeding 14 metric number),1733.0
202607,502,United States,520513,"Single yarn of uncombed fibres, measuring less than 232.56 decitex but not less than 192.31 decitex (exceeding 43 metric number but not exceeding 52 metric number)",13348.0
202607,502,United States,520514,"Single yarn of uncombed fibres, measuring less than 192.31 decitex but not less than 125 decitex (exceeding 52 metric number but not exceeding 80 metric number)",139139.0
202607,502,United States,520522,"Single yarn of combed fibres, measuring less than 714.29 decitex but not less than 232.56 decitex (exceeding 14 metric number but not exceeding 43 metric number)",5785.0
202607,502,United States,520533,"Multiple yarn of uncombed fibres, measuring per single yarn less than 232.56 decitex but not less than 192.31 decitex (exceeding 43 metric number but not exceeding 52 metric number per single yarn)",906.0
202607,502,United States,520534,"Multiple yarn of uncombed fibres, measuring per single yarn less than 192.31 decitex but not less than 125 decitex (exceeding 52 metric number but not exceeding 80 metric number per single yarn)",324.0
202607,502,United States,520541,"Multiple yarn of combed fibres, measuring per single yarn 714.29 decitex or more (not exceeding 14 metric number per single yarn)",512.0
202607,502,United States,520542,"Multiple yarn of combed fibres, measuring per single yarn less than 714.29 decitex but not less than 232.56 decitex (exceeding 14 metric number but not exceeding 43 metric number per single yarn)",4995.0
202607,502,United States,520544,"Multiple yarn of combed fibres, measuring per single yarn less than 192.31 decitex but not less than 125 decitex (exceeding 52 metric number but not exceeding 80 metric number per single yarn)",446.0
202607,502,United States,520547,"Multiple yarn of combed fibres, measuring per single yarn less than 106.38 decitex but not less than 83.33 decitex (exceeding 94 metric number but not exceeding 120 metric number per single yarn)",210.0
202607,502,United States,520611,"Single yarn of uncombed fibres, measuring 714.29 decitex or more (not exceeding 14 metric number)",40256.0
202607,502,United States,520612,"Single yarn of uncombed fibres, measuring less than 714.29 decitex but not less than 232.56 decitex (exceeding 14 metric number but not exceeding 43 metric number)",5383.0
202607,502,United States,520633,"Multiple yarn of uncombed fibres, measuring per single yarn less than 232.56 decitex but not less than 192.31 decitex (exceeding 43 metric number but not exceeding 52 metric number per single yarn)",5770.0
202607,502,United States,520710,Cotton yarn containing 85% or more by weight of cotton,290468.0
202607,502,United States,520790,"Cotton yarn containing predominantly, but ＜ 85% cotton by weight, put up for retail sale (excluding sewing thread)",137085.0
202607,502,United States,520811,"Plain weave, weighing not more than 100 g/m2, unbleached",80417.0
202607,502,United States,520812,"Woven fabrics of cotton, plain weave, weighing more than 100 g/m2, unbleached",129048.0
202607,502,United States,520813,"Woven fabrics of cotton, containing ≥ 85% cotton by weight and weighing ≤ 200 g/m2, in three-thread or four-thread twill, incl. cross twill, unbleached, unbleached",12486.0
202607,502,United States,520819,"Woven fabrics of cotton, containing ≥ 85% cotton by weight and weighing ≤ 200 g/m2, unbleached (excluding those in three-thread or four-thread twill, incl. cross twill, and plain woven fabrics), unbleached",99872.0
202607,502,United States,520821,"Plain weave, weighing not more than 100 g/m2,bleached",415063.0
202607,502,United States,520822,"Woven fabrics of cotton, plain weave, weighing more than 100 g/m2,bleached",259240.0
202607,502,United States,520823,"Woven fabrics of cotton, 3thread or 4thread twill, including cross twill,bleached",19913.0
202607,502,United States,520829,"Other woven fabrics of cotton, p,bleached",19270.0
202607,502,United States,520831,"Woven fabrics of cotton, plain weave, weighing not more than 100 g/m2, dyed",159742.0
202607,502,United States,520832,"Woven fabrics of cotton, plain weave, weighing more than 100 g/m2, dyed",774041.0
202607,502,United States,520833,"3thread or 4thread twill, including cross twill, dyed",65955.0
202607,502,United States,520839,"Other fabrics of cotton, dyed",40615.0
202607,502,United States,520841,"Plain woven fabrics of cotton, containing ≥ 85% cotton by weight and weighing ≤ 100 g/m2, made from yarn of different colours",11353.0
202607,502,United States,520842,"Plain woven fabrics of cotton, containing ≥ 85% cotton by weight and weighing ＞ 100 g to 200 g/m2, made from yarn of different colours",164911.0
202607,502,United States,520843,"Woven fabrics of cotton, containing ≥ 85% cotton by weight and weighing ≤ 200 g/m2, in three-thread or four-thread twill, incl. cross twill, made from yarn of different colours",49095.0
202607,502,United States,520849,"Woven fabrics of cotton, containing ≥ 85% cotton by weight and weighing ≤ 200 g/m2, made from yarn of different colours (excluding those in three-thread or four-thread twill, incl. cross twill, and plain woven fabrics)",4341.0
202607,502,United States,520851,"Plain woven fabrics of cotton, containing ≥ 85% cotton by weight and weighing ≤ 100 g/m2, printed",8412.0
202607,502,United States,520852,"Plain woven fabrics of cotton, containing ≥ 85% cotton by weight and weighing ＞ 100 g to 200 g/m2, printed",2975200.0
202607,502,United States,520859,"Woven fabrics of cotton, containing ≥ 85% cotton by weight and weighing ≤ 200 g/m2, printed",163106.0
202607,502,United States,520911,"Plain woven fabrics of cotton, containing ≥ 85% cotton by weight and weighing ＞ 200 g/m2, unbleached",5426.0
202607,502,United States,520912,"Woven fabrics of cotton, containing ≥ 85% cotton by weight and weighing ＞ 200 g/m2, in three-thread or four-thread twill, incl. cross twill, unbleached",1492.0
202607,502,United States,520919,"Woven fabrics of cotton, containing ≥ 85% cotton by weight and weighing ＞ 200 g/m2, unbleached (excluding those in three-thread or four-thread twill, incl. cross twill, and plain woven fabrics)",2111.0
202607,502,United States,520921,"Plain woven fabrics of cotton, containing ≥ 85% cotton by weight and weighing ＞ 200 g/m2, bleached",39858.0
202607,502,United States,520922,"Woven fabrics of cotton, containing ≥ 85% cotton by weight and weighing ＞ 200 g/m2, in three-thread or four-thread twill, incl. cross twill, bleached",47653.0
202607,502,United States,520929,"Woven fabrics of cotton, containing ≥ 85% cotton by weight and weighing ＞ 200 g/m2, bleached (excluding those in three-thread or four-thread twill, incl. cross twill, and plain woven fabrics)",26836.0
202607,502,United States,520931,"Plain woven fabrics of cotton, containing ≥ 85% cotton by weight and weighing ＞ 200 g/m2, dyed",136376.0
202607,502,United States,520932,"Woven fabrics of cotton, containing ≥ 85% cotton by weight and weighing ＞ 200 g/m2, in three-thread or four-thread twill, incl. cross twill, dyed",497516.0
202607,502,United States,520939,"Woven fabrics of cotton, containing ≥ 85% cotton by weight and weighing ＞ 200 g/m2, dyed (excluding those in three-thread or four-thread twill, incl. cross twill, and plain woven fabrics)",206798.0
202607,502,United States,520941,"Plain woven fabrics of cotton, containing ≥ 85% cotton by weight and weighing ＞ 200 g/m2, made of yarn of different colours",5840.0
202607,502,United States,520942,"Denim, containing ≥ 85% cotton by weight and weighing ＞ 200 g/m2, made of yarn of different colours",479380.0
202607,502,United States,520943,"Woven fabrics of cotton, containing ≥ 85% cotton by weight and weighing ＞ 200 g/m2, in three-thread or four-thread twill, incl. cross twill, made of yarn of different colours",17300.0
202607,502,United States,520949,"Woven fabrics of cotton, containing ≥ 85% cotton by weight and weighing ＞ 200 g/m2, made of yarn of different colours (excluding those in three-thread or four-thread twill, incl. cross twill, and plain woven fabrics)",14393.0
202607,502,United States,520951,"Plain woven fabrics of cotton, containing ≥ 85% cotton by weight and weighing ＞ 200 g/m2, printed",19580.0
202607,502,United States,520952,"Woven fabrics of cotton, containing ≥ 85% cotton by weight and weighing ＞ 200 g/m2, in three-thread or four-thread twill, incl. cross twill, printed",9703.0
202607,502,United States,520959,"Woven fabrics of cotton, containing ≥ 85% cotton by weight and weighing ＞ 200 g/m2, printed (excluding those in three-thread or four-thread twill, incl. cross twill, and plain woven fabrics)",96976.0
202607,502,United States,521011,"Woven fabrics of cotton, containing predominantly, but ＜ 85% cotton by weight, mixed principally or solely with man-made fibres and weighing ≤ 200 g/m2",33358.0
202607,502,United States,521021,"Plain woven fabrics of cotton, containing predominantly, but ＜ 85% cotton by weight, mixed principally or solely with man-made fibres and weighing ≤ 200 g/m2, bleached",53523.0
202607,502,United States,521029,"Woven fabrics of cotton, containing predominantly, but ＜ 85% cotton by weight, mixed principally or solely with man-made fibres and weighing ≤ 200 g/m2, bleached (excluding plain woven fabrics)",44067.0
202607,502,United States,521031,"Plain woven fabrics of cotton, containing predominantly, but ＜ 85% cotton by weight, mixed principally or solely with man-made fibres and weighing ≤ 200 g/m2, dyed",115575.0
202607,502,United States,521032,"Woven fabrics of cotton, containing predominantly, but ＜ 85% cotton by weight, mixed principally or solely with man-made fibres and weighing ≤ 200 g/m2, in three-thread or four-thread twill, incl. cross twill, dyed",6262.0
202607,502,United States,521039,"Woven fabrics of cotton, containing predominantly, but ＜ 85% cotton by weight, mixed principally or solely with man-made fibres and weighing ≤ 200 g/m2, dyed (excluding those in three-thread or four-thread twill, incl. cross twill, and plain woven fabrics)",23406.0
202607,502,United States,521041,"Plain woven fabrics of cotton, containing predominantly, but ＜ 85% cotton by weight, mixed principally or solely with man-made fibres and weighing ≤ 200 g/m2, made of yarn of different colours",2206.0
202607,502,United States,521049,"Woven fabrics of cotton, containing predominantly, but ＜ 85% cotton by weight, mixed principally or solely with man-made fibres and weighing ≤ 200 g/m2, made from yarn of different colours (excluding plain woven fabrics)",150.0
202607,502,United States,521111,"Plain woven fabrics of cotton, containing predominantly, but ＜ 85% cotton by weight, mixed principally or solely with man-made fibres and weighing ＞ 200 g/m2, unbleached",9923.0
202607,502,United States,521131,"Plain woven fabrics of cotton, containing predominantly, but ＜ 85% cotton by weight, mixed principally or solely with man-made fibres and weighing ＞ 200 g/m2, dyed",131208.0
202607,502,United States,521132,"Woven fabrics of cotton, containing predominantly, but ＜ 85% cotton by weight, mixed principally or solely with man-made fibres and weighing ＞ 200 g/m2, in three-thread or four-thread twill, incl. cross twill, dyed",110032.0
202607,502,United States,521139,"Woven fabrics of cotton, containing predominantly, but ＜ 85% cotton by weight, mixed principally or solely with man-made fibres and weighing ＞ 200 g/m2, dyed (excluding those in three-thread or four-thread twill, incl. cross twill, and plain woven fabrics)",4234.0
202607,502,United States,521141,"Plain woven fabrics of cotton, containing predominantly, but ＜ 85% cotton by weight, mixed principally or solely with man-made fibres and weighing ＞ 200 g/m2, made of yarn of different colours",20665.0
202607,502,United States,521142,"Denim, containing predominantly, but ＜ 85% cotton by weight, mixed principally or solely with man-made fibres and weighing ＞ 200 g/m2, made of yarn of different colours",1985124.0
202607,502,United States,521143,"Woven fabrics of cotton, containing predominantly, but ＜ 85% cotton by weight, mixed principally or solely with man-made fibres and weighing ＞ 200 g/m2, in three-thread or four-thread twill, incl. cross twill, made of yarn of different colours",43066.0
202607,502,United States,521149,"Woven fabrics of cotton, containing predominantly, but ＜ 85% cotton by weight, mixed principally or solely with man-made fibres and weighing ＞ 200 g/m2, made of yarn of different colours (excluding those in three-thread or four-thread twill, incl. cross twill, and plain woven fabrics)",1226.0
202607,502,United States,521159,"Woven fabrics of cotton, containing predominantly, but ＜ 85% cotton by weight, mixed principally or solely with man-made fibres and weighing ＞ 200 g/m2, printed (excluding those in three-thread or four-thread twill, incl. cross twill, and plain woven fabrics)",1613.0
202607,502,United States,521211,"Woven fabrics of cotton, containing predominantly, but ＜ 85% cotton by weight, other than those mixed principally or solely with man-made fibres, weighing ≤ 200 g/m2, unbleached",47420.0
202607,502,United States,521213,"Woven fabrics of cotton, containing predominantly, but ＜ 85% cotton by weight, other than those mixed principally or solely with man-made fibres, weighing ≤ 200 g/m2, dyed",18684.0
202607,502,United States,521214,"Woven fabrics of cotton, containing predominantly, but ＜ 85% cotton by weight, other than those mixed principally or solely with man-made fibres, weighing ≤ 200 g/m2, made of yarn of different colours",17.0
202607,502,United States,521215,"Woven fabrics of cotton, containing predominantly, but ＜ 85% cotton by weight, other than those mixed principally or solely with man-made fibres, weighing ≤ 200 g/m2, printed",21029.0
202607,502,United States,521221,"Woven fabrics of cotton, containing predominantly, but ＜ 85% cotton by weight, other than those mixed principally or solely with man-made fibres, weighing ＞ 200 g/m2, unbleached",3203.0
202607,502,United States,521222,"Woven fabrics of cotton, containing predominantly, but ＜ 85% cotton by weight, other than those mixed principally or solely with man-made fibres, weighing ＞ 200 g/m2, bleached",202371.0
202607,502,United States,521223,"Woven fabrics of cotton, containing predominantly, but ＜ 85% cotton by weight, other than those mixed principally or solely with man-made fibres, weighing ＞ 200 g/m2, dyed",18253.0
202607,502,United States,521224,"Woven fabrics of cotton, containing predominantly, but ＜ 85% cotton by weight, other than those mixed principally or solely with man-made fibres, weighing ＞ 200 g/m2, made of yarn of different colours",3206.0
202607,502,United States,521225,"Woven fabrics of cotton, containing predominantly, but ＜ 85% cotton by weight, other than those mixed principally or solely with man-made fibres, weighing ＞ 200 g/m2, printed",5228.0
202607,502,United States,530620,"Multiple folded"" or cabled flax yarn""",2536.0
202607,502,United States,530710,Single yarn of jute or of other textile bast fibres of heading 5303,27003.0
202607,502,United States,530720,"Multiple folded"" or cabled yarn of jute or of other textile bast fibres of heading 5303""",214847.0
202607,502,United States,530820,Hemp yarn,26741.0
202607,502,United States,530890,Yarn of vegetable textile fibres,23356.0
202607,502,United States,530911,"Woven fabrics of flax, containing ≥ 85% flax by weight, unbleached or bleached",512138.0
202607,502,United States,530919,"Woven fabrics of flax, containing ≥ 85% flax by weight, dyed, made of yarn of different colours, or printed",723937.0
202607,502,United States,530921,"Woven fabrics of flax, containing predominantly, but ＜ 85% flax by weight, unbleached or bleached",7610.0
202607,502,United States,530929,"Woven fabrics of flax, containing predominantly, but ＜ 85% flax by weight, dyed, made of yarn of different colours, or printed",422728.0
202607,502,United States,531010,"Woven fabrics of jute or of other textile bast fibres of heading 5303, unbleached",94110.0
202607,502,United States,531090,"Woven fabrics of jute or of other textile bast fibres of heading 5303, bleached, dyed, made of yarn of different colours, or printed",47368.0
202607,502,United States,531100,Woven fabrics of other vegetable textile fibres; woven fabrics of paper yarn.,144296.0
202607,502,United States,540110,"Sewing thread of synthetic filaments, whether or not put up for retail sale",870409.0
202607,502,United States,540120,"Sewing thread of artificial filaments, whether or not put up for retail sale",69421.0
202607,502,United States,540219,"High-tenacity filament yarn of nylon or other polyamides (excluding sewing thread, yarn put up for retail sale and high-tenacity filament yarn of aramids)",960246.0
202607,502,United States,540220,"High tenacity yarn of polyesters, whether or not textured",5616335.0
202607,502,United States,540231,"Textured filament yarn of nylon or other polyamides, with a linear density of ≤ 50 tex per single yarn (excluding sewing thread and yarn put up for retail sale)",3735.0
202607,502,United States,540232,"Textured filament yarn of nylon or other polyamides, with a linear density of ＞ 50 tex per single yarn (excluding sewing thread and yarn put up for retail sale)",6.0
202607,502,United States,540233,Textured filament yarn of polyester (excluding that put up for retail sale),130760.0
202607,502,United States,540239,"Textured synthetic filament yarn (excluding sewing thread, yarn put up for retail sale and textured filament yarn of polypropylene, polyester, nylon or other polyamides)",25447.0
202607,502,United States,540244,"Synthetic filament elastomeric yarn, single, untwisted or with a twist of ≤ 50 turns per metre",907359.0
202607,502,United States,540245,"Filament yarn of nylon or other polyamides, incl. monofilament of ＜ 67 decitex, single, untwisted or with a twist of ≤ 50 turns per metre (excluding sewing thread, yarn put up for retail sale, elastomeric yarn, high-tenacity yarn and textured yarn)",273777.0
202607,502,United States,540247,"Other, Filament yarn of polyester, incl. monofilament of ＜ 67 decitex, single, untwisted or with a twist of ≤ 50 turns per metre",175798.0
202607,502,United States,540248,"Other, of polypropylene",10806.0
202607,502,United States,540249,"Other,Filament yarn of polypropylene, incl. monofilament of ＜ 67 decitex, single, untwisted or with a twist of ≤ 50 turns per metre",1647065.0
202607,502,United States,540251,"Filament yarn of nylon or other polyamides, incl. monofilament of ＜ 67 decitex, single, with a twist of ＞ 50 turns per metre",1528.0
202607,502,United States,540252,"Filament yarn of polyester, incl. monofilament of ＜ 67 decitex, single, with a twist of ＞ 50 turns per metre",531246.0
202607,502,United States,540253,"Filament yarn of polypropylene, incl. monofilament of ＜ 67 decitex, single, with a twist of ＞ 50 turns per metre",34379.0
202607,502,United States,540259,"Synthetic filament yarn, incl. synthetic monofilament of ＜ 67 decitex, single, with a twist of ＞ 50 turns per metre",141273.0
202607,502,United States,540261,"Multiple folded"" or cabled filament yarn of nylon or other polyamides, incl. monofilament of ＜ 67 decitex""",17591.0
202607,502,United States,540262,"Multiple folded"" or cabled filament yarn of polyester, incl. monofilament of ＜ 67 decitex""",460499.0
202607,502,United States,540269,"Multiple folded"" or cabled synthetic filament yarn, incl. synthetic monofilament of ＜ 67 decitex""",254485.0
202607,502,United States,540341,"Multiple folded"" or cabled filament yarn of viscose rayon, incl. monofilament of ＜ 67 decitex""",25406.0
202607,502,United States,540411,Elastomeric monofilament of ≥ 67 decitex and with a cross sectional dimension of ≤ 1 mm,4132.0
202607,502,United States,540419,Synthetic monofilament of ≥ 67 decitex and with a cross sectional dimension of ≤ 1 mm (excluding of elastomers and polypropylene),732919.0
202607,502,United States,540490,"Strip and the like, e.g. artificial straw, of synthetic textile material, with an apparent width of ≤ 5 mm",256810.0
202607,502,United States,540600,"Manmade filament yarn (other than sewing thread), put up for retail sale.",2072912.0
202607,502,United States,540710,Woven fabrics obtained from high tenacity yarn of nylon or other polyamides or of polyesters,228018.0
202607,502,United States,540720,Woven fabrics obtained from strip or the like,2658641.0
202607,502,United States,540730,Fabrics specified in Note 9 to Section XI,38463.0
202607,502,United States,540741,"Woven fabrics of yarn containing ≥ 85% by weight of filaments of nylon or other polyamides, incl. monofilament of ≥ 67 decitex and a maximum diameter of ≤ 1 mm, unbleached or bleached",34921.0
202607,502,United States,540742,"Woven fabrics of filament yarn containing ≥ 85% nylon or other polyamides by weight, incl. monofilament of ≥ 67 decitex and a maximum diameter of ≤ 1 mm, dyed",341303.0
202607,502,United States,540743,"Woven fabrics of yarn containing ≥ 85% by weight of filaments of nylon or other polyamides by weight, incl. monofilament of ≥ 67 decitex and a maximum diameter of ≤ 1 mm, made of yarn of different colours",75003.0
202607,502,United States,540744,"Woven fabrics of yarn containing ≥ 85% by weight of filaments of nylon or other polyamides by weight, incl. monofilament of ≥ 67 decitex and a maximum diameter of ≤ 1 mm, printed",2334.0
202607,502,United States,540751,"Woven fabrics of yarn containing ≥ 85% by weight of textured polyester filaments, incl. monofilament of ≥ 67 decitex and a maximum diameter of ≤ 1 mm, unbleached or bleached",844288.0
202607,502,United States,540752,"Woven fabrics of yarn containing ≥ 85% by weight of textured polyester filaments, incl. monofilament of ≥ 67 decitex and a maximum diameter of ≤ 1 mm, dyed",8489453.0
202607,502,United States,540753,"Woven fabrics of yarn containing ≥ 85% by weight of textured polyester filaments, incl. monofilament of ≥ 67 decitex and a maximum diameter of ≤ 1 mm, made of yarn of different colours",1834953.0
202607,502,United States,540754,"Woven fabrics of yarn containing ≥ 85% by weight of textured polyester filaments, incl. monofilament of ≥ 67 decitex and a maximum diameter of ≤ 1 mm, printed",1668026.0
202607,502,United States,540761,"Woven fabrics, containing 85% or more by weight of nontextured polyester filaments",1629508.0
202607,502,United States,540769,"Woven fabrics of yarn containing ≥ 85% by weight of mixtures of textured and non-textured polyester filaments, incl. monofilament of ≥ 67 decitex and a maximum diameter of ≤ 1 mm",1399646.0
202607,502,United States,540771,"Woven fabrics of yarn containing ≥ 85% synthetic filament by weight, incl. monofilament of ≥ 67 decitex and a maximum diameter of ≤ 1 mm, untreated or not further treated than bleached",214693.0
202607,502,United States,540772,"Woven fabrics of yarn containing ≥ 85% synthetic filament by weight, incl. monofilament of ≥ 67 decitex and a maximum diameter of ≤ 1 mm, dyed",401289.0
202607,502,United States,540773,"Woven fabrics of yarn containing ≥ 85% synthetic filament by weight, incl. monofilament of ≥ 67 decitex and a maximum diameter of ≤ 1 mm, made of yarn of different colours",223539.0
202607,502,United States,540774,"Woven fabrics of yarn containing ≥ 85% synthetic filament by weight, incl. monofilament of ≥ 67 decitex and a maximum diameter of ≤ 1 mm, printed",141640.0
202607,502,United States,540781,"Woven fabrics of yarn containing predominantly, but ＜ 85% synthetic filament by weight, incl. monofilament of ≥ 67 decitex and a maximum diameter of ≤ 1 mm, mixed principally or solely with cotton, unbleached or bleached",9885.0
202607,502,United States,540782,"Woven fabrics of yarn containing predominantly, but ＜ 85% synthetic filament by weight, incl. monofilament of ≥ 67 decitex and a maximum diameter of ≤ 1 mm, mixed principally or solely with cotton, dyed",76028.0
202607,502,United States,540783,"Woven fabrics of yarn containing predominantly, but ＜ 85% synthetic filament by weight, incl. monofilament of ≥ 67 decitex and a maximum diameter of ≤ 1 mm, mixed principally or solely with cotton, made of yarn of different colours",16418.0
202607,502,United States,540784,"Woven fabrics of yarn containing predominantly, but ＜ 85% synthetic filament by weight, incl. monofilament of ≥ 67 decitex and a maximum diameter of ≤ 1 mm, mixed principally or solely with cotton, printed",7373.0
202607,502,United States,540791,"Woven fabrics of yarn containing predominantly, but ＜ 85% synthetic filament by weight, incl. monofilament of ≥ 67 decitex and a maximum diameter of ≤ 1 mm, unbleached or bleached, other than those mixed principally or solely with cotton",2110.0
202607,502,United States,540792,"Woven fabrics of yarn containing predominantly, but ＜ 85% synthetic filament by weight, incl. monofilament of ≥ 67 decitex and a maximum diameter of ≤ 1 mm, dyed, other than those mixed principally or solely with cotton",161173.0
202607,502,United States,540793,"Woven fabrics of yarn containing predominantly, but ＜ 85% synthetic filament by weight, incl. monofilament of ≥ 67 decitex and a maximum diameter of ≤ 1 mm, made of yarn of different colours, other than those mixed principally or solely with cotton",31596.0
202607,502,United States,540794,"Woven fabrics of yarn containing predominantly, but ＜ 85% synthetic filament by weight, incl. monofilament of ≥ 67 decitex and a maximum diameter of ≤ 1 mm, printed, other than those mixed principally or solely with cotton",55438.0
202607,502,United States,540810,"Woven fabrics of high-tenacity viscose yarn, incl. monofilament of ≥ 67 decitex and a maximum diameter of ≤ 1 mm",1997.0
202607,502,United States,540821,"Woven fabrics of yarn containing ≥ 85% artificial filament by weight, incl. monofilament of ≥ 67 decitex and a maximum diameter of ≤ 1 mm, unbleached or bleached",11923.0
202607,502,United States,540822,"Woven fabrics of yarn containing ≥ 85% artificial filament by weight, incl. monofilament of ≥ 67 decitex and a maximum diameter of ≤ 1 mm, dyed",267828.0
202607,502,United States,540823,"Woven fabrics of yarn containing ≥ 85% artificial filament by weight, incl. monofilament of ≥ 67 decitex and a maximum diameter of ≤ 1 mm, made of yarn of different colours",137870.0
202607,502,United States,540824,"Woven fabrics of yarn containing ≥ 85% artificial filament by weight, incl. monofilament of ≥ 67 decitex and a maximum diameter of ≤ 1 mm, printed",68518.0
202607,502,United States,540832,"Woven fabrics of yarn containing predominantly, but ＜ 85% artificial filament by weight, incl. monofilament of ≥ 67 decitex and a maximum diameter of ≤ 1 mm, dyed",4644.0
202607,502,United States,540834,"Woven fabrics of yarn containing predominantly, but ＜ 85% artificial filament by weight, incl. monofilament of ≥ 67 decitex and a maximum diameter of ≤ 1 mm, printed",51389.0
202607,502,United States,550120,Synthetic filament tow of polyesters,23840.0
202607,502,United States,550190,"Synthetic filament tow, other",18529.0
202607,502,United States,550311,"Staple fibres of aramids, not carded, combed or otherwise processed for spinning",11682.0
202607,502,United States,550319,"Staple fibres of nylon or other polyamides, not carded, combed or otherwise processed for spinning (excluding those of aramids)",1048.0
202607,502,United States,550320,"Staple fibres of polyesters, not carded, combed or otherwise processed for spinning",248832.0
202607,502,United States,550340,"Staple fibres of polypropylene, not carded, combed or otherwise processed for spinning",578201.0
202607,502,United States,550390,"Synthetic staple fibres, not carded, combed or otherwise processed for spinning (excluding those of polypropylene, acrylic, modacrylic, polyesters, nylon or other polyamides)",45332.0
202607,502,United States,550410,"Staple fibres of viscose rayon, not carded, combed or otherwise processed for spinning",1087850.0
202607,502,United States,550620,"Staple fibres of polyesters, carded, combed or otherwise processed for spinning",31855.0
202607,502,United States,550810,"Sewing thread of synthetic staple fibres, whether or not put up for retail sale",486976.0
202607,502,United States,550911,Single yarn containing ≥ 85% nylon or other polyamide staple fibres by weight (excluding sewing thread and yarn put up for retail sale),29702.0
202607,502,United States,550912,"Multiple folded"" or cabled yarn containing ≥ 85% nylon or other polyamide staple fibres by weight (excluding sewing thread and yarn put up for retail sale)""",24704.0
202607,502,United States,550921,Single yarn containing ≥ 85% polyester staple fibres by weight (excluding sewing thread and yarn put up for retail sale),112506.0
202607,502,United States,550922,"Multiple folded"" or cabled yarn containing ≥ 85% polyester staple fibres by weight (excluding sewing thread and yarn put up for retail sale)""",26552.0
202607,502,United States,550931,Single yarn containing ≥ 85% acrylic or modacrylic staple fibres by weight (excluding sewing thread and yarn put up for retail sale),330.0
202607,502,United States,550932,"Multiple folded"" or cabled yarn containing ≥ 85% acrylic or modacrylic staple fibres by weight (excluding sewing thread and yarn put up for retail sale)""",809859.0
202607,502,United States,550941,"Single yarn containing ≥ 85% synthetic staple fibres by weight (excluding sewing thread, yarn put up for retail sale and yarn of acrylic, modacrylic, polyester, nylon or other polyamide staple fibres)",393.0
202607,502,United States,550942,"Multiple folded"" or cabled yarn containing ≥ 85% synthetic staple fibres by weight (excluding sewing thread, yarn put up for retail sale and yarn of acrylic, modacrylic, polyester, nylon or other polyamide staple fibres)""",98104.0
202607,502,United States,550953,"Yarn containing predominantly, but ＜ 85% polyester staple fibres by weight, mixed principally or solely with cotton (excluding sewing thread and yarn put up for retail sale)",341179.0
202607,502,United States,550961,"Yarn containing predominantly, but ＜ 85% acrylic or modacrylic staple fibres by weight, mixed principally or solely with wool or fine animal hair (excluding sewing thread and yarn put up for retail sale)",14272.0
202607,502,United States,550969,"Yarn containing predominantly, but ＜ 85% acrylic or modacrylic staple fibres by weight, other than that mixed principally or solely with cotton, wool or fine animal hair (excluding sewing thread and yarn put up for retail sale)",1668.0
202607,502,United States,550999,"Yarn containing predominantly, but ＜ 85% synthetic staple fibres by weight, other than that mixed principally or solely with cotton, wool or fine animal hair (excluding sewing thread, yarn put up for retail sale and yarn of polyester, acrylic or modacrylic staple fibres)",117654.0
202607,502,United States,551011,"Single yarn, containing ≥ 85% artificial staple fibres by weight (excluding sewing thread and yarn put up for retail sale)",1391.0
202607,502,United States,551012,"Multiple folded"" or cabled yarn containing ≥ 85% artificial staple fibres by weight (excluding sewing thread and yarn put up for retail sale)""",3289.0
202607,502,United States,551090,"Yarn containing predominantly, but ＜ 85% artificial staple fibres by weight, other than that mixed principally or solely with cotton, wool or fine animal hair (excluding sewing thread and yarn put up for retail sale)",48645.0
202607,502,United States,551110,"Yarn containing ≥ 85% synthetic staple fibres by weight, put up for retail sale (excluding sewing thread)",529700.0
202607,502,United States,551120,"Yarn containing predominantly, but ＜ 85% synthetic staple fibres by weight, put up for retail sale (excluding sewing thread)",44229.0
202607,502,United States,551211,"Woven fabrics containing ≥ 85% polyester staple fibres by weight, unbleached or bleached",540541.0
202607,502,United States,551219,"Woven fabrics containing ≥ 85% polyester staple fibres by weight, dyed, made of yarn of different colours, or printed",2204613.0
202607,502,United States,551229,"Woven fabrics containing ≥ 85% acrylic or modacrylic staple fibres by weight, dyed, made of yarn of different colours or printed",131108.0
202607,502,United States,551291,"Woven fabrics containing ≥ 85% synthetic staple fibres by weight, unbleached or bleached (excluding those of acrylic, modacrylic or polyester staple fibres)",1179.0
202607,502,United States,551299,"Woven fabrics containing ≥ 85% synthetic staple fibres by weight, dyed, made of yarn of different colours or printed (excluding those of acrylic, modacrylic or polyester staple fibres)",171270.0
202607,502,United States,551311,"Plain woven fabrics containing predominantly, but ＜ 85% polyester staple fibres by weight, mixed principally or solely with cotton and weighing ≤ 170 g/m2, unbleached or bleached",132371.0
202607,502,United States,551312,"Woven fabrics containing predominantly, but ＜ 85% polyester staple fibres by weight, mixed principally or solely with cotton and weighing ≤ 170 g/m2, in 3thread or 4thread twill, incl. cross twill, unbleached or bleached",20336.0
202607,502,United States,551313,"Woven fabrics containing predominantly, but ＜ 85% polyester staple fibres by weight, mixed principally or solely with cotton and weighing ≤ 170 g/m2, unbleached or bleached (excluding those in three-thread or four-thread twill, incl. cross twill, and plain woven fabrics)",430748.0
202607,502,United States,551321,"Plain woven fabrics containing predominantly, but ＜ 85% polyester staple fibres by weight, mixed principally or solely with cotton and weighing ≤ 170 g/m2, dyed",716201.0
202607,502,United States,551323,"Woven fabrics containing predominantly, but ＜ 85% polyester staple fibres by weight, mixed principally or solely with cotton and weighing ≤ 170 g/m2, dyed (excluding plain woven fabrics)",232311.0
202607,502,United States,551329,"Woven fabrics containing predominantly, but ＜ 85% synthetic staple fibres by weight, mixed principally or solely with cotton and weighing ≤ 170 g/m2, dyed (excluding those of polyester staple fibres)",20090.0
202607,502,United States,551331,"Plain woven fabrics containing predominantly, but ＜ 85% polyester staple fibres by weight, mixed principally or solely with cotton and weighing ≤ 170 g/m2, made of yarn of different colours",197662.0
202607,502,United States,551339,"Woven fabrics containing predominantly, but ＜ 85% synthetic staple fibres by weight, mixed principally or solely with cotton and weighing ≤ 170 g/m2, made of yarn of different colours (excluding plain woven fabrics of polyester staple fibres)",43959.0
202607,502,United States,551341,"Plain woven fabrics containing predominantly, but ＜ 85% polyester staple fibres by weight, mixed principally or solely with cotton and weighing ≤ 170 g/m2, printed",29047.0
202607,502,United States,551349,"Woven fabrics containing predominantly, but ＜ 85% synthetic staple fibres by weight, mixed principally or solely with cotton and weighing ≤ 170 g/m2, printed (excluding plain woven fabrics of polyester staple fibres)",219.0
202607,502,United States,551411,"Plain woven fabrics containing predominantly, but ＜ 85% polyester staple fibres by weight, mixed principally or solely with cotton and weighing ＞ 170 g/m2, unbleached or bleached",11889.0
202607,502,United States,551412,"Woven fabrics containing predominantly, but ＜ 85% polyester staple fibres by weight, mixed principally or solely with cotton and weighing ＞ 170g/m2, in 3thread or 4thread twill, including cross twill, of polyester staple fibres",24635.0
202607,502,United States,551419,"Woven fabrics containing predominantly, but ＜ 85% synthetic staple fibres by weight, mixed principally or solely with cotton and weighing ＞ 170 g/m2, unbleached or bleached (excluding those of plain woven polyester staple fibres and polyester staple fibres in three-thread or four-thread twill, incl. cross twill)",56020.0
202607,502,United States,551421,"Plain woven fabrics containing predominantly, but ＜ 85% polyester staple fibres by weight, mixed principally or solely with cotton and weighing ＞ 170 g/m2, dyed",34359.0
202607,502,United States,551422,"Woven fabrics containing predominantly, but ＜ 85% polyester staple fibres by weight, mixed principally or solely with cotton and weighing ＞ 170 g/m2, in 3thread or 4thread twill, incl. cross twill, dyed",541774.0
202607,502,United States,551423,"Woven fabrics containing predominantly, but ＜ 85% polyester staple fibres by weight, mixed principally or solely with cotton and weighing ＞ 170 g/m2, dyed (excluding those in three-thread or four-thread twill, incl. cross twill, and plain woven fabrics)",121923.0
202607,502,United States,551430,"Woven fabrics containing predominantly, but ＜ 85% synthetic staple fibres by weight, mixed principally or solely with cotton and weighing ＞ 170 g/m2, made of yarn of different colours",35709.0
202607,502,United States,551443,"Woven fabrics containing predominantly, but ＜ 85% polyester staple fibres by weight, mixed principally or solely with cotton and weighing ＞ 170 g/m2, printed (excluding those in 3thread or 4thread twill, incl. cross twill, and plain woven fabrics)",2257.0
202607,502,United States,551511,"Woven fabrics containing predominantly, but ＜ 85% polyester staple fibres by weight, mixed principally or solely with viscose staple fibres",183438.0
202607,502,United States,551512,"Woven fabrics containing predominantly, but ＜ 85% polyester staple fibres by weight, mixed principally or solely with man-made filament",59994.0
202607,502,United States,551513,"Woven fabrics containing predominantly, but ＜ 85% polyester staple fibres by weight, mixed principally or solely with cotton or fine animal hair",3882.0
202607,502,United States,551519,"Woven fabrics containing predominantly, but ＜ 85% polyester staple fibres by weight, other than those mixed principally or solely with wool or fine animal hair, man-made filament, viscose staple fibres or cotton",146278.0
202607,502,United States,551521,"Woven fabrics containing predominantly, but ＜ 85% acrylic or modacrylic staple fibres by weight, mixed principally or solely with man-made filament",48122.0
202607,502,United States,551591,"Woven fabrics containing predominantly, but ＜ 85% synthetic staple fibres, mixed principally or solely with man-made filament (excluding those of acrylic, modacrylic or polyester staple fibres)",2455.0
202607,502,United States,551599,"Woven fabrics containing predominantly, but ＜ 85% synthetic staple fibres, other than those mixed principally or solely with man-made filament or cotton (excluding those of acrylic, modacrylic or polyester staple fibres)",39949.0
202607,502,United States,551611,"Woven fabrics containing ≥ 85% artificial staple fibres by weight, unbleached or bleached",17433.0
202607,502,United States,551612,"Woven fabrics containing ≥ 85% artificial staple fibres by weight,Dyed",178099.0
202607,502,United States,551614,"Woven fabrics containing ≥ 85% artificial staple fibres by weight, Printed",87531.0
202607,502,United States,551621,"Woven fabrics containing ＜ 85% artificial staple fibres by weight, unbleached or bleached",10344.0
202607,502,United States,551622,"Woven fabrics containing predominantly, but ＜ 85% artificial staple fibres, mixed principally or solely with man-made filament, dyed",142446.0
202607,502,United States,551623,"Woven fabrics containing predominantly, but ＜ 85% artificial staple fibres, mixed principally or solely with man-made filament, made of yarn of different colours",10237.0
202607,502,United States,551624,"Woven fabrics containing predominantly, but ＜ 85% artificial staple fibres by weight, mixed principally or solely with man-made filament, printed",111927.0
202607,502,United States,551641,"Woven fabrics containing predominantly, but ＜ 85% artificial staple fibres by weight, mixed principally or solely with cotton, unbleached or bleached",11275.0
202607,502,United States,551642,"Woven fabrics containing predominantly, but ＜ 85% artificial staple fibres by weight, mixed principally or solely with cotton, dyed",24882.0
202607,502,United States,551643,"Woven fabrics containing predominantly, but ＜ 85% artificial staple fibres by weight, mixed principally or solely with cotton, made of yarn of different colours",11311.0
202607,502,United States,551644,"Woven fabrics containing predominantly, but ＜ 85% artificial staple fibres by weight, mixed principally or solely with cotton, printed",1005.0
202607,502,United States,551692,"Woven fabrics containing predominantly, but ＜ 85% artificial staple fibres by weight, other than those mixed principally or solely with cotton, wool, fine animal hair or man-made filament, dyed",180255.0
202607,502,United States,551693,"Woven fabrics containing predominantly, but ＜ 85% artificial staple fibres by weight, other than those mixed principally or solely with cotton, wool, fine animal hair or man-made filament, made of yarn of different colours",10932.0
202607,502,United States,551694,"Woven fabrics containing predominantly, but ＜ 85% artificial staple fibres by weight, other than those mixed principally or solely with cotton, wool, fine animal hair or man-made filament, printed",16320.0
202607,502,United States,560121,Wadding of cotton and articles thereof,2843094.0
202607,502,United States,560122,Wadding of man-made fibres and articles thereof,624707.0
202607,502,United States,560129,Wadding of textile materials and articles thereof,39277.0
202607,502,United States,560130,Textile flock and dust and mill neps,32356.0
202607,502,United States,560210,Needleloom felt and stitchbonded fibre fabrics,2028962.0
202607,502,United States,560221,"Felt, not impregnated, coated, covered or laminated, of wool or fine animal hair",336751.0
202607,502,United States,560229,"Felt, not impregnated, coated, covered or laminated",1665630.0
202607,502,United States,560290,"Felt, impregnated, coated, covered or laminated",1363545.0
202607,502,United States,560311,"Nonwovens, whether or not impregnated, coated, covered or laminated, n.e.s., of synthetic or man-made filaments, weighing ≤ 25 g/m2",1531078.0
202607,502,United States,560312,"Nonwovens, whether or not impregnated, coated, covered or laminated, n.e.s., of man-made filaments, weighing ＞ 25 g/m2 but ≤ 70 g/m2",3545307.0
202607,502,United States,560313,"Nonwovens, whether or not impregnated, coated, covered or laminated, n.e.s., of man-made filaments, weighing ＞ 70 g/m2 but ≤ 150 g/m2",1841527.0
202607,502,United States,560314,"Nonwovens, whether or not impregnated, coated, covered or laminated, n.e.s., of man-made filaments, weighing ＞ 150 g",2169861.0
202607,502,United States,560391,"Nonwovens, whether or not impregnated, coated, covered or laminated, n.e.s., weighing ≤ 25 g/m2 (excluding of man-made filaments)",281809.0
202607,502,United States,560392,"Nonwovens, whether or not impregnated, coated, covered or laminated, n.e.s., weighing ＞ 25 g/m2 but ≤ 70 g/m2 (excluding of man-made filaments)",9406128.0
202607,502,United States,560393,"Nonwovens, whether or not impregnated, coated, covered or laminated, n.e.s., weighing ＞ 70 g/m2 but ≤ 150 g/m2 (excluding of man-made filaments)",8097673.0
202607,502,United States,560394,"Nonwovens, whether or not impregnated, coated, covered or laminated, n.e.s., weighing ＞ than 150 g/m2 (excluding of man-made filaments)",3417440.0
202607,502,United States,560410,Textile-covered rubber thread and cord,3270878.0
202607,502,United States,560490,"High tenacity yarn of polyesters, nylon, other polyamides or viscose, impregnated or coated with rubber or plastics",161062.0
202607,502,United States,560500,"Metallised yarn, whether or not gimped, being textile yarn, or strip or the like of heading 5404 or 5405, of textile fibres, combined with metal in the form of thread, strip or powder or covered with metal",58809.0
202607,502,United States,560600,"Gimped yarn, gimped strip and the like of heading 5404 or 5405; chenille yarn, incl. flock chenille yarn, and loop wale-yarn",3787763.0
202607,502,United States,560721,"Binder or baler twine, of sisal or other textile fibres of the genus Agave",9155.0
202607,502,United States,560729,"Twine, cordage, ropes and cables, of sisal or other textile fibres of the genus Agave, whether or not plaited or braided and whether or not impregnated, coated, covered or sheathed with rubber or plastics (excluding binder or baler twine)",411291.0
202607,502,United States,560741,"Binder or baler twine, of polyethylene or polypropylene",105185.0
202607,502,United States,560749,"Twine, cordage, ropes and cables of polyethylene or polypropylene, whether or not plaited or braided and whether or not impregnated, coated, covered or sheathed with rubber or plastics (excluding binder or baler twine)",2518685.0
202607,502,United States,560750,"Twine, cordage, ropes and cables, of synthetic fibres, whether or not plaited or braided and whether or not impregnated, coated, covered or sheathed with rubber or plastics (excluding polyethylene and polypropylene)",7845385.0
202607,502,United States,560790,"Twine, cordage, ropes and cables, whether or not plaited or braided and whether or not impregnated, coated, covered or sheathed with rubber or plastics (excluding that of synthetic fibres and of sisal or other textile fibres of the genus Agave)",1562720.0
202607,502,United States,560811,Made-up knotted fishing nets of man-made textile materials (excluding landing nets),595880.0
202607,502,United States,560819,"Knotted netting of twine, cordage, ropes or cables, by the piece or metre; made-up nets, of man-made textile materials (excluding made-up fishing nets, hairnets, nets for sporting purposes, incl. landing nets, butterfly nets and the like)",5440831.0
202607,502,United States,560890,"Knotted netting of twine, cordage, ropes or cables, by the piece or metre; made-up fishing nets and other made-up nets, of vegetable textile materials (excluding hairnets, nets for sporting purposes, incl. landing nets, butterfly nets and the like)",945594.0
202607,502,United States,560900,"Articles of yarn, strip or the like of heading 54.04 or 54.05, twine, cordage, rope or cables, not elsewhere specified or included.",10160647.0
202607,502,United States,570110,"Carpets and other textile floor coverings, of wool or fine animal hair, knotted, whether or not made up",276756.0
202607,502,United States,570190,"Carpets and other textile floor coverings, of textile materials, knotted, whether or not made up (excluding those of wool or fine animal hair)",2990968.0
202607,502,United States,570220,"Floor coverings of coconut fibres coir"", woven, whether or not made up""",24065.0
202607,502,United States,570231,"Carpets and other floor coverings, of wool or fine animal hair, woven, not tufted or flocked, of pile construction, not made up (excluding Kelem, Schumacks, Karamanie and similar hand-woven rugs)",216720.0
202607,502,United States,570232,"Carpets and other floor coverings, of man-made textile materials, woven, not tufted or flocked, of pile construction, not made up (excluding Kelem, Schumacks, Karamanie and similar hand-woven rugs)",24431.0
202607,502,United States,570239,"Carpets and other floor coverings, of vegetable textile materials or coarse animal hair, woven, not tufted or flocked, of pile construction, not made up (excluding Kelem, Schumacks, Karamanie and similar hand-woven rugs, and floor coverings of coconut fibres coir"")""",3252.0
202607,502,United States,570241,"Carpets and other floor coverings, of wool or fine animal hair, woven, not tufted or flocked, of pile construction, made up (excluding Kelem, Schumacks, Karamanie and similar hand-woven rugs)",1499535.0
202607,502,United States,570242,"Carpets and other floor coverings, of man-made textile materials, woven, not tufted or flocked, of pile construction, made up (excluding Kelem, Schumacks, Karamanie and similar hand-woven rugs)",10583903.0
202607,502,United States,570249,"Carpets and other floor coverings, of vegetable textile materials or coarse animal hair, woven, not tufted or flocked, of pile construction, made up (excluding Kelem, Schumacks, Karamanie and similar hand-woven rugs, and floor coverings of coconut fibres coir"")""",208880.0
202607,502,United States,570250,"Carpets and other textile floor coverings, woven, not tufted or flocked, not of pile construction, not made up (excluding Kelem, Schumacks, Karamanie and similar hand-woven rugs, and floor coverings of coconut fibres coir"")""",34785.0
202607,502,United States,570291,"Carpets and other floor coverings, of wool or fine animal hair, woven, not tufted or flocked, not of pile construction, made up (excluding Kelem, Schumacks, Karamanie and similar hand-woven rugs)",2306.0
202607,502,United States,570292,"Carpets and other floor coverings, of man-made textile materials, woven, not tufted or flocked, not of pile construction, made up (excluding Kelem, Schumacks, Karamanie and similar hand-woven rugs)",9780695.0
202607,502,United States,570299,"Carpets and other floor coverings, of vegetable textile materials or coarse animal hair, woven, not tufted or flocked, not of pile construction, made up (excluding Kelem, Schumacks, Karamanie and similar hand-woven rugs, and floor coverings of coconut fibres coir"")""",606028.0
202607,502,United States,570310,"Carpets and other floor coverings, of wool or fine animal hair, tufted needle punched"", whether or not made up""",1372266.0
202607,502,United States,570321,"Turf,tufted,of nylon or other polyamides",63094.0
202607,502,United States,570329,"Carpets and other floor coverings,tufted, of nylon or other polyamides",787921.0
202607,502,United States,570331,"Turf,tufted, of other man-made textile materials",4017155.0
202607,502,United States,570339,"Carpets and other floor coverings,tufted, of other man-made textile materials",12293838.0
202607,502,United States,570390,"Carpets and other floor coverings,tufted, of other textile materials",237338.0
202607,502,United States,570410,"Floor tiles, of felt, not tufted or flocked, with an area of ≤ 0,3 m2",5979.0
202607,502,United States,570420,"Floor tiles, of felt, not tufted or flocked, with an area of ＞ 0,3 m2 but ≤ 1 m2",194935.0
202607,502,United States,570490,"Carpets and other floor coverings, of felt, not tufted or flocked, whether or not made up (excluding floor tiles with an area of ≤ 0,3 m2)",234084.0
202607,502,United States,570500,"Other carpets and other textile floor coverings, whether or not made up.",42200263.0
202607,502,United States,580110,"Woven pile fabrics and chenille fabrics, of wool or fine animal hair (excluding terry towelling and similar woven terry fabrics, tufted textile fabrics and narrow woven fabrics of heading 5806)",15041.0
202607,502,United States,580121,"Uncut weft pile fabrics, of cotton (excluding terry towelling and similar woven terry fabrics, tufted textile fabrics and narrow woven fabrics of heading 5806)",203679.0
202607,502,United States,580122,"Cut corduroy, of cotton (excluding terry towelling and similar woven terry fabrics, tufted textile fabrics and narrow woven fabrics of heading 5806)",57033.0
202607,502,United States,580123,"Cut weft pile fabrics, of cotton (excluding terry towelling and similar woven terry fabrics, tufted textile fabrics and narrow woven fabrics of heading 5806)",25957.0
202607,502,United States,580126,"Chenille fabrics, of cotton (excluding terry towelling and similar woven terry fabrics, tufted textile fabrics and narrow woven fabrics of heading 5806)",967.0
202607,502,United States,580127,"Warp pile fabrics, of cotton (excluding terry towelling and similar woven terry fabrics, tufted textile fabrics and narrow woven fabrics of heading 5806)",27547.0
202607,502,United States,580131,"Uncut weft pile fabrics, of man-made fibres (excluding terry towelling and similar woven terry fabrics, tufted textile fabrics and narrow woven fabrics of heading 5806)",1484814.0
202607,502,United States,580132,"Cut corduroy, of man-made fibres (excluding terry towelling and similar woven terry fabrics, tufted textile fabrics and narrow woven fabrics of heading 5806)",105969.0
202607,502,United States,580133,"Cut weft pile fabrics, of man-made fibres (excluding terry towelling and similar woven terry fabrics, tufted textile fabrics and narrow woven fabrics of heading 5806)",1288957.0
202607,502,United States,580136,"Chenille fabrics, of man-made fibres (excluding terry towelling and similar woven terry fabrics, tufted textile fabrics and narrow woven fabrics of heading 5806)",4125357.0
202607,502,United States,580137,"Warp pile fabrics, of man-made fibres (excluding terry towelling and similar woven terry fabrics, tufted textile fabrics and narrow woven fabrics of heading 5806)",533682.0
202607,502,United States,580190,"Woven pile fabrics and chenille fabrics (excluding those of man-made fibres, wool or fine animal hair, terry towelling and similar woven terry fabrics, tufted textile fabrics and narrow woven fabrics of heading 5806)",5110.0
202607,502,United States,580220,"Terry towelling and similar woven terry fabrics, of other textile materials",291810.0
202607,502,United States,580230,Tufted textile fabrics,115046.0
202607,502,United States,580300,"Gauze, other than narrow fabrics of heading 58.06",28461.0
202607,502,United States,580410,Tulles and other net fabrics,1204684.0
202607,502,United States,580421,"Mechanically made lace of man-made fibres in the piece, in strips or in motifs (excluding fabrics of heading 6002 to 6006)",1326373.0
202607,502,United States,580429,"Mechanically made lace in the piece, in strips or in motifs (excluding that of man-made fibres and fabrics of heading 6002 to 6006)",501990.0
202607,502,United States,580430,Handmade lace,1257.0
202607,502,United States,580610,Woven pile fabrics (including terry towelling and similar terry fabrics) and chenille fabrics,1722633.0
202607,502,United States,580620,"Other woven fabrics, containing by weight 5% or more of elastomeric yarn or rubber thread",1056094.0
202607,502,United States,580631,"Narrow woven fabrics of cotton, with a width of ≤ 30 cm, n.e.s.",859350.0
202607,502,United States,580632,"Narrow woven fabrics of man-made fibres, with a width of ≤ 30 cm, n.e.s.",9971424.0
202607,502,United States,580639,"Narrow woven fabrics of textile materials other than cotton or man-made fibres, with a width of ≤ 30 cm, n.e.s.",220120.0
202607,502,United States,580640,Fabrics consisting of warp without weft assembled by means of an adhesive (bolducs),32954.0
202607,502,United States,580710,"Labels, badges and similar articles, of textile materials, in the piece, in strips or cut to shape or size, woven, not embroidered",475606.0
202607,502,United States,580790,"Labels, badges and similar articles, of textile materials, in the piece, in strips or cut to shape or size, not embroidered (excluding woven)",15905.0
202607,502,United States,580810,Braids in the piece,29876.0
202607,502,United States,580890,"Ornamental trimmings of textile materials, in the piece, not embroidered, other than knitted or crocheted; tassels, pompons and similar articles of textile materials (excluding braids in the piece)",1605091.0
202607,502,United States,580900,"Woven fabrics of metal thread and woven fabrics of metallised yarn of heading 5605, of a kind used in apparel, as furnishing fabrics or for similar purposes, n.e.s.",93601.0
202607,502,United States,581010,Embroidery without visible ground,747893.0
202607,502,United States,581091,"Embroidery of cotton on a textile fabric ground, in the piece, in strips or in motifs (excluding embroidery without visible ground)",490560.0
202607,502,United States,581092,"Embroidery of man-made fibres on a textile fabric base, in the piece, in strips or in motifs (excluding embroidery without visible ground)",5366488.0
202607,502,United States,581099,"Embroidery of materials other than cotton or man-made fibres, on a textile fabric base, in the piece, in strips or in motifs (excluding embroidery without visible ground)",102959.0
202607,502,United States,581100,"Quilted textile products in the piece, composed of one or more layers of textile materials assembled with padding by stitching or otherwise (excluding embroidery of heading 5810 and quilted fabrics for bedding and furnishings)",156496.0
202607,502,United States,590110,"Textile fabrics coated with gum or amylaceous substances, of a kind used for the outer covers of books or the like",291794.0
202607,502,United States,590190,Tracing cloth; prepared painting canvas; buckram and similar stiffened textile fabrics of a kind used for hat foundations (excluding plastic-coated textile fabrics),1302435.0
202607,502,United States,590210,"Tyre cord fabric of high-tenacity yarn of nylon or other polyamides, whether or not dipped or impregnated with rubber or plastic",574735.0
202607,502,United States,590220,"Tyre cord fabric of high-tenacity polyester yarn, whether or not dipped or impregnated with rubber or plastic",649179.0
202607,502,United States,590310,"Textile fabrics impregnated, coated, covered or laminated with polyvinyl chloride"" (excluding wallcoverings of textile materials impregnated or covered with poly""vinyl chloride""; floor coverings consisting of a textile backing and a top layer or covering of poly""vinyl chloride"")""",13480953.0
202607,502,United States,590320,"Textile fabrics impregnated, coated, covered or laminated with polyurethane (excluding wallcoverings of textile materials impregnated or covered with polyurethane; floor coverings consisting of a textile backing and a top layer or covering of polyurethane)",4664122.0
202607,502,United States,590390,"Textile fabrics impregnated, coated, covered or laminated with plastics other than polyvinyl chloride"" or polyurethane (excluding tyre cord fabric of high-tenacity yarn of nylon or other polyamides, polyesters or viscose rayon; wallcoverings of textile materials impregnated or covered with plastic; floor coverings consisting of a textile backing and a top layer or covering of plastics)""",5110200.0
202607,502,United States,590490,"Floor coverings consisting of a coating or covering applied on a textile backing, whether or not cut to shape (excluding linoleum)",1275099.0
202607,502,United States,590500,Textile wall coverings.,1745375.0
202607,502,United States,590610,Adhesive tape of a width not exceeding 20 cm,2054232.0
202607,502,United States,590691,"Knitted or crocheted textile fabrics, rubberised, n.e.s.",252782.0
202607,502,United States,590699,"Rubberised textile fabrics (excluding knitted or crocheted textile fabrics, adhesive tape of a width of ≤ 20 cm, and tyre cord fabric of high-tenacity yarn of nylon or other polyamides, polyesters or viscose rayon)",379819.0
202607,502,United States,590700,"Impregnated, coated or covered textile fabrics; painted canvas being theatrical scenery, studio backcloths or the like, n.e.s.",4671662.0
202607,502,United States,590800,"Textile wicks, woven, plaited or knitted, for lamps, stoves, lighters, candles or the like; incandescent gas mantles and tubular knitted gas-mantle fabric for incandescent gas mantles, whether or not impregnated",204451.0
202607,502,United States,590900,"Textile hosepiping and similar textile tubing, whether or not impregnated or coated, with or without lining, armour or accessories of other materials",1165740.0
202607,502,United States,591000,"Transmission or conveyor belts or belting, of textile material, whether or not impregnated, coated, covered or laminated with plastics, or reinforced with metal or other material.",1617086.0
202607,502,United States,591110,"Textile fabrics, felt and felt-lined woven fabrics, coated, covered or laminated with rubber, leather or other material, of a kind used for card clothing, and similar fabrics of a kind used for other technical purposes, incl. narrow fabrics made of velvet impregnated with rubber, for covering weaving spindles weaving beams""""",102481.0
202607,502,United States,591120,"Bolting cloth, whether or not made up",235877.0
202607,502,United States,591131,"Textile fabrics and felts, endless or fitted with linking devices, of a kind used in papermaking or similar machines, e.g. for paper pulp or asbestos-cement, weighing ＜ 650 g/m2",9735.0
202607,502,United States,591132,"Textile fabrics and felts, endless or fitted with linking devices, of a kind used in papermaking or similar machines, e.g. for paper pulp or asbestos-cement, weighing ≥ 650 g/m2",111659.0
202607,502,United States,591140,"Filtering or straining cloth of a kind used in oil-presses or for similar technical purposes, incl. that of human hair",932792.0
202607,502,United States,591190,"Textile products and articles, for technical purposes, specified in Note 7 to chapter 59, n.e.s.",5233662.0
202607,502,United States,600110,"Long pile fabrics, knitted or crocheted",365368.0
202607,502,United States,600121,"Looped pile fabrics of cotton, knitted or crocheted",5768.0
202607,502,United States,600122,"Looped pile fabrics of man-made fibres, knitted or crocheted",279419.0
202607,502,United States,600191,"Pile fabrics of cotton, knitted or crocheted (excluding long pile"" fabrics)""",146.0
202607,502,United States,600192,"Pile fabrics of man-made fibres, knitted or crocheted (excluding long pile"" fabrics)""",4395993.0
202607,502,United States,600240,"Knitted or crocheted fabrics, of a width of ≤ 30 cm, containing ≥ 5% by weight elastomeric yarn",138431.0
202607,502,United States,600290,"Knitted or crocheted fabrics, of a width of ≤ 30 cm, containing ≥ 5% by weight elastomeric yarn and rubber thread or rubber thread only",2589650.0
202607,502,United States,600310,"Knitted or crocheted fabrics of wool or fine animal hair, of a width of ≤ 30 cm",3662.0
202607,502,United States,600320,"Knitted or crocheted fabrics of cotton, of a width of ≤ 30 cm",12518.0
202607,502,United States,600330,"Knitted or crocheted fabrics of synthetic fibres, of a width of ≤ 30 cm",47889.0
202607,502,United States,600340,"Knitted or crocheted fabrics of artificial fibres, of a width of ≤ 30 cm",0.0
202607,502,United States,600390,Knitted or crocheted fabrics of a width of ≤ 30 cm,2239.0
202607,502,United States,600410,"Knitted or crocheted fabrics, of a width of ＞ 30 cm, containing ≥ 5% by weight elastomeric yarn",7047939.0
202607,502,United States,600490,"Knitted or crocheted fabrics, of a width of ＞ 30 cm, containing ≥ 5% by weight elastomeric yarn and rubber thread or rubber thread only",247561.0
202607,502,United States,600522,"Dyed cotton warp knit fabrics incl. those made on galloon knitting machines"", of a width of ＞ 30 cm""",3528.0
202607,502,United States,600524,"Printed cotton warp knit fabrics incl. those made on galloon knitting machines"", of a width of ＞ 30 cm""",39.0
202607,502,United States,600535,Fabrics specified in Subheading Note 1 to this Chapter,3297.0
202607,502,United States,600536,"Unbleached or bleached warp knit fabrics of synthetic fibres incl. those made on galloon knitting machines"", of a width of ＞ 30 cm""",625737.0
202607,502,United States,600537,"Dyed warp knit fabrics of synthetic fibres incl. those made on galloon knitting machines"", of a width of ＞ 30 cm""",1484958.0
202607,502,United States,600538,"Warp knit fabrics of synthetic fibres, of yarns of different colours incl. those made on galloon knitting machines"", of a width of ＞ 30 cm""",141642.0
202607,502,United States,600539,"Printed warp knit fabrics of synthetic fibres incl. those made on galloon knitting machines"", of a width of ＞ 30 cm""",264848.0
202607,502,United States,600541,"Unbleached or bleached warp knit fabrics of artificial fibres incl. those made on galloon knitting machines"", of a width of ＞ 30 cm""",214752.0
202607,502,United States,600542,"Dyed warp knit fabrics of artificial fibres incl. those made on galloon knitting machines"", of a width of ＞ 30 cm""",31.0
202607,502,United States,600590,"Warp knit fabrics incl. those made on galloon knitting machines"", of a width of ＞ 30 cm""",85989.0
202607,502,United States,600610,"Fabrics, knitted or crocheted, of a width of ＞ 30 cm, of wool or fine animal hair",277.0
202607,502,United States,600621,"Unbleached or bleached cotton fabrics, knitted or crocheted, of a width of ＞ 30 cm",102082.0
202607,502,United States,600622,"Dyed cotton fabrics, knitted or crocheted, of a width of ＞ 30 cm",606083.0
202607,502,United States,600623,"Cotton fabrics, knitted or crocheted, of yarns of different colours, of a width of ＞ 30 cm",29141.0
202607,502,United States,600624,"Printed cotton fabrics, knitted or crocheted, of a width of ＞ 30 cm",102653.0
202607,502,United States,600631,"Unbleached or bleached fabrics, knitted or crocheted, of synthetic fibres, of a width of ＞ 30 cm",4653363.0
202607,502,United States,600632,"Dyed fabrics, knitted or crocheted, of synthetic fibres, of a width of ＞ 30 cm",5550744.0
202607,502,United States,600633,"Fabrics, knitted or crocheted, of synthetic fibres, of yarns of different colours, of a width of ＞ 30 cm",608715.0
202607,502,United States,600634,"Printed fabrics, knitted or crocheted, of synthetic fibres, of a width of ＞ 30 cm",622785.0
202607,502,United States,600641,"Unbleached or bleached fabrics, knitted or crocheted, of artificial fibres, of a width of ＞ 30 cm",92095.0
202607,502,United States,600642,"Dyed fabrics, knitted or crocheted, of artificial fibres, of a width of ＞ 30 cm",879559.0
202607,502,United States,600643,"Fabrics, knitted or crocheted, of artificial fibres, of yarns of different colours, of a width of ＞ 30 cm",13232.0
202607,502,United States,600644,"Printed fabrics, knitted or crocheted, of artificial fibres, of a width of ＞ 30 cm",33445.0
202607,502,United States,600690,"Fabrics, knitted or crocheted, of a width of ＞ 30 cm",43323.0
202607,502,United States,610120,"Overcoats, car coats, capes, cloaks, anoraks, incl. ski jackets, windcheaters, wind-jackets and similar articles of cotton, for men or boys, knitted or crocheted",2248499.0
202607,502,United States,610130,"Overcoats, car coats, capes, cloaks, anoraks, incl. ski jackets, windcheaters, wind-jackets and similar articles of man-made fibres, for men or boys, knitted or crocheted",6495568.0
202607,502,United States,610190,"Overcoats, car coats, capes, cloaks, anoraks, incl. ski jackets, windcheaters, wind-jackets and similar articles of textile materials, for men or boys, knitted or crocheted",364287.0
202607,502,United States,610210,"Women's or girls' overcoats, car coats, capes, cloaks, anoraks, incl. ski jackets, windcheaters, wind-jackets and similar articles, of wool or fine animal hair, knitted or crocheted",1040263.0
202607,502,United States,610220,"Women's or girls' overcoats, car coats, capes, cloaks, anoraks, incl. ski jackets, windcheaters, wind-jackets and similar articles of cotton, knitted or crocheted",2562579.0
202607,502,United States,610230,"Women's or girls' overcoats, car coats, capes, cloaks, anoraks, incl. ski jackets, windcheaters, wind-jackets and similar articles of man-made fibres, knitted or crocheted",27731205.0
202607,502,United States,610290,"Women's or girls' overcoats, car coats, capes, cloaks, anoraks, incl. ski jackets, windcheaters, wind-jackets and similar articles, of textile materials, knitted or crocheted",172488.0
202607,502,United States,610310,"Men's or boys' suits of textile materials, knitted or crocheted",268152.0
202607,502,United States,610322,"Men's or boys' ensembles of cotton, knitted or crocheted",7073108.0
202607,502,United States,610323,"Men's or boys' ensembles of synthetic fibres, knitted or crocheted",9847416.0
202607,502,United States,610329,Men's or boys' ensembles of textile materials,152263.0
202607,502,United States,610331,"Men's or boys' jackets and blazers of wool or fine animal hair, knitted or crocheted",1707771.0
202607,502,United States,610332,"Men's or boys' jackets and blazers of cotton, knitted or crocheted",11137889.0
202607,502,United States,610333,"Men's or boys' jackets and blazers of synthetic fibres, knitted or crocheted",17048290.0
202607,502,United States,610339,Men's or boys' jackets and blazers of textile materials,524971.0
202607,502,United States,610341,"Men's or boys' trousers, bib and brace overalls, breeches and shorts of wool or fine animal hair, knitted or crocheted",496523.0
202607,502,United States,610342,"Men's or boys' trousers, bib and brace overalls, breeches and shorts of cotton, knitted or crocheted",32581192.0
202607,502,United States,610343,"Men's or boys' trousers, bib and brace overalls, breeches and shorts of synthetic fibres, knitted or crocheted",50090493.0
202607,502,United States,610349,"Men's or boys' trousers, bib and brace overalls, breeches and shorts of textile materials, knitted or crocheted",1346233.0
202607,502,United States,610413,"Women's or girls' suits of synthetic fibres, knitted or crocheted",713836.0
202607,502,United States,610419,"Women's or girls' suits of textile materials, knitted or crocheted",382789.0
202607,502,United States,610422,"Women's or girls' ensembles of cotton, knitted or crocheted",11723496.0
202607,502,United States,610423,"Women's or girls' ensembles of synthetic fibres, knitted or crocheted",48313683.0
202607,502,United States,610429,Women's or girls' ensembles of textile materials,5626762.0
202607,502,United States,610431,"Women's or girls' jackets and blazers of wool or fine animal hair, knitted or crocheted",412104.0
202607,502,United States,610432,"Women's or girls' jackets and blazers of cotton, knitted or crocheted",11754745.0
202607,502,United States,610433,"Women's or girls' jackets and blazers of synthetic fibres, knitted or crocheted",63934069.0
202607,502,United States,610439,"Women's or girls' jackets and blazers of textile materials, knitted or crocheted",7808834.0
202607,502,United States,610441,"Women's or girls' dresses of wool or fine animal hair, knitted or crocheted",1125662.0
202607,502,United States,610442,"Women's or girls' dresses of cotton, knitted or crocheted",8139593.0
202607,502,United States,610443,"Women's or girls' dresses of synthetic fibres, knitted or crocheted",84403053.0
202607,502,United States,610444,"Women's or girls' dresses of artificial fibres, knitted or crocheted",17768832.0
202607,502,United States,610449,"Women's or girls' dresses of textile materials, knitted or crocheted",1455379.0
202607,502,United States,610451,"Women's or girls' skirts and divided skirts of wool or fine animal hair, knitted or crocheted",609984.0
202607,502,United States,610452,"Women's or girls' skirts and divided skirts of cotton, knitted or crocheted",2604918.0
202607,502,United States,610453,"Women's or girls' skirts and divided skirts of synthetic fibres, knitted or crocheted",24155840.0
202607,502,United States,610459,"Women's or girls' skirts and divided skirts of textile materials, knitted or crocheted",3601420.0
202607,502,United States,610461,"Women's or girls' trousers, bib and brace overalls, breeches and shorts of wool or fine animal hair, knitted or crocheted",1841424.0
202607,502,United States,610462,"Women's or girls' trousers, bib and brace overalls, breeches and shorts of cotton, knitted or crocheted",53739095.0
202607,502,United States,610463,"Women's or girls' trousers, bib and brace overalls, breeches and shorts of synthetic fibres, knitted or crocheted",147565578.0
202607,502,United States,610469,"Women's or girls' trousers, bib and brace overalls, breeches and shorts of textile materials, knitted or crocheted",16552537.0
202607,502,United States,610510,"Men's or boys' shirts of cotton, knitted or crocheted (excluding nightshirts, T-shirts, singlets and other vests)",8998740.0
202607,502,United States,610520,"Men's or boys' shirts of man-made fibres, knitted or crocheted (excluding nightshirts, T-shirts, singlets and other vests)",27944325.0
202607,502,United States,610590,"Men's or boys' shirts of textile materials, knitted or crocheted (excluding of cotton or man-made fibres, nightshirts, T-shirts, singlets and other vests)",157551.0
202607,502,United States,610610,"Women's or girls' blouses, shirts and shirt-blouses of cotton, knitted or crocheted (excluding T-shirts and vests)",4210814.0
202607,502,United States,610620,"Women's or girls' blouses, shirts and shirt-blouses of man-made fibres, knitted or crocheted (excluding T-shirts and vests)",12111746.0
202607,502,United States,610690,"Women's or girls' blouses, shirts and shirt-blouses of textile materials, knitted or crocheted (excluding of cotton or man-made fibres, T-shirts and vests)",326209.0
202607,502,United States,610711,"Men's or boys' underpants and briefs of cotton, knitted or crocheted",9793146.0
202607,502,United States,610712,"Men's or boys' underpants and briefs of man-made fibres, knitted or crocheted",31449513.0
202607,502,United States,610719,"Men's or boys' underpants and briefs of other textile materials, knitted or crocheted (excluding of cotton or man-made fibres)",906619.0
202607,502,United States,610721,"Men's or boys' nightshirts and pyjamas of cotton, knitted or crocheted (excluding vests and singlets)",2601583.0
202607,502,United States,610722,"Men's or boys' nightshirts and pyjamas of man-made fibres, knitted or crocheted (excluding vests and singlets)",26108859.0
202607,502,United States,610729,"Men's or boys' nightshirts and pyjamas of textile materials, knitted or crocheted (excluding of cotton or man-made fibres, and vests and singlets)",249877.0
202607,502,United States,610791,"Men's or boys' bathrobes, dressing gowns and similar articles of cotton, knitted or crocheted",1390095.0
202607,502,United States,610799,"Men's or boys' bathrobes, dressing gowns and similar articles of textile materials, knitted or crocheted (excluding of cotton)",7144725.0
202607,502,United States,610811,"Women's or girls' slips and petticoats of man-made fibres, knitted or crocheted (excluding T-shirts and vests)",273447.0
202607,502,United States,610819,"Women's or girls' slips and petticoats of textile materials, knitted or crocheted (excluding man-made fibres, T-shirts and vests)",89269.0
202607,502,United States,610821,"Women's or girls' briefs and panties of cotton, knitted or crocheted",16930957.0
202607,502,United States,610822,"Women's or girls' briefs and panties of man-made fibres, knitted or crocheted",30400518.0
202607,502,United States,610829,"Women's or girls' briefs and panties of textile materials, knitted or crocheted (excluding cotton or man-made fibres)",423446.0
202607,502,United States,610831,"Women's or girls' nightdresses and pyjamas of cotton, knitted or crocheted (excluding T-shirts, vests and négligés)",8350269.0
202607,502,United States,610832,"Women's or girls' nightdresses and pyjamas of man-made fibres, knitted or crocheted (excluding T-shirts, vests and négligés)",90049892.0
202607,502,United States,610839,"Women's or girls' nightdresses and pyjamas of textile materials, knitted or crocheted (excluding of cotton and man-made fibres, T-shirts, vests and négligés)",2162233.0
202607,502,United States,610891,"Women's or girls' négligés, bathrobes, dressing gowns, housejackets and similar articles of cotton, knitted or crocheted (excluding vests, slips, petticoats, briefs and panties, nightdresses, pyjamas, brassiéres, girdles, corsets and similar articles)",958825.0
202607,502,United States,610892,"Women's or girls' négligés, bathrobes, dressing gowns, housejackets and similar articles of man-made fibres, knitted or crocheted (excluding vests, slips, petticoats, briefs and panties, nightdresses, pyjamas, brassiéres, girdles, corsets and similar articles)",14123089.0
202607,502,United States,610899,"Women's or girls' négligés, bathrobes, dressing gowns, housejackets and similar articles of textile materials, knitted or crocheted (excluding of cotton or man-made fibres, vests, slips, petticoats, briefs and panties, nightdresses, pyjamas, brassiéres, girdles, corsets and similar articles)",342108.0
202607,502,United States,610910,"T-shirts, singlets and other vests of cotton, knitted or crocheted",131495889.0
202607,502,United States,610990,"T-shirts, singlets and other vests of textile materials, knitted or crocheted (excluding cotton)",113771130.0
202607,502,United States,611011,"Jerseys, pullovers, cardigans, waistcoats and similar articles, of hair of Kashmir cashmere"" goats, knitted or crocheted (excluding quilted articles)""",25584800.0
202607,502,United States,611012,"Jerseys, pullovers, cardigans, waistcoats and similar articles, of fine animal hair, knitted or crocheted (excluding from hair of Kashmir cashmere"" goats and quilted articles)""",35280053.0
202607,502,United States,611019,"Jerseys, pullovers, cardigans, waistcoats and similar articles, of cotton, knitted or crocheted (excluding wadded waistcoats)",19172411.0
202607,502,United States,611020,"Jerseys, pullovers, cardigans, waistcoats and similar articles, of man-made fibres, knitted or crocheted (excluding wadded waistcoats)",249443205.0
202607,502,United States,611030,"Jerseys, pullovers, cardigans, waistcoats and similar articles, of textile materials, knitted or crocheted (excluding of wool, fine animal hair, cotton or man-made fibres, and wadded waistcoats)",477446883.0
202607,502,United States,611090,"bies' garments and clothing accessories, knitted or crocheted (excluding hats)",5320305.0
202607,502,United States,611120,"Babies' garments and clothing accessories of cotton, knitted or crocheted (excluding hats)",39029963.0
202607,502,United States,611130,"Babies' garments and clothing accessories of synthetic fibres, knitted or crocheted (excluding hats)",18672988.0
202607,502,United States,611190,"Babies' garments and clothing accessories of textile materials, knitted or crocheted (excluding of cotton or synthetic fibres, and hats)",6805581.0
202607,502,United States,611211,"Track-suits of cotton, knitted or crocheted",852469.0
202607,502,United States,611212,"Track-suits of synthetic fibres, knitted or crocheted",6682792.0
202607,502,United States,611219,"Track-suits of textile materials, knitted or crocheted (excluding cotton or synthetic fibres)",879051.0
202607,502,United States,611231,"Men's or boys' swimwear of synthetic fibres, knitted or crocheted",1393768.0
202607,502,United States,611241,"Women's or girls' swimwear of synthetic fibres, knitted or crocheted",20637723.0
202607,502,United States,611249,"Women's or girls' swimwear of textile materials, knitted or crocheted (excluding synthetic fibres)",31218.0
202607,502,United States,611300,"Garments, knitted or crocheted, rubberised or impregnated, coated or covered with plastics or other materials (excluding babies' garments and clothing accessories)",8485562.0
202607,502,United States,611420,"Other garments of cotton, knitted or crocheted",18065852.0
202607,502,United States,611430,"Other garments of man-made fibres, knitted or crocheted",124498314.0
202607,502,United States,611490,"Other garments of other textile materials, knitted or crocheted",717825.0
202607,502,United States,611510,"Graduated compression hosiery [e.g., stockings for varicose veins], of textile materials, knitted or crocheted (excluding hosiery for babies)",1488938.0
202607,502,United States,611521,"Pantyhose and tights of synthetic fibres, knitted or crocheted, measuring per single yarn ＜ 67 decitex (excluding graduated compression hosiery)",10410826.0
202607,502,United States,611522,"Pantyhose and tights of synthetic fibres, knitted or crocheted, measuring per single yarn ≥ 67 decitex (excluding graduated compression hosiery)",8579898.0
202607,502,United States,611529,"Pantyhose and tights of textile materials, knitted or crocheted (excluding graduated compression hosiery, those of synthetic fibres and hosiery for babies)",2440287.0
202607,502,United States,611530,"Women's full-length or knee-length hosiery, knitted or crocheted, measuring per single yarn ＜ 67 decitex (excluding graduated compression hosiery, pantyhose and tights)",2689221.0
202607,502,United States,611594,"Full-length or knee-length stockings, socks and other hosiery, incl. footwear without applied soles, of wool or fine animal hair, knitted or crocheted (excluding graduated compression hosiery, pantyhose and tights, women's full-length or knee-length stockings, measuring per single yarn ＜ 67 decitex, and hosiery for babies)",2796374.0
202607,502,United States,611595,"Full-length or knee-length stockings, socks and other hosiery, incl. footwear without applied soles, of cotton, knitted or crocheted (excluding graduated compression hosiery, pantyhose and tights, women's full-length or knee-length stockings, measuring per single yarn ＜ 67 decitex, and hosiery for babies)",24468043.0
202607,502,United States,611596,"Full-length or knee-length stockings, socks and other hosiery, incl. footwear without applied soles, of synthetic fibres, knitted or crocheted (excluding graduated compression hosiery, pantyhose and tights, women's full-length or knee-length stockings, measuring per single yarn ＜ 67 decitex, and hosiery for babies)",119412630.0
202607,502,United States,611599,"Full-length or knee-length stockings, socks and other hosiery, incl. footwear without applied soles, of textile materials, knitted or crocheted (excluding of wool, fine animal hair, cotton or synthetic fibres, graduated compression hosiery, pantyhose and tights, women's full-length or knee-length stockings, measuring per single yarn ＜ 67 decitex, and hosiery for babies)",3313327.0
202607,502,United States,611610,"Impregnated, coated, covered or laminated with plastics or rubber",36821038.0
202607,502,United States,611691,"Gloves, mittens and mitts, of wool or fine animal hair, knitted or crocheted (excluding for babies)",969881.0
202607,502,United States,611692,"Gloves, mittens and mitts, of cotton, knitted or crocheted (excluding impregnated, coated or covered with plastics or rubber, and for babies)",2330103.0
202607,502,United States,611693,"Gloves, mittens and mitts, of synthetic fibres, knitted or crocheted (excluding impregnated, coated or covered with plastics or rubber, and for babies)",22681467.0
202607,502,United States,611699,"Gloves, mittens and mitts, of textile materials, knitted or crocheted (excluding of wool, fine animal hair, cotton or synthetic fibres, impregnated, coated or covered with plastics or rubber, and for babies)",2074574.0
202607,502,United States,611710,"Shawls, scarves, mufflers, mantillas, veils and the like, knitted or crocheted",20778470.0
202607,502,United States,611780,"Ties, bow ties, cravats and other made-up clothing accessories, knitted or crocheted, n.e.s. (excluding shawls, scarves, mufflers, mantillas, veils and the like)",16475561.0
202607,502,United States,611790,"Parts of garments or clothing accessories, knitted or crocheted, n.e.s.",441483.0
202607,502,United States,620120,"Men’s or boys’ overcoats, car-coats, capes, cloaks, anoraks (including ski-jackets), wind-cheaters, windjackets and similar artic,of wool or fine animal hair",5853774.0
202607,502,United States,620130,"Men’s or boys’ overcoats, car-coats, capes, cloaks, anoraks (including ski-jackets), wind-cheaters, windjackets and similar artic,of cotton",7192167.0
202607,502,United States,620140,"Men’s or boys’ overcoats, car-coats, capes, cloaks, anoraks (including ski-jackets), wind-cheaters, windjackets and similar artic,of man-made fibres",76607147.0
202607,502,United States,620190,"Men's or boys' overcoats, raincoats, car coats, capes, cloaks and similar articles, of  other textile materials",1071111.0
202607,502,United States,620220,"Women’s or girls’ overcoats, car-coats, capes, cloaks, anoraks (including ski-jackets), wind-cheaters, wind jackets and similar articles, of wool or fine animal hair",9775423.0
202607,502,United States,620230,"Women’s or girls’ overcoats, car-coats, capes, cloaks, anoraks (including ski-jackets), wind-cheaters, wind jackets and similar articles, of cotton",4264397.0
202607,502,United States,620240,"Women’s or girls’ overcoats, car-coats, capes, cloaks, anoraks (including ski-jackets), wind-cheaters, wind jackets and similar articles,of man-made fibres",104911544.0
202607,502,United States,620290,"Women’s or girls’ overcoats, car-coats, capes, cloaks, anoraks (including ski-jackets), wind-cheaters, wind jackets and similar articles, of other textile materials",1122632.0
202607,502,United States,620311,"Men's or boys' suits of wool or fine animal hair (excluding knitted or crocheted, tracksuits, ski suits and swimwear)",7772565.0
202607,502,United States,620312,"Men's or boys' suits of synthetic fibres (excluding knitted or crocheted, tracksuits, ski suits and swimwear)",10220082.0
202607,502,United States,620319,"Men's or boys' suits of textile materials (excluding of wool, fine animal hair or synthetic fibres, knitted or crocheted, tracksuits, ski suits and swimwear)",465229.0
202607,502,United States,620322,"Men's or boys' ensembles of cotton (excluding knitted or crocheted, ski ensembles and swimwear)",846304.0
202607,502,United States,620323,"Men's or boys' ensembles of synthetic fibres (excluding knitted or crocheted, ski ensembles and swimwear)",4080470.0
202607,502,United States,620329,"Men's or boys' ensembles of textile materials (excluding of cotton or synthetic fibres, knitted or crocheted, ski ensembles and swimwear)",376641.0
202607,502,United States,620331,"Men's or boys' jackets and blazers of wool or fine animal hair (excluding knitted or crocheted, and wind-jackets and similar articles)",7375611.0
202607,502,United States,620332,"Men's or boys' jackets and blazers of cotton (excluding knitted or crocheted, and wind-jackets and similar articles)",11243787.0
202607,502,United States,620333,"Men's or boys' jackets and blazers of synthetic fibres (excluding knitted or crocheted, and wind-jackets and similar articles)",17003241.0
202607,502,United States,620339,"Men's or boys' jackets and blazers of textile materials (excluding of wool, fine animal hair, cotton or synthetic fibres, knitted or crocheted, and wind-jackets and similar articles)",625907.0
202607,502,United States,620341,"Men's or boys' trousers, bib and brace overalls, breeches and shorts, of wool or fine animal hair (excluding knitted or crocheted, underpants and swimwear)",2419404.0
202607,502,United States,620342,"Men's or boys' trousers, bib and brace overalls, breeches and shorts, of cotton (excluding knitted or crocheted, underpants and swimwear)",72001278.0
202607,502,United States,620343,"Men's or boys' trousers, bib and brace overalls, breeches and shorts of synthetic fibres (excluding knitted or crocheted, underpants and swimwear)",53975012.0
202607,502,United States,620349,"Men's or boys' trousers, bib and brace overalls, breeches and shorts of textile materials (excluding of wool, fine animal hair, cotton or synthetic fibres, knitted or crocheted, underpants and swimwear)",2838045.0
202607,502,United States,620411,"Women's or girls' suits of wool or fine animal hair (excluding knitted or crocheted, ski overalls and swimwear)",27391.0
202607,502,United States,620412,"Women's or girls' suits of cotton (excluding knitted or crocheted, ski overalls and swimwear)",330546.0
202607,502,United States,620413,"Women's or girls' suits of synthetic fibres (excluding knitted or crocheted, ski overalls and swimwear)",1131575.0
202607,502,United States,620419,"Women's or girls' suits of textile materials (excluding of wool, fine animal hair, cotton or synthetic fibres, knitted or crocheted, ski overalls and swimwear)",22928.0
202607,502,United States,620421,"Women's or girls' ensembles of wool or fine animal hair (excluding knitted or crocheted, ski overalls and swimwear)",21873.0
202607,502,United States,620422,"Women's or girls' ensembles of cotton (excluding knitted or crocheted, ski overalls and swimwear)",3269661.0
202607,502,United States,620423,"Women's or girls' ensembles of synthetic fibres (excluding knitted or crocheted, ski overalls and swimwear)",12444014.0
202607,502,United States,620429,"Women's or girls' ensembles of textile materials (excluding of wool, fine animal hair, cotton or synthetic fibres, knitted or crocheted, ski overalls and swimwear)",890105.0
202607,502,United States,620431,"Women's or girls' jackets and blazers of wool or fine animal hair (excluding knitted or crocheted, wind-jackets and similar articles)",2421415.0
202607,502,United States,620432,"Women's or girls' jackets and blazers of cotton (excluding knitted or crocheted, wind-jackets and similar articles)",21953117.0
202607,502,United States,620433,"Women's or girls' jackets and blazers of synthetic fibres (excluding knitted or crocheted, wind-jackets and similar articles)",46587620.0
202607,502,United States,620439,"Women's or girls' jackets and blazers of textile materials (excluding of wool, fine animal hair, cotton or synthetic fibres, knitted or crocheted, wind-jackets and similar articles)",7752489.0
202607,502,United States,620441,Women's or girls' dresses of wool or fine animal hair (excluding knitted or crocheted and petticoats),446986.0
202607,502,United States,620442,Women's or girls' dresses of cotton (excluding knitted or crocheted and petticoats),22608109.0
202607,502,United States,620443,Women's or girls' dresses of synthetic fibres (excluding knitted or crocheted and petticoats),78342672.0
202607,502,United States,620444,Women's or girls' dresses of artificial fibres (excluding knitted or crocheted and petticoats),13327847.0
202607,502,United States,620449,"Women's or girls' dresses of textile materials (excluding of wool, fine animal hair, cotton or man-made fibres, knitted or crocheted and petticoats)",7892866.0
202607,502,United States,620451,Women's or girls' skirts and divided skirts of wool or fine animal hair (excluding knitted or crocheted and petticoats),363784.0
202607,502,United States,620452,Women's or girls' skirts and divided skirts of cotton (excluding knitted or crocheted and petticoats),10870941.0
202607,502,United States,620453,Women's or girls' skirts and divided skirts of synthetic fibres (excluding knitted or crocheted and petticoats),19159139.0
202607,502,United States,620459,"Women's or girls' skirts and divided skirts of textile materials (excluding of wool, fine animal hair, cotton or synthetic fibres, knitted or crocheted and petticoats)",6123623.0
202607,502,United States,620461,"Women's or girls' trousers, bib and brace overalls, breeches and shorts of wool or fine animal hair (excluding knitted or crocheted, panties and swimwear)",654034.0
202607,502,United States,620462,"Women's or girls' trousers, bib and brace overalls, breeches and shorts of cotton (excluding knitted or crocheted, panties and swimwear)",179779044.0
202607,502,United States,620463,"Women's or girls' trousers, bib and brace overalls, breeches and shorts of synthetic fibres (excluding knitted or crocheted, panties and swimwear)",53586912.0
202607,502,United States,620469,"Women's or girls' trousers, bib and brace overalls, breeches and shorts of textile materials (excluding of wool, fine animal hair, cotton or synthetic fibres, knitted or crocheted, panties and swimwear)",15879310.0
202607,502,United States,620520,"Men's or boys' shirts of cotton (excluding knitted or crocheted, nightshirts, singlets and other vests)",23783629.0
202607,502,United States,620530,"Men's or boys' shirts of man-made fibres (excluding knitted or crocheted, nightshirts, singlets and other vests)",28006501.0
202607,502,United States,620590,"Men's or boys' shirts of textile materials (excluding of cotton or man-made fibres, knitted or crocheted, nightshirts, singlets and other vests)",1170611.0
202607,502,United States,620610,"Women's or girls' blouses, shirts and shirt-blouses of silk or silk waste (excluding knitted or crocheted and vests)",4593856.0
202607,502,United States,620620,"Women's or girls' blouses, shirts and shirt-blouses of wool or fine animal hair (excluding knitted or crocheted and vests)",89793.0
202607,502,United States,620630,"Women's or girls' blouses, shirts and shirt-blouses of cotton (excluding knitted or crocheted and vests)",15400008.0
202607,502,United States,620640,"Women's or girls' blouses, shirts and shirt-blouses of man-made fibres (excluding knitted or crocheted and vests)",25985276.0
202607,502,United States,620690,"Women's or girls' blouses, shirts and shirt-blouses of textile materials (excluding of silk, silk waste, wool, fine animal hair, cotton or man-made fibres, knitted or crocheted and vests)",2592387.0
202607,502,United States,620711,Men's or boys' underpants and briefs of cotton,624835.0
202607,502,United States,620719,Men's or boys' underpants and briefs of textile materials (excluding cotton and knitted or crocheted),245968.0
202607,502,United States,620721,"Men's or boys' nightshirts and pyjamas of cotton (excluding knitted or crocheted, vests, singlets and underpants)",1529994.0
202607,502,United States,620722,"Men's or boys' nightshirts and pyjamas of man-made fibres (excluding knitted or crocheted, vests, singlets and underpants)",1505415.0
202607,502,United States,620729,"Men's or boys' nightshirts and pyjamas of textile materials (excluding of cotton or man-made fibres, knitted or crocheted, vests, singlets and underpants)",75110.0
202607,502,United States,620791,"Men's or boys' singlets and other vests, bathrobes, dressing gowns and similar articles of cotton (excluding knitted or crocheted, underpants, nightshirts and pyjamas)",782655.0
202607,502,United States,620799,"Men's or boys' singlets and other vests, bathrobes and dressing gowns of textile materials (excluding of cotton, knitted or crocheted, underpants, nightshirts and pyjamas)",562935.0
202607,502,United States,620811,Women's or girls' slips and petticoats of man-made fibres (excluding knitted or crocheted and vests),508155.0
202607,502,United States,620819,"Women's or girls' slips and petticoats of textile materials (excluding man-made fibres, knitted or crocheted and vests)",93764.0
202607,502,United States,620821,"Women's or girls' nightdresses and pyjamas of cotton (excluding knitted or crocheted, vests and négligés)",3697388.0
202607,502,United States,620822,"Women's or girls' nightdresses and pyjamas of man-made fibres (excluding knitted or crocheted, vests and négligés)",8472079.0
202607,502,United States,620829,"Women's or girls' nightdresses and pyjamas of textile materials (excluding cotton and man-made fibres, knitted or crocheted, vests and négligés)",583023.0
202607,502,United States,620891,"Women's or girls' singlets and other vests, briefs, panties, négligés, bathrobes, dressing gowns, housecoats and similar articles of cotton (excluding knitted or crocheted, slips, petticoats, nightdresses and pyjamas, brassières, girdles, corsets and similar articles)",1203708.0
202607,502,United States,620892,"Women's or girls' singlets and other vests, briefs, panties, négligés, bathrobes, dressing gowns, housecoats and similar articles of man-made fibres (excluding knitted or crocheted, slips, petticoats, nightdresses and pyjamas, brassières, girdles, corsets and similar articles)",3756086.0
202607,502,United States,620899,"Women's or girls' singlets and other vests, briefs, panties, négligés, bathrobes, dressing gowns, housecoats and similar articles of textile materials (excluding of cotton or man-made fibres, knitted or crocheted, slips, petticoats, nightdresses and pyjamas, brassières, girdles, corsets and similar articles)",845220.0
202607,502,United States,620920,"Babies' garments and clothing accessories of cotton (excluding knitted or crocheted and hats, napkins and napkin liners [see 9619])",3827571.0
202607,502,United States,620930,"Babies' garments and clothing accessories of synthetic fibres (excluding knitted or crocheted and hats, napkins and napkin liners [see 9619])",2150753.0
202607,502,United States,620990,"Babies' garments and clothing accessories of textile materials (excluding of cotton or synthetic fibres, knitted or crocheted and hats, napkins and napkin liners [see 9619])",140905.0
202607,502,United States,621010,"Garments made up of felt or nonwovens, whether or not impregnated, coated, covered or laminated (excluding babies' garments and clothing accessories)",19233125.0
202607,502,United States,621020,"Garments, of the type described in heading 62.01,made up of fabrics of heading 59.03, 59.06 or 59.07",5538762.0
202607,502,United States,621030,"Garments, of the type described in heading 62.02,made up of fabrics of heading 59.03, 59.06 or 59.07",3916530.0
202607,502,United States,621040,"Other men's or boys' garments,made up of fabrics of heading 59.03, 59.06 or 59.07",27866250.0
202607,502,United States,621050,"Other women's or girls' garment,made up of fabrics of heading 59.03, 59.06 or 59.07",35599803.0
202607,502,United States,621111,Men's or boys' swimwear,838507.0
202607,502,United States,621112,Women's or girls' swimwear,2109920.0
202607,502,United States,621120,Ski suits,1496507.0
202607,502,United States,621132,"Men's or boys' tracksuits and other garments, n.e.s. of cotton",7280494.0
202607,502,United States,621133,"Men's or boys' tracksuits and other garments, n.e.s. of man-made fibres",25270765.0
202607,502,United States,621139,"Men's or boys' tracksuits and other garments, n.e.s. of textile materials (excluding of cotton or man-made fibres, knitted or crocheted)",1178040.0
202607,502,United States,621142,"Women's or girls' tracksuits and other garments, n.e.s. of cotton",14205172.0
202607,502,United States,621143,"Women's or girls' tracksuits and other garments, n.e.s. of man-made fibres",53693218.0
202607,502,United States,621149,"Women's or girls' tracksuits and other garments, n.e.s. of textile materials (excluding of cotton or man-made fibres, knitted or crocheted and goods of 9619)",3942513.0
202607,502,United States,621210,"Brassieres of all types of textile materials, whether or not elasticated, incl. knitted or crocheted",70481536.0
202607,502,United States,621220,"Girdles and panty girdles of all types of textile materials, whether or not elasticated, incl. knitted or crocheted (excluding belts and corselets made entirely of rubber)",2729031.0
202607,502,United States,621230,"Corselettes of all types of textile materials, whether or not elasticated, incl. knitted or crocheted",7610707.0
202607,502,United States,621290,"Corsets, braces, garters, suspenders and similar articles and parts thereof, incl. parts of brassieres, girdles, panty girdles and corselettes, of all types of textile materials, whether or not elasticated, incl. knitted or crocheted (excluding complete brassieres, girdles, panty girdles and corselettes)",3531831.0
202607,502,United States,621320,"Handkerchiefs of cotton, of which no side exceeds 60 cm",1494921.0
202607,502,United States,621390,"Handkerchiefs of textile materials, of which no side exceeds 60 cm (excluding of cotton, and knitted or crocheted)",609543.0
202607,502,United States,621410,"Shawls, scarves, mufflers, mantillas, veils and similar articles of silk or silk waste",2268008.0
202607,502,United States,621420,"Shawls, scarves, mufflers, mantillas, veils and similar articles of wool or fine animal hair",2003044.0
202607,502,United States,621430,"Shawls, scarves, mufflers, mantillas, veils and similar articles of synthetic fibres",13979874.0
202607,502,United States,621440,"Shawls, scarves, mufflers, mantillas, veils and similar articles of artificial fibres",944949.0
202607,502,United States,621490,"Shawls, scarves, mufflers, mantillas, veils and similar articles of textile materials (excluding of silk, silk waste, wool, fine animal hair or man-made fibres, knitted or crocheted)",1906358.0
202607,502,United States,621510,"Ties, bow ties and cravats of silk or silk waste",1431820.0
202607,502,United States,621520,"Ties, bow ties and cravats of man-made fibres",5038256.0
202607,502,United States,621590,"Ties, bow ties and cravats of textile materials (excluding of silk, silk waste or man-made fibres, knitted or crocheted)",211444.0
202607,502,United States,621600,"Gloves, mittens and mitts, of all types of textile materials (excluding knitted or crocheted and for babies)",19561805.0
202607,502,United States,621710,"Made-up clothing accessories, of all types of textile materials, n.e.s.",7454892.0
202607,502,United States,621790,"Parts of garments or clothing accessories, of all types of textile materials, n.e.s.",615381.0
202607,502,United States,630110,Electric blankets of all types of textile materials,31752750.0
202607,502,United States,630120,Blankets and travelling rugs of wool or fine animal hair,3273939.0
202607,502,United States,630130,Blankets and travelling rugs of cotton,4918302.0
202607,502,United States,630140,Blankets and travelling rugs of synthetic fibres,148637772.0
202607,502,United States,630190,Blankets and travelling rugs of textile materials,1395746.0
202607,502,United States,630210,"Bedlinen, knitted or crocheted",16685156.0
202607,502,United States,630221,Printed bedlinen of cotton,4539654.0
202607,502,United States,630222,Printed bedlinen of man-made fibres,17549832.0
202607,502,United States,630229,"Printed bedlinen of textile materials (excluding cotton and man-made fibres, knitted or crocheted)",123407.0
202607,502,United States,630231,"Bedlinen of cotton (excluding printed, knitted or crocheted)",23062512.0
202607,502,United States,630232,"Bedlinen of man-made fibres (excluding printed, knitted or crocheted)",66283247.0
202607,502,United States,630239,"Bedlinen of textile materials (excluding of cotton and man-made fibres, printed, knitted or crocheted)",18963775.0
202607,502,United States,630240,"Table linen, knitted or crocheted",5464874.0
202607,502,United States,630251,Table linen of cotton,3155064.0
202607,502,United States,630253,Table linen of man-made fibres,30403568.0
202607,502,United States,630259,"Table linen of textile materials (excluding of cotton or man-made fibres, knitted or crocheted)",2206789.0
202607,502,United States,630260,"Toilet linen and kitchen linen, of terry towelling or similar terry fabrics of cotton (excluding floorcloths, polishing cloths, dishcloths and dusters)",33298702.0
202607,502,United States,630291,"Toilet linen and kitchen linen of cotton (excluding of terry fabrics, floorcloths, polishing cloths, dishcloths and dusters)",2712433.0
202607,502,United States,630293,"Toilet linen and kitchen linen of flax (excluding floor-cloths, polishing-cloths, dish-cloths and dusters)",28520266.0
202607,502,United States,630299,Toilet linen and kitchen linen of textile materials,958243.0
202607,502,United States,630312,"Curtains, incl. drapes, and interior blinds, curtain or bed valances of synthetic fibres, knitted or crocheted (excluding awnings and sunblinds)",2683853.0
202607,502,United States,630319,"Curtains, incl. drapes, and interior blinds, curtain or bed valances, knitted or crocheted (excluding of synthetic fibres, awnings and sunblinds)",1078233.0
202607,502,United States,630391,"Curtains, incl. drapes, and interior blinds, curtain or bed valances of cotton (excluding knitted or crocheted, awnings and sunblinds)",570346.0
202607,502,United States,630392,"Curtains, incl. drapes, and interior blinds, curtain or bed valances of synthetic fibres (excluding knitted or crocheted, awnings and sunblinds)",95427138.0
202607,502,United States,630399,"Curtains, incl. drapes, and interior blinds, curtain or bed valances of textile materials (excluding of cotton and synthetic fibres, knitted or crocheted, awnings and sunblinds)",4993120.0
202607,502,United States,630411,Knitted or crocheted bedspreads,7009815.0
202607,502,United States,630419,Bedspreads of all types of textile materials,8039962.0
202607,502,United States,630491,"Articles for interior furnishing, knitted or crocheted (excluding blankets and travelling rugs, bedlinen, table linen, toilet linen, kitchen linen, curtains, incl. drapes, interior blinds, curtain or bed valances, bedspreads, lampshades and articles of heading 9404)",17689274.0
202607,502,United States,630492,"Articles for interior furnishing, of cotton (excluding knitted or crocheted, blankets and travelling rugs, bedlinen, table linen, toilet linen, kitchen linen, curtains, incl. drapes, interior blinds, curtain or bed valances, bedspreads, lampshades and articles of heading 9404)",1539960.0
202607,502,United States,630493,"Articles for interior furnishing, of synthetic fibres (excluding knitted or crocheted, blankets and travelling rugs, bedlinen, table linen, toilet linen, kitchen linen, curtains, incl. drapes, interior blinds, curtain or bed valances, bedspreads, lampshades and articles of heading 9404)",35549755.0
202607,502,United States,630499,"Articles for interior furnishing, of textile materials (excluding of cotton or synthetic fibres, knitted or crocheted, blankets and travelling rugs, bedlinen, table linen, toilet linen, kitchen linen, curtains, incl. drapes, interior blinds, curtain or bed valances, bedspreads, lampshades and articles of heading 9404)",833302.0
202607,502,United States,630510,"Sacks and bags, for the packing of goods, of jute or other textile bast fibres of heading 5303",256708.0
202607,502,United States,630520,"Sacks and bags, for the packing of goods, of cotton",567960.0
202607,502,United States,630532,"Flexible intermediate bulk containers, for the packing of goods, of synthetic or man-made textile materials",2767290.0
202607,502,United States,630533,"Sacks and bags, for the packing of goods, of polyethylene or polypropylene strip or the like (excluding flexible intermediate bulk containers)",4832230.0
202607,502,United States,630539,"Sacks and bags, for the packing of goods, of man-made textile materials (excluding of polyethylene or polypropylene strip or the like, and flexible intermediate bulk containers)",2458750.0
202607,502,United States,630590,"Sacks and bags, for the packing of goods, of textile materials (excluding man-made, cotton, jute or other textile bast fibres of heading 5303)",1060651.0
202607,502,United States,630612,"Tarpaulins, awnings and sunblinds of synthetic fibres (excluding flat covers of light fabrics made up as tarpaulins)",27744794.0
202607,502,United States,630619,"Tarpaulins, awnings and sunblinds of textile materials (excluding of synthetic fibres and flat covers of light fabrics made up as tarpaulins)",5111879.0
202607,502,United States,630622,Tents of synthetic fibres (including temporary canopies and similar articles) :,33727060.0
202607,502,United States,630629,"Tents of textile materials (excluding of synthetic fibres, and umbrella and play tents)",4211081.0
202607,502,United States,630630,"Sails for boats, sailboards or landcraft, of textile materials",133838.0
202607,502,United States,630640,Pneumatic mattresses of textile materials,6842366.0
202607,502,United States,630690,"Camping goods of textile materials (excluding tents, awnings and sunblinds, sails, pneumatic mattresses, rucksacks, knapsacks and similar receptacles, filled sleeping bags, mattresses and cushions)",4263925.0
202607,502,United States,630710,"Floorcloths, dishcloths, dusters and similar cleaning cloths",33183699.0
202607,502,United States,630720,Lifejackets and lifebelts,4021124.0
202607,502,United States,630790,"Made-up articles of textile materials, incl. dress patterns, n.e.s.",213836700.0
202607,502,United States,630800,"Sets consisting of woven fabric and yarn, whether or not with accessories, for making up into rugs, tapestries, embroideredtable cloths or serviettes, or similar textile articles, put up in packings for retail sale.",1398505.0
202607,502,United States,630900,Worn clothing and other worn articles.,5974.0
202607,502,United States,631010,"Used or new rags, scrap twine, cordage, rope and cables and worn-out articles thereof, of textile materials, sorted",25516.0
202607,502,United States,631090,"Used or new rags, scrap twine, cordage, rope and cables and worn-out articles thereof, of textile materials (excluding sorted)",672.0
202607,502,United States,640110,Footwear incorporating a protective metal toecap,375704.0
202607,502,United States,640192,"Waterproof footwear with outer soles and uppers of rubber or of plastics,covering the ankle but not covering the knee",13673929.0
202607,502,United States,640199,"Waterproof footwear with outer soles and uppers of rubber or of plastics,nes",2238776.0
202607,502,United States,640212,"Skiboots, crosscountry ski footwear and snowboard boots",1535392.0
202607,502,United States,640219,"Sports footwear with outer soles and uppers of rubber or plastics,other",6580705.0
202607,502,United States,640220,"Footwear of rubber or plastics,with upper straps or thongs assembled to the sole by means of plugs",3327802.0
202607,502,United States,640291,"Other footwear with outer soles and uppers of rubber or of plastics,covering the ankle",99611919.0
202607,502,United States,640299,"Footwear with outer soles and uppers of rubber or plastics, nes",206906698.0
202607,502,United States,640312,"Skiboots, crosscountry ski footwear and snowboard boots",9591.0
202607,502,United States,640319,"Sports footwear, with outer soles of rubber, plastics, leather or composition leather and uppers of leather,other",3392347.0
202607,502,United States,640320,"Footwear with outer soles of leather, and uppers which consist of leather straps across the instep and around the big toe",42567.0
202607,502,United States,640340,"Other footwear, incorporating a protective metal toecap",5631934.0
202607,502,United States,640351,"Footwear with outer soles and uppers of leather, covering the ankle",1097539.0
202607,502,United States,640359,Footwear with outer soles and uppers of leather,2940843.0
202607,502,United States,640391,"Footwear with outer soles of rubber, plastics or composition leather, with uppers of leather, covering the ankle",55851425.0
202607,502,United States,640399,"Other Footwear with outer soles of rubber, plastics or composition leather, with uppers of leather",94626902.0
202607,502,United States,640411,"Sports footwear; tennis shoes, basketball shoes, gym shoes, training shoes and the like",13031583.0
202607,502,United States,640419,"Footwear with outer soles of rubber or plastics and uppers of textile materials, Other",227684009.0
202607,502,United States,640420,Footwear with outer soles of leather or composition leather,1938331.0
202607,502,United States,640510,Footwear with uppers of leather or composition leather,454343.0
202607,502,United States,640520,Footwear with uppers of textile materials,25529414.0
202607,502,United States,640590,"Footwear with outer soles of rubber or plastics, with uppers other than rubber, plastics, leather or textile materials; footwear with outer soles of leather or composition leather, with uppers other than leather or textile materials; footwear with outer soles of wood, cork, paperboard, furskin, felt, straw, loofah, etc., with uppers other than leather, composition leather or textile materials, n.e.s.",8481980.0
202607,502,United States,640610,"Uppers and parts thereof, other than stiffeners",1101319.0
202607,502,United States,640620,"Outer soles and heels, of rubber or plastics",664798.0
202607,502,United States,640690,"Parts of footwear; removable in-soles, heel cushions and similar articles; gaiters, leggings and similar articles, and parts thereof (excluding outer soles and heels of rubber or plastics, uppers and parts thereof other than stiffeners, and general parts made of asbestos)",11811728.0
202607,502,United States,650100,"Hatforms, hat bodies and hoods of felt, neither blocked to shape nor with made brims; plateaux and manchons (including slit manchons), of felt",92740.0
202607,502,United States,650200,"Hatshapes, plaited or made by assembling strips of any material, neither blocked to shape, nor with made brims, nor lined, nor trimmed",923921.0
202607,502,United States,650400,"Hats and other headgear, plaited or made by assembling strips of any material, whether or not lined or trimmed",2869378.0
202607,502,United States,650500,"Hats and other headgear, knitted or crocheted, or made up from lace, felt or other textile fabric, in the piece (but not in strips), whether or not lined or trimmed; hairnets of any material, whether or not lined or trimmed",98551232.0
202607,502,United States,650610,Safety headgear,29468556.0
202607,502,United States,650691,Headgear of rubber or of plastics,2527156.0
202607,502,United States,650699,Headgear of other materials,5108694.0
202607,502,United States,650700,"Headbands, linings, covers, hat foundations, hat frames, peaks and chinstraps, for headgear",2272218.0
202607,502,United States,660110,Garden or similar umbrellas,8701946.0
202607,502,United States,660191,Umbrellas with a telescopic shaft,8584124.0
202607,502,United States,660199,"Umbrellas and sun umbrellas, incl. walking-stick umbrellas (excluding umbrellas having a telescopic shaft, garden umbrellas and the like, and toy umbrellas)",3762443.0
202607,502,United States,660200,"Walkingsticks, seatsticks, whips, ridingcrops and the like",4863810.0
202607,502,United States,660320,"Umbrella frames, including frames mounted on shafts (sticks)",767681.0
202607,502,United States,660390,"Parts, trimmings and accessories for umbrellas and sun umbrellas of heading 6601 or for walking sticks, seat-sticks, whips, riding-crops and the like of heading 6602 (excluding umbrella frames, incl. frames mounted on shafts sticks"")""",1409005.0
202607,502,United States,670100,"Skins and other parts of birds with their feathers or down, feathers, parts of feathers, down and articles thereof (other than goods of heading 05.05 and worked quills and scapes).",2464002.0
202607,502,United States,670210,"Artificial flowers, foliage and fruit and parts thereof, and articles made of artificial flowers, foliage or fruit, by binding, glueing, fitting into one another or similar methods, of plastics",78597612.0
202607,502,United States,670290,"Artificial flowers, foliage and fruit and parts thereof, and articles made of artificial flowers, foliage or fruit, by binding, glueing, fitting into one another or similar methods (excluding of plastics)",26480996.0
202607,502,United States,670300,"Human hair, dressed, thinned, bleached or otherwise worked; wool or other animal hair or other textile materials, prepared for use in making wigs or the like.",64948.0
202607,502,United States,670411,Complete wigs of synthetic textile materials,13224330.0
202607,502,United States,670419,"False beards, eyebrows and eyelashes, switches and the like, of synthetic textile materials (excluding complete wigs)",45559325.0
202607,502,United States,670420,"Wigs, false beards, eyebrows and eyelashes, switches and the like, of human hair, and articles of human hair, n.e.s.",162291557.0
202607,502,United States,670490,"Wigs, false beards, eyebrows and eyelashes, switches and the like, of animal hair or textile materials (excluding synthetic textile materials)",1496607.0
202607,502,United States,680100,"Setts, curbstones and flagstones, of natural stone (except slate).",60057.0
202607,502,United States,680210,"Tiles, cubes and similar articles, whether or not rectangular (including square), the largest face of which is capable of being enclosed in a square the side of which is less than 7cm; artificially coloured granules, chippings and powder",111770.0
202607,502,United States,680221,"Marble, travertine and alabaster articles thereof, simply cut or sawn, with a flat or even surface",59741.0
202607,502,United States,680223,"Granite and articles thereof, simply cut or sawn, with a flat or even surface",72838.0
202607,502,United States,680229,"Monumental or building stone and articles thereof, simply cut or sawn, with a flat or even surface",19341.0
202607,502,United States,680291,"Marble, travertine and alabaster, in any form",12196403.0
202607,502,United States,680292,"Calcareous stone, in any form",143740.0
202607,502,United States,680293,"Granite, in any form, polished, decorated or otherwise worked",5278931.0
202607,502,United States,680299,"Monumental or building stone, in any form, polished, decorated or otherwise worked",3576807.0
202607,502,United States,680300,Worked slate and articles of slate or of agglomerated slate.,1753104.0
202607,502,United States,680410,"Millstones and grindstones for milling, grinding or pulping",144470.0
202607,502,United States,680421,"Millstones, grindstones, grinding wheels and the like, without frameworks, for sharpening, polishing, trueing or cutting, of agglomerated synthetic or natural diamond",781574.0
202607,502,United States,680422,"Millstones, grindstones, grinding wheels and the like, without frameworks, for sharpening, polishing, trueing or cutting, of agglomerated abrasives or ceramics",1857502.0
202607,502,United States,680423,"Millstones, grindstones, grinding wheels and the like, without frameworks, for sharpening, polishing, trueing or cutting, of natural stone",82970.0
202607,502,United States,680430,Hand sharpening or polishing stones,354265.0
202607,502,United States,680510,"Natural or artificial abrasive powder or grain, on a base of woven textile fabric only",1356026.0
202607,502,United States,680520,"Natural or artificial abrasive powder or grain, on a base of paper or paperboard only",1778846.0
202607,502,United States,680530,"Natural or artificial abrasive powder or grain, on a base of other materials",1209251.0
202607,502,United States,680610,"Slag wool, rock wool and similar mineral wools (including intermixtures thereof), in bulk, sheets or rolls",1403886.0
202607,502,United States,680620,"Exfoliated vermiculite, expanded clays, foamed slag and similar expanded mineral materials (including intermixtures thereof)",24829.0
202607,502,United States,680690,"Mixtures and articles of heat-insulating, sound-insulating or sound absorbing mineral materials",713962.0
202607,502,United States,680710,"Articles of asphalt or of similar materials, e.g. petroleum bitumen or coal tar pitch, in rolls",47087.0
202607,502,United States,680790,"Articles of asphalt or of similar materials, e.g. petroleum bitumen or coal tar pitch (excluding in rolls)",43461.0
202607,502,United States,680800,"Panels, boards, tiles, blocks and similar articles of vegetable fibre, of straw or of shavings, chips, particles, sawdust or other waste, of wood, agglomerated with cement, plaster or other mineral binders",1155485.0
202607,502,United States,680911,"Boards, sheets, panels, tiles and similar articles, of plaster or compositions based on plaster, faced or reinforced with paper or paperboard only",6694.0
202607,502,United States,680919,"Boards, sheets, panels, tiles and similar articles, of plaster or compositions based on plaster",15747.0
202607,502,United States,680990,Articles of plaster or of compositions based on plaster,35236.0
202607,502,United States,681011,"Building blocks and bricks of cement, concrete or artificial stone, whether or not reinforced",55145.0
202607,502,United States,681019,"Tiles, flagstones, bricks and similar articles, of cement, concrete or artificial stone (excluding building blocks and bricks)",8572260.0
202607,502,United States,681091,"Prefabricated structural components for building or civil engineering of cement, concrete or artificial stone, whether or not reinforced",130786.0
202607,502,United States,681099,"Articles of cement, concrete or artificial stone, whether or not reinforced (excluding prefabricated structural components for building or civil engineering, tiles, paving, bricks and the like)",6962368.0
202607,502,United States,681182,"Sheets, panels, paving, tiles and similar articles, of cellulose fibre-cement or the like, not containing asbestos (excluding corrugated sheets)",1787575.0
202607,502,United States,681189,"Articles of cellulose fibre-cement or the like, not containing asbestos (excluding corrugated and other sheets, panels, tiles and similar articles)",24581.0
202607,502,United States,681291,"Clothing, clothing accessories, footwear and headgear of asbestos or of mixtures with a basis of asbestos or a basis of asbestos and magnesium carbonate",300.0
202607,502,United States,681320,"Friction material and articles thereof, e.g. sheets, rolls, strips, segments, discs, washers and pads, for clutches and the like, not mounted, containing asbestos, whether or not combined with textile or other materials",2784.0
202607,502,United States,681381,"Brake linings and pads, with a basis of mineral substances or cellulose, whether or not combined with textile or other materials (excluding containing asbestos)",2360.0
202607,502,United States,681389,"Friction material and articles thereof, e.g. sheets, rolls, strips, segments, discs, washers and pads, for clutches and the like, with a basis of mineral substances or cellulose, whether or not combined with textile or other materials (excluding containing asbestos, and brake linings and pads)",156478.0
202607,502,United States,681410,"Plates, sheets and strips of agglomerated or reconstituted mica,whether or not on a support",645923.0
202607,502,United States,681490,"Worked mica and articles of mica (excluding electrical insulators, insulating fittings, resistors and capacitors, protective goggles of mica and their glasses, mica in the form of Christmas tree decorations, and plates, sheets and strips of agglomerated or reconstituted mica, whether or not on supports)",179779.0
202607,502,United States,681511,Carbon fibres,73860.0
202607,502,United States,681512,Carbon cloth、Other articles of carbon fibres,379080.0
202607,502,United States,681513,Pre-preg material of carbon fibres、Other Non-electrical articles of carbon fibres,5405781.0
202607,502,United States,681519,Non-electrical articles of graphite or other carbon,784415.0
202607,502,United States,681591,"Articles of stone or other mineral substances, nes containing magnesite, dolomite or chromite",159780.0
202607,502,United States,681599,"Articles of stone or other mineral substances, nes (excluding containing magnesite, dolomite or chromite and articles of graphite or other carbon)",405995.0
202607,502,United States,690100,"Bricks, blocks, tiles and other ceramic goods of siliceous fossil meals (for example, kieselguhr, tripolite or diatomite) or of similar siliceous earths",28931.0
202607,502,United States,690210,"Refractory bricks, blocks, tiles and similar refractory ceramic constructional goods containing, by weight, singly or together, ＞ 50% of the elements Mg, Ca or Cr, expressed as MgO, CaO or Cr2O3",262589.0
202607,502,United States,690220,"Refractory bricks, blocks, tiles and similar refractory ceramic constructional goods containing, by weight, ＞ 50% alumina, silica or a mixture or compound of these products (excluding those of siliceous fossil meals or similar siliceous earths)",795475.0
202607,502,United States,690290,"Refractory bricks, blocks, tiles and similar refractory ceramic constructional goods (excluding containing, by weight, singly or together, ＞ 50% of the elements Mg, Ca or Cr, expressed as MgO, CaO or Cr2O3, containing, by weight, ＞ 50% alumina, silica or a mixture or compound of these products and those of siliceous fossil meals or similar siliceous earths)",245692.0
202607,502,United States,690320,"Retorts, crucibles, mufflers, nozzles, plugs, supports, cupels, tubes, pipes, sheaths, rods and other refractory ceramic goods, containing ＞ 50% alumina, or a compound of alumina and silica (excluding refractory bricks, blocks, tiles and similar refractory ceramic constructional goods)",423830.0
202607,502,United States,690390,"Retorts, crucibles, mufflers, nozzles, plugs, supports, cupels, tubes, pipes, sheaths, rods and other refractory ceramic goods (excluding those of siliceous fossil meals or similar siliceous earths, those of heading 6902, containing ＞ 50% carbon or containing ＞ 50% by weight of alumina [Al203] or a mixture or compound of alumina and silica [SiO2])",472914.0
202607,502,United States,690410,"Building bricks (excluding those of siliceous fossil meals or similar siliceous earths, and refractory bricks of heading 6902)",39876.0
202607,502,United States,690490,"Ceramic flooring blocks, support or filler tiles and the like (excluding those of siliceous fossil meals or similar siliceous earths, refractory bricks of heading 6902, and flags and pavings, hearth and wall tiles of heading 6907 and 6908, and building bricks)",109275.0
202607,502,United States,690510,Roofing tiles of porcelain,2881.0
202607,502,United States,690590,"Ceramic chimney pots, cowls, chimney liners, architectural ornaments and other ceramic constructional goods (excluding of siliceous fossil meals or similar siliceous earths, refractory ceramic constructional components, pipes and other components for drainage and similar purposes, and roofing tiles)",58664.0
202607,502,United States,690600,"Ceramic pipes, conduits, guttering and pipe fittings",93681.0
202607,502,United States,690721,"Ceramic flags and paving, hearth or wall tiles, of a water absorption coefficient by weight ≤ 0,5 % (excl. refractory, mosaic cubes and finishing ceramics)",482974.0
202607,502,United States,690722,"Ceramic flags and paving, hearth or wall tiles, of a water absorption coefficient by weight ＞ 0,5 % but ≤ 10 % (excl. refractory, mosaic cubes and finishing ceramics)",97699.0
202607,502,United States,690723,"Ceramic flags and paving, hearth or wall tiles, of a water absorption coefficient by weight ＞ 10 % (excl. refractory, mosaic cubes and finishing ceramics)",30612.0
202607,502,United States,690730,"Ceramic mosaic cubes and the like, whether or not on a backing (excl. refractory and finishing ceramics)",30038.0
202607,502,United States,690740,Finishing ceramics (excl. refractory),42907.0
202607,502,United States,690911,"Ceramic wares for laboratory, chemical or other technical uses, of porcelain or china (excluding refractory ceramic goods, electrical devices, insulators and other electrical insulating fittings)",2532424.0
202607,502,United States,690912,"Ceramic articles having a hardness equivalent to ≥ 9 on the Mohs scale, for chemical or other technical uses (excluding of porcelain or china, refractory ceramic goods, electrical devices, insulators and other electrical insulating fittings)",1546037.0
202607,502,United States,690919,"Ceramic wares for chemical or other technical uses (excluding of porcelain or china, articles having a hardness equivalent to ≥ 9 on the Mohs scale, millstones, polishing stones, grindstones and the like of heading 6804, refractory ceramic goods, electrical devices, insulators and other electrical insulating fittings)",1951573.0
202607,502,United States,690990,"Ceramic troughs, tubs and similar receptacles of a kind used in agriculture; ceramic pots, jars and similar articles of a kind used for the conveyance or packing of goods (excluding general-purpose storage vessels for laboratories, containers for shops and household articles)",57117.0
202607,502,United States,691010,"Ceramic sinks, washbasins, washbasin pedestals, baths, bidets, water closet pans, flushing cisterns, urinals and similar sanitary fixtures of porcelain or china (excluding soap dishes, sponge holders, tooth-brush holders, towel hooks and toilet paper holders)",53825662.0
202607,502,United States,691090,"Ceramic sinks, washbasins, washbasin pedestals, baths, bidets, water closet pans, flushing cisterns, urinals and similar sanitary fixtures (excluding of porcelain or china, soap dishes, sponge holders, tooth-brush holders, towel hooks and toilet paper holders)",31635.0
202607,502,United States,691110,Tableware and kitchenware of porcelain or china,60322623.0
202607,502,United States,691190,"Household and toilet articles, of porcelain or china (excluding tableware and kitchenware, baths, bidets, sinks and similar sanitary fixtures, statuettes and other ornamental articles, pots, jars, carboys and similar receptacles for the conveyance or packing of goods, and coffee grinders and spice mills with receptacles made of ceramics and working parts of metal)",2328070.0
202607,502,United States,691200,"Geramic tableware, kitchenware, other household articles and toilet articles, other than of porcelain or china.",7866424.0
202607,502,United States,691310,"Statuettes and other ornamental articles of porcelain or china, n.e.s.",8577286.0
202607,502,United States,691390,"Statuettes and other ornamental ceramic articles, n.e.s. (excluding of porcelain or china)",6400676.0
202607,502,United States,691410,"Ceramic articles of porcelain or china, n.e.s.",2938442.0
202607,502,United States,691490,"Ceramic articles, n.e.s. (excluding of porcelain or china)",4869650.0
202607,502,United States,700100,"Cullet and other waste and scrap of glass, excluding glass from cathode ray tubes or other activated glass of heading 85.49; glass in the mass.",319786.0
202607,502,United States,700210,"Glass in balls, unworked (excluding glass microspheres ≤ 1 mm in diameter, glass balls of the nature of a toy)",427679.0
202607,502,United States,700220,"Rods of glass, unworked",398451.0
202607,502,United States,700231,"Tubes of fused quartz or other fused silica, unworked",555297.0
202607,502,United States,700232,"Tubes of glass having a linear coefficient of expansion ≤ 5 x 10-6 per kelvin within a temperature range of 0°C to 300°C, unworked (excluding tubes of glass having a linear coefficient of expansion ≤ 5 x 10-6 per kelvin within a temperature range of 0°C to 300°C)",27828.0
202607,502,United States,700239,"Tubes of glass, unworked (excluding tubes of glass having a linear coefficient of expansion ≤ 5 x 10-6 per kelvin within a temperature range of 0°C to 300°C or of fused quartz or other fused silica)",44191.0
202607,502,United States,700312,"Coloured throughout the mass (body tinted), opacified, flashed or having an absorbent, reflecting or nonreflecting layer",766.0
202607,502,United States,700319,"Cast glass and rolled glass, in non-wired sheets, not otherwise worked (excluding glass coloured throughout the mass body tinted"", opacified, flashed or having an absorbent, reflecting or non-reflecting layer)""",317100.0
202607,502,United States,700330,"Profiles of glass, whether or not having an absorbent, reflecting or non-reflecting layer, but not otherwise worked",110.0
202607,502,United States,700420,"Glass, coloured throughout the mass (body tinted), opacified, flashed or having an absorbent, reflecting or nonreflecting layer",509.0
202607,502,United States,700490,"Sheets of glass, drawn or blown, but not otherwise worked",2902.0
202607,502,United States,700510,"Nonwired glass, having an absorbent, reflecting or nonreflecting layer",407.0
202607,502,United States,700521,"Coloured throughout the mass (body tinted), opacified, flashed or merely surface ground",1604.0
202607,502,United States,700529,"Float glass and surface ground and polished glass, in sheets, but not otherwise worked, other",416465.0
202607,502,United States,700600,"Glass of heading 70.03, 70.04 or 70.05, bent, edgeworked, engraved, drilled, enamelled or otherwise worked, but not framed or fitted with other materials.",2552335.0
202607,502,United States,700711,"Toughened tempered"" safety glass, of size and shape suitable for incorporation in motor vehicles, aircraft, spacecraft, vessels and other vehicles""",5348348.0
202607,502,United States,700719,"Toughened tempered"" safety glass (excluding glass of size and shape suitable for incorporation in motor vehicles, aircraft, spacecraft, vessels and other vehicles, and lenses for spectacles and goggles, etc., and for clocks and watches)""",57024385.0
202607,502,United States,700721,"Laminated safety glass, of size and shape suitable for incorporation in motor vehicles, aircraft, spacecraft, vessels and other vehicles (excluding multiple-walled insulating units of glass)",2954692.0
202607,502,United States,700729,"Laminated safety glass (excluding glass of size and shape suitable for incorporation in motor vehicles, aircraft, spacecraft, vessels or other vehicles, multiple-walled insulating units)",978707.0
202607,502,United States,700800,Multiplewalled insulating units of glass.,739116.0
202607,502,United States,700910,"Rear-view mirrors, whether or not framed, for vehicles",6235990.0
202607,502,United States,700991,"Glass mirrors, unframed",4694816.0
202607,502,United States,700992,"Glass mirrors, framed",25098193.0
202607,502,United States,701010,Ampoules,262184.0
202607,502,United States,701020,"Stoppers, lids and other closures, of glass",512524.0
202607,502,United States,701090,"Carboys, bottles, flasks, jars, pots, phials and other containers, of glass, of a kind used for the commercial conveyance or packing of goods, and preserving jars, of glass (excluding ampoules, glass inners for containers, with vacuum insulation, perfume atomizers, flasks, bottles etc. for atomizers)",29090948.0
202607,502,United States,701110,"Glass envelopes, incl. bulbs and tubes, open, and glass parts thereof, without fittings, for electric lamps and light sources",61568.0
202607,502,United States,701190,"Glass envelopes, incl. bulbs and tubes, open, and glass parts thereof, without fittings, for electric lamps and the like (excluding cathode ray tubes and for electric lighting)",3978.0
202607,502,United States,701310,"Glassware of glass ceramics, of a kind used for table, kitchen, toilet, office, indoor decoration or similar purposes (excluding goods of heading 7018, cooking hobs, leaded lights and the like, lighting fittings and parts thereof, atomizers for perfume and the like)",538308.0
202607,502,United States,701322,"Drinking glasses, stemware, of lead crystal",1689.0
202607,502,United States,701328,"Drinking glasses, stemware (excluding of glass ceramics or of lead crystal)",4014045.0
202607,502,United States,701333,Drinking glasses of lead crystal (excluding stemware),20551.0
202607,502,United States,701337,Drinking glasses (excluding glasses of glass ceramics or of lead crystal and stemware),19268458.0
202607,502,United States,701341,"Glassware of lead crystal, of a kind used for table or kitchen purposes (excluding articles of heading 7018, drinking glasses, glass preserving jars sterilising jars"", vacuum flasks and other vacuum vessels)""",5662.0
202607,502,United States,701342,"Glassware for table or kitchen purposes of glass having a linear coefficient of expansion ≤ 5 x 10 -6 per kelvin within a temperature range of 0°C to 300°C (excluding glassware of glass ceramics or lead crystal, articles of heading 7018, drinking glasses, glass preserving jars sterilising jars"", vacuum flasks and other vacuum vessels)""",6066780.0
202607,502,United States,701349,"Glassware for table or kitchen purposes (excluding glass having a linear coefficient of expansion ≤ 5 x 10 -6 per kelvin within a temperature range of 0°C to 300°C, glassware of glass ceramics or lead crystal, articles of heading 7018, drinking glasses, glass preserving jars sterilising jars"", vacuum flasks and other vacuum vessels)""",17948066.0
202607,502,United States,701391,"Glassware, of lead crystal, of a kind used for toilet, office, indoor decoration or similar purposes (excluding glassware of a kind used for table or kitchen purposes, glassware of glass ceramics or lead crystal, articles of heading 7018, mirrors, leaded lights and the like, lighting fittings and parts thereof, atomizers for perfume and the like)",149396.0
202607,502,United States,701399,"Glassware of a kind used for toilet, office, indoor decoration or similar purposes (excluding glassware of lead crystal or of a kind used for table or kitchen purposes, articles of heading 7018, mirrors, leaded lights and the like, lighting fittings and parts thereof, atomizers for perfume and the like)",11917950.0
202607,502,United States,701400,"Signalling glassware and optical elements of glass (other than those of heading 70.15), not optically worked.",343304.0
202607,502,United States,701590,"Clock or watch glasses and similar glasses, glasses for non-corrective spectacles, curved, bent, hollowed or the like, but not optically worked, hollow glass spheres and their segments, for the manufacture of such glasses incl. glasses for corrective spectacles (excluding flat glass for such purposes and glasses for corrective spectacles)",2042.0
202607,502,United States,701610,"Glass cubes and other glass smallwares, whether or not on a backing, for mosaics or similar decorative purposes",3473089.0
202607,502,United States,701690,"Paving blocks, slabs, bricks, squares, tiles and other articles of pressed or moulded glass, whether or not wired, for building or construction purposes (excluding laminated safety glass and multiple-walled insulating units of glass); leaded lights and the like, multicellular or foam glass in blocks, panels, plates, shells or similar forms (excluding glass cubes and other glass smallwares for mosaics or similar decorative purposes)",2954253.0
202607,502,United States,701710,"Laboratory, hygienic or pharmaceutical glassware, whether or not graduated or calibrated, of fused quartz or other fused silica (excluding containers for the conveyance or packing of goods, measuring, checking or medical instruments and apparatus of chapter 90)",397233.0
202607,502,United States,701720,"Laboratory, hygienic or pharmaceutical glassware, whether or not graduated or calibrated, having a linear coefficient of expansion ≤ 5 x 10 -6 per kelvin within a temperature range of 0°C to 300°C (excluding glass of fused quartz or other fused silica, containers for the conveyance or packing of goods, measuring, checking or medical instruments and apparatus of chapter 90)",521726.0
202607,502,United States,701790,"Laboratory, hygienic or pharmaceutical glassware, whether or not graduated or calibrated (excluding glass having a linear coefficient of expansion ≤ 5 x 10 -6 per kelvin within a temperature range of 0°C to 300°C or of fused quartz or other fused silica, containers for the conveyance or packing of goods, measuring, checking or medical instruments and apparatus of chapter 90)",912080.0
202607,502,United States,701810,"Glass beads, imitation pearls, imitation precious or semiprecious stones and similar glass smallwares",2155549.0
202607,502,United States,701820,Glass microspheres not exceeding 1 mm in diameter,357382.0
202607,502,United States,701890,"Glass eyes (excluding prosthetic articles); articles of glass beads, or of imitation pearls, imitation precious or semi-precious stones, statuettes and other ornaments of lamp-worked glass (excluding imitation jewellery)",3282987.0
202607,502,United States,701911,"Chopped strands, of a length of not more than 50 mm",5414875.0
202607,502,United States,701912,Rovings,4667601.0
202607,502,United States,701913,"Other yarn, slivers",263358.0
202607,502,United States,701914,Mechanically bonded mats,252089.0
202607,502,United States,701915,Chemically bonded mats,981493.0
202607,502,United States,701919,"Chopped strands, of a length more than 50 mm",470471.0
202607,502,United States,701961,Woven fabrics of glass fibres made from rovings,1990395.0
202607,502,United States,701962,"Webs, mattresses, boards and similar nonwoven products, of glass fibres (excluding mats and thin sheets voiles"")""",1273941.0
202607,502,United States,701963,"Woven fabrics, incl. narrow fabrics, of glass, Uncoated or laminated",926234.0
202607,502,United States,701964,"Woven fabrics, incl. narrow fabrics, of glass, Coated or laminated",323657.0
202607,502,United States,701965,"Woven fabrics, incl. narrow fabrics, of glass, of a width of ≤ 30 cm (excluding rovings)",23997.0
202607,502,United States,701966,"Woven fabrics, incl. narrow fabrics, of glass, of a width of >30 cm (excluding rovings)",167652.0
202607,502,United States,701969,"Woven fabrics of glass fibres, nes",2093866.0
202607,502,United States,701971,"Thin sheets voiles"" of irregularly laminated glass fibres""",1320447.0
202607,502,United States,701972,Other compact fabrics,42657.0
202607,502,United States,701973,Other mesh fabrics,16.0
202607,502,United States,701980,Glass wool and articles,1445065.0
202607,502,United States,701990,"Glass fibres, incl. glass wool, and articles thereof (excluding staple fibres, rovings, yarn, chopped strands, woven fabrics, incl. narrow fabrics, thin sheets voiles"", webs, mats, mattresses and boards and similar nonwoven products, mineral wool and articles thereof, electrical insulators or parts thereof, optical fibres, fibre bundles or cable, brushes of glass fibres, and dolls' wigs)""",9119662.0
202607,502,United States,702000,Other articles of glass,5420593.0
202607,502,United States,710122,"Cultured pearls, worked, whether or not graded, but not strung, mounted or set, worked cultured pearls, temporarily strung for convenience of transport",63524.0
202607,502,United States,710310,"Precious stones and semi-precious stones, unworked or simply sawn or roughly shaped, whether or not graded (excluding diamonds and imitation precious stones and semi-precious stones)",102733.0
202607,502,United States,710399,"Precious and semi-precious stones, worked, whether or not graded, but not strung, mounted or set, precious and semi-precious stones, worked, ungraded, temporarily strung for convenience of transport (excluding precious and semi-precious stones, simply sawn or roughly shaped, diamonds, rubies, sapphires and emeralds, imitation precious stones and semi-precious stones)",31019.0
202607,502,United States,710410,Piezoelectric quartz,94631.0
202607,502,United States,710491,"Diamonds, further worked",48706.0
202607,502,United States,710499,"Syn/reconstr prec/semi-prec stones, furthr workd, for technical use",430658.0
202607,502,United States,710510,"Dust and powder of diamonds, incl. synthetic diamonds",1575897.0
202607,502,United States,710610,"Powder of silver, incl. silver plated with gold or platinum",11450.0
202607,502,United States,710692,"Silver, incl. silver plated with gold or platinum, semi-manufactured",2415.0
202607,502,United States,710700,"Base metals clad with silver, not further worked than semimanufactured.",59774.0
202607,502,United States,711019,"Platinum, in semi-manufactured forms",1618.0
202607,502,United States,711049,"Iridium, osmium and ruthenium, in semi-manufactured forms",19167.0
202607,502,United States,711311,"Articles of jewellery and parts thereof, of silver, whether or not plated or clad with other precious metal (excluding articles ＞ 100 years old)",9930761.0
202607,502,United States,711319,"Articles of jewellery and parts thereof, of precious metal other than silver, whether or not plated or clad with precious metal (excluding articles ＞ 100 years old)",10026703.0
202607,502,United States,711320,"Articles of jewellery and parts thereof, of base metal clad with precious metal (excluding articles ＞ 100 years old)",909936.0
202607,502,United States,711411,"Articles of goldsmiths' or silversmiths' wares or parts thereof, of silver, whether or not plated or clad with other precious metal (excluding jewellery, watch-and clockmakers' wares, musical instruments, weapons, perfume atomizers and heads for these, original sculptures or statuary, collectors' pieces and antiques)",433360.0
202607,502,United States,711419,"Articles of goldsmiths' or silversmiths' wares or parts thereof, of precious metal other than silver, whether or not plated or clad with precious metal (excluding jewellery, watch- and clockmakers' wares, musical instruments, weapons, perfume atomizers and heads for these, original sculptures or statuary, collectors' pieces and antiques)",302597.0
202607,502,United States,711420,"Articles of goldsmiths' or silversmiths' wares and parts thereof, of base metal clad with precious metal (excluding jewellery, watch-and clockmakers' wares, musical instruments, weapons, perfume atomizers and heads for these, original sculptures or statuary, collectors' pieces and antiques)",27886.0
202607,502,United States,711590,"Articles of precious metal or of metal clad with precious metal, n.e.s.",254618.0
202607,502,United States,711610,"Articles of natural or cultured pearls, n.e.s.",278212.0
202607,502,United States,711620,"Articles of precious or semi-precious stones natural, synthetic or reconstructed"", n.e.s.""",5625113.0
202607,502,United States,711711,"Cuff links and studs, of base metal, whether or not clad with silver, gold or platinum",670597.0
202607,502,United States,711719,"Imitation jewellery, of base metal, whether or not plated with precious metal (excluding cuff links and studs)",79620776.0
202607,502,United States,711790,"Imitation jewellery (excluding jewellery, of base metal, whether or not clad with silver, gold or platinum)",15126506.0
202607,502,United States,711810,"Coin (other than gold coin), not being legal tender",246994.0
202607,502,United States,720241,"Ferro-chromium, containing by weight ＞ 4% of carbon",41.0
202607,502,United States,720249,"Ferro-chromium, containing by weight ≤ 4% of carbon",57600.0
202607,502,United States,720299,"Ferro-alloys (excluding ferro-manganese, ferro-silicon, ferro-silico-manganese, ferro-chromium, ferro-silico-chromium, ferro-nickel, ferro-molybdenum, ferro-tungsten, ferro-silico-tungsten, ferro-titanium, ferro-silico-titanium, ferro-vanadium and ferro-niobium)",1344847.0
202607,502,United States,720390,"Spongy ferrous products, obtained from molten pig iron by atomisation, iron of a purity of ≥ 99,94%, in lumps, pellets or similar forms",93890.0
202607,502,United States,720510,"Granules, of pig iron, spiegeleisen, iron or steel (excluding granules of ferro-alloys, turnings and filings of iron or steel, certain small calibre items, defective balls for ball-bearings)",71500.0
202607,502,United States,720521,"Powders, of alloy steel (excluding powders of ferro-alloys and radioactive iron powders isotopes"")""",308222.0
202607,502,United States,720529,"Powders, of pig iron, spiegeleisen, iron or non-alloy steel (excluding powders of ferro-alloys and radioactive iron powders isotopes"")""",104416.0
202607,502,United States,720851,"Flat-rolled products of iron or non-alloy steel, of a width ≥ 600 mm, not in coils, simply hot-rolled, not clad, plated or coated, of a thickness of ＞ 10 mm, without patterns in relief",31288.0
202607,502,United States,720852,"Flat-rolled products of iron or non-alloy steel, of a width of ≥ 600 mm, not in coils, simply hot-rolled, not clad, plated or coated, of a thickness of ≥ 4,75 mm but ≤ 10 mm, without patterns in relief",6160.0
202607,502,United States,720853,"Flat-rolled products of iron or non-alloy steel, of a width of ≥ 600 mm, not in coils, simply hot-rolled, not clad, plated or coated, of a thickness of ≥ 3 mm but ＜ 4,75 mm, without patterns in relief",2073.0
202607,502,United States,720890,"Flat-rolled products of iron or steel, of a width ≥ 600 mm, hot-rolled and further worked, but not clad, plated or coated",9498.0
202607,502,United States,720925,"Flat-rolled products of iron or non-alloy steel, of a width of ≥ 600 mm, not in coils, simply cold-rolled cold-reduced"", not clad, plated or coated, of a thickness of ≥ 3 mm""",32825.0
202607,502,United States,720926,"Flat-rolled products of iron or non-alloy steel, of a width of ≥ 600 mm, not in coils, simply cold-rolled cold-reduced"", not clad, plated or coated, of a thickness of ＞ 1 mm but ＜ 3 mm""",1971.0
202607,502,United States,721012,"Flat-rolled products of iron or non-alloy steel, of a width of ≥ 600 mm, hot-rolled or cold-rolled cold-reduced"", tinned, of a thickness of ＜ 0,5 mm""",544211.0
202607,502,United States,721030,"Flat-rolled products of iron or non-alloy steel, of a width of ≥ 600 mm, hot-rolled or cold-rolled cold-reduced"", electrolytically plated or coated with zinc""",19164.0
202607,502,United States,721041,"Flat-rolled products of iron or non-alloy steel, of a width of ≥ 600 mm, hot-rolled or cold-rolled cold-reduced"", corrugated, plated or coated with zinc (excluding electrolytically plated or coated with zinc)""",277757.0
202607,502,United States,721049,"Flat-rolled products of iron or non-alloy steel, of a width of ≥ 600 mm, hot-rolled or cold-rolled cold-reduced"", not corrugated, plated or coated with zinc (excluding electrolytically plated or coated with zinc)""",289284.0
202607,502,United States,721050,"Flat-rolled products of iron or non-alloy steel, of a width of ≥ 600 mm, hot-rolled or cold-rolled cold-reduced"", plated or coated with chromium oxides or with chromium and chromium oxides""",66210.0
202607,502,United States,721061,"Flat-rolled products of iron or non-alloy steel, of a width of ≥ 600 mm, hot-rolled or cold-rolled cold-reduced"", plated or coated with aluminium-zinc alloys""",200121.0
202607,502,United States,721069,"Flat-rolled products of iron or non-alloy steel, of a width of ≥ 600 mm, hot-rolled or cold-rolled cold-reduced"", plated or coated with aluminium (excluding products plated or coated with aluminium-zinc alloys)""",5835.0
202607,502,United States,721070,"Flat products of iron or non-alloy steel, of a width of ≥ 600 mm, hot-rolled or cold-rolled cold-reduced"", painted, varnished or coated with plastics""",3213368.0
202607,502,United States,721090,"Flat-rolled products of iron or non-alloy steel, of a width of ≥ 600 mm, hot-rolled or cold-rolled cold-reduced"", clad, plated or coated (excluding tinned, plated or coated with lead, zinc, chromium oxides, chromium and chromium oxides, or aluminium, painted, varnished or coated with plastics)""",91025.0
202607,502,United States,721114,"Flat-rolled products of iron or non-alloy steel, of a width ＜ 600 mm, not further worked than hot-rolled, not clad, plated or coated, of a thickness of ≥ 4,75 mm (excluding wide flats"")""",8635.0
202607,502,United States,721119,"Flat-rolled products of iron or non-alloy steel, of a width ＜ 600 mm, simply hot-rolled, not clad, plated or coated, of a thickness ＜ 4,75 mm (excluding wide flats"")""",4767.0
202607,502,United States,721123,"Flat-rolled products of iron or non-alloy steel, of a width of ＜ 600 mm, simply cold-rolled cold-reduced"", not clad, plated or coated, containing by weight ＜ 0,25% of carbon""",38510.0
202607,502,United States,721129,"Flat-rolled products of iron or non-alloy steel, of a width of ＜ 600 mm, simply cold-rolled cold-reduced"", not clad, plated or coated, containing by weight ≥ 0,25% of carbon""",48358.0
202607,502,United States,721190,"Flat-rolled products of iron or non-alloy steel, of a width of ＜ 600 mm, hot-rolled or cold-rolled cold-reduced"" and further worked, but not clad, plated or coated""",120.0
202607,502,United States,721210,"Flat-rolled products of iron or non-alloy steel, of a width of ＜ 600 mm, hot-rolled or cold-rolled cold-reduced"", tinned""",1544.0
202607,502,United States,721220,"Flat-rolled products of iron or non-alloy steel, of a width of ＜ 600 mm, hot-rolled or cold-rolled cold-reduced"", electrolytically plated or coated with zinc""",6088.0
202607,502,United States,721230,"Flat-rolled products of iron or non-alloy steel, of a width of ＜ 600 mm, hot-rolled or cold-rolled cold-reduced"", tinned (excluding electrolytically plated or coated with zinc)""",189744.0
202607,502,United States,721240,"Flat-rolled products of iron or non-alloy steel, of a width of ＜ 600 mm, hot-rolled or cold-rolled cold-reduced"", painted, varnished or coated with plastics""",854667.0
202607,502,United States,721250,"Flat-rolled products of iron or non-alloy steel, of a width of ＜ 600 mm, hot-rolled or cold-rolled cold-reduced"", plated or coated (excluding tinned, plated or coated with zinc, painted, varnished or coated with plastics)""",84585.0
202607,502,United States,721260,"Flat-rolled products of iron or non-alloy steel, of a width of ＜ 600 mm, hot-rolled or cold-rolled cold-reduced"", clad""",18626.0
202607,502,United States,721410,"Bars and rods, of iron or non-alloy steel, not further worked than forged (excluding in irregularly wound coils)",154184.0
202607,502,United States,721420,"Bars and rods, of iron or non-alloy steel, with indentations, ribs, groves or other deformations produced during the rolling process",22224.0
202607,502,United States,721499,"Bars and rods, of iron or non-alloy steel, only hot-rolled, only hot-drawn or only hot-extruded (excluding of rectangular [other than square] cross-section and those containing indentations, ribs, grooves or other deformations produced during the rolling process, and of non-alloy free-cutting steel)",79927.0
202607,502,United States,721550,"Bars and rods, of iron or non-alloy steel, not further worked than cold-formed or cold-finished (excluding of free-cutting steel)",59759.0
202607,502,United States,721590,"Bars or rods, of iron or non-alloy steel, cold-formed or cold-finished and further worked or hot-formed and further worked, n.e.s.",240757.0
202607,502,United States,721610,"U, I or H sections of iron or non-alloy steel, not further worked than hot-rolled, hot-drawn or extruded, of a height of ＜ 80 mm",47761.0
202607,502,United States,721621,"L sections of iron or non-alloy steel, not further worked than hot-rolled, hot-drawn or extruded, of a height of ＜ 80 mm",111517.0
202607,502,United States,721631,"U sections of iron or non-alloy steel, not further worked than hot-rolled, hot-drawn or hot-extruded, of a height ≥ 80 mm",11947.0
202607,502,United States,721633,"H sections of iron or non-alloy steel, not further worked than hot-rolled, hot-drawn or hot-extruded, of a height ≥ 80 mm",260535.0
202607,502,United States,721640,"L sections of iron or non-alloy steel, not further worked than hot-rolled, hot-drawn or hot-extruded, of a height ≥ 80 mm",25871.0
202607,502,United States,721650,"Sections of iron or non-alloy steel, not further worked than hot-rolled, hot-drawn or hot-extruded (excluding U, I, H, L or T sections)",112019.0
202607,502,United States,721661,"Angles, shapes and sections, of iron or non-alloy steel, from flat-rolled products simply cold-formed or cold-finished (excluding profiled sheet)",124924.0
202607,502,United States,721691,"Angles, shapes and sections, of iron or non-alloy steel, cold-formed or cold-finished from flat-rolled products and further worked",928952.0
202607,502,United States,721699,"Angles, shapes and sections, of iron or non-alloy steel, cold-formed or cold-finished and further worked, or hot-forged, or hot-formed by other means and further worked, n.e.s. (excluding from flat-rolled products)",337299.0
202607,502,United States,721710,"Wire of iron or non-alloy steel, in coils, not plated or coated, whether or not polished (excluding bars and rods)",2941917.0
202607,502,United States,721720,"Wire of iron or non-alloy steel, in coils, plated or coated with zinc (excluding bars and rods)",3085527.0
202607,502,United States,721730,"Wire of iron or non-alloy steel, in coils, plated or coated with base metals (excluding plated or coated with zinc, and bars and rods)",1459381.0
202607,502,United States,721790,"Wire of iron or non-alloy steel, in coils, plated or coated (excluding plated or coated with base metals, and bars and rods)",334888.0
202607,502,United States,721911,"Flat-rolled products of stainless steel, of a width of ≥ 600 mm, not further worked than hot-rolled, in coils, of a thickness of ＞ 10 mm",326313.0
202607,502,United States,721912,"Flat-rolled products of stainless steel, of a width of≥ 600 mm, not further worked than hot-rolled, in coils, of a thickness of ≥ 4,7 mm and ≤ 10 mm",1542051.0
202607,502,United States,721913,"Flat-rolled products of stainless steel, of a width of ≥ 600 mm, not further worked than hot-rolled, in coils, of a thickness of ≥ 3 mm and ＜ 4,75 mm",108246.0
202607,502,United States,721921,"Flat-rolled products of stainless steel, of a width of ≥ 600 mm, not further worked than hot-rolled, not in coils, of a thickness of ＞ 10 mm",3356.0
202607,502,United States,721922,"Flat-rolled products of stainless steel, of a width of ≥ 600 mm, not further worked than hot-rolled, not in coils, of a thickness of ≥ 4,75 mm and ≤ 10 mm",27519.0
202607,502,United States,721923,"Flat-rolled products of stainless steel, of a width of ≥ 600 mm, not further worked than hot-rolled, not in coils, of a thickness of ≥ 3 mm and ＜ 4,75 mm",71.0
202607,502,United States,721924,"Flat-rolled products of stainless steel, of a width of ≥ 600 mm, not further worked than hot-rolled, not in coils, of a thickness of ＜ 3 mm",7692.0
202607,502,United States,721932,"Flat-rolled products of stainless steel, of a width of ≥ 600 mm, not further worked than cold-rolled cold-reduced"", of a thickness of ≥ 3 mm but ＜ 4,75 mm""",840704.0
202607,502,United States,721933,"Flat-rolled products of stainless steel, of a width of ≥ 600 mm, not further worked than cold-rolled cold-reduced"", of a thickness of ＞ 1 mm but ＜ 3 mm""",4139252.0
202607,502,United States,721934,"Flat-rolled products of stainless steel, of a width of ≥ 600 mm, not further worked than cold-rolled cold-reduced"", of a thickness of ≥ 0,5 mm but ≤ 1 mm""",1941620.0
202607,502,United States,721935,"Flat-rolled products of stainless steel, of a width of ≥ 600 mm, not further worked than cold-rolled cold-reduced"", of a thickness of ＜ 0,5 mm""",960021.0
202607,502,United States,721990,"Flat-rolled products of stainless steel, of a width of ≥ 600 mm, hot-rolled or cold-rolled cold-reduced"" and further worked""",800147.0
202607,502,United States,722011,"Flat-rolled products of stainless steel, of a width of ＜ 600 mm, not further worked than hot-rolled, of a thickness of ≥ 4,75 mm",9998.0
202607,502,United States,722012,"Flat-rolled products of stainless steel, of a width of ＜ 600 mm, not further worked than hot-rolled, of a thickness of ＜ 4,75 mm",180.0
202607,502,United States,722020,"Flat-rolled products of stainless steel, of a width of ＜ 600 mm, not further worked than cold-rolled cold-reduced""""",496695.0
202607,502,United States,722090,"Flat-rolled products of stainless steel, of a width of ＜ 600 mm, hot-rolled or cold-rolled cold-reduced"" and further worked""",99952.0
202607,502,United States,722100,"Bars and rods, hotrolled, in irregularly wound coils, of stainless steel.",39350.0
202607,502,United States,722211,"Bars and rods of stainless steel, only hot-rolled, only hot-drawn or only hot-extruded, of circular cross-section",61172.0
202607,502,United States,722219,"Bars and rods of stainless steel, only hot-rolled, only hot-drawn or only extruded (excluding of circular cross-section)",7260.0
202607,502,United States,722220,"Other bars and rods of stainless steel, not further worked than cold-formed or cold-finished",74103.0
202607,502,United States,722230,"Other bars and rods of stainless steel, cold-formed or cold-finished and further worked, or not further worked than forged, or forged, or hot-formed by other means and further worked, n.e.s.",3422.0
202607,502,United States,722240,"Angles, shapes and sections of stainless steel, n.e.s.",60793.0
202607,502,United States,722300,Wire of stainless steel,799712.0
202607,502,United States,722519,"Flat-rolled products of silicon-electrical steel, of a width of ≥ 600 mm, non-grain-oriented",21390.0
202607,502,United States,722540,"Flat-rolled products of alloy steel other than stainless, of a width of ≥ 600 mm, not further worked than hot-rolled, in coils (excluding products of silicon-electrical steel)",24550.0
202607,502,United States,722692,"Flat-rolled products of alloy steel other than stainless, of a width of ＜ 600 mm, not further worked than cold-rolled cold-reduced"" (excluding products of high-speed steel or silicon-electrical steel)""",38503.0
202607,502,United States,722699,"Flat-rolled products of alloy steel other than stainless, of a width of ＜ 600 mm, hot-rolled or cold-rolled cold-reduced"" and further worked (excluding products of high-speed steel or silicon-electrical steel)""",99193.0
202607,502,United States,722810,"Other bars and rods, of high speed steel",2283054.0
202607,502,United States,722830,"Other bars and rods of alloy steel, not further worked than hotrolled, hotdrawn or extruded",5211481.0
202607,502,United States,722840,"Other bars and rods of alloy steel, not further worked than forged",4194344.0
202607,502,United States,722850,"Other bars and rods of alloy steel, not further worked than coldformed or coldfinished",217744.0
202607,502,United States,722860,Other bars and rods of alloy steel,150135.0
202607,502,United States,722870,"Angles, shapes and sections of alloy steel",7895.0
202607,502,United States,722880,Hollow drill bars and rods of steel,146681.0
202607,502,United States,722920,Ware of silicomanganese steel,983069.0
202607,502,United States,722990,Wire of other alloy steel,311863.0
202607,502,United States,730110,Sheet piling,1878716.0
202607,502,United States,730120,"Angles, shapes and sections",16337.0
202607,502,United States,730210,Rails,259320.0
202607,502,United States,730230,"Switch blades, crossing frogs, point rods and other crossing pieces",1496721.0
202607,502,United States,730240,Fishplates and sole plates,472838.0
202607,502,United States,730290,"Sleepers cross-ties"", check-rails, rack rails, chairs, chair wedges, rail clips, bedplates and ties and other specialised material for the jointing or fixing of railway or tramway track, of iron or steel (excluding rails, switch blades, crossing frogs, point rods and other crossing pieces, and fish-plates and sole plates)""",542070.0
202607,502,United States,730300,"Tubes, pipes and hollow profiles, of cast iron.",19912.0
202607,502,United States,730411,"Line pipe of a kind used for oil or gas pipelines, seamless, of stainless steel",132915.0
202607,502,United States,730419,"Line pipe of a kind used for oil or gas pipelines, seamless, of iron or steel (excluding products of stainless steel or of cast iron)",213446.0
202607,502,United States,730423,"Drill pipe, seamless, of a kind used in drilling for oil or gas, of iron or steel (excluding products of stainless steel or of cast iron)",172.0
202607,502,United States,730424,"Casing and tubing, seamless, of a kind used for drilling for oil or gas, of stainless steel",56444.0
202607,502,United States,730429,"Casing and tubing, seamless, of iron or steel, of a kind used in drilling for oil or gas (excluding products of cast iron)",173266.0
202607,502,United States,730431,"Tubes, pipes and hollow profiles, seamless, of circular cross-section, of iron or non-alloy steel, cold-drawn or cold-rolled cold-reduced"" (excluding cast iron products and line pipe of a kind used for oil or gas pipelines or casing and tubing of a kind used for drilling for oil or gas)""",862812.0
202607,502,United States,730439,"Tubes, pipes and hollow profiles, seamless, of circular cross-section, of iron or non-alloy steel, not cold-drawn or cold-rolled cold-reduced"" (excluding cast iron products, line pipe of a kind used for oil or gas pipelines, casing and tubing of a kind used for drilling for oil or gas)""",3374026.0
202607,502,United States,730441,"Tubes, pipes and hollow profiles, seamless, of circular cross-section, of stainless steel, cold-drawn or cold-rolled cold-reduced"" (excluding line pipe of a kind used for oil or gas pipelines, casing and tubing of a kind used for drilling for oil or gas)""",7594323.0
202607,502,United States,730449,"Tubes, pipes and hollow profiles, seamless, of circular cross-section, of stainless steel, not cold-drawn or cold-rolled cold-reduced"" (excluding line pipe of a kind used for oil or gas pipelines or of a kind used for drilling for oil or gas)""",157514.0
202607,502,United States,730451,"Tubes, pipes and hollow profiles, seamless, of circular cross-section, of alloy steel other than stainless, cold-drawn or cold-rolled cold-reduced"" (excluding line pipe of a kind used for oil or gas pipelines, casing and tubing of a kind used for drilling for oil)""",722779.0
202607,502,United States,730459,"Tubes, pipes and hollow profiles, seamless, of circular cross-section, of alloy steel other than stainless, not cold-drawn or cold-rolled cold-reduced"" (excluding line pipe of a kind used for oil or gas pipelines, casing and tubing of a kind used for drilling for oil)""",1258403.0
202607,502,United States,730490,"Tubes, pipes and hollow profiles, seamless, of non-circular cross-section, of iron or steel (excluding products of cast iron)",174168.0
202607,502,United States,730531,"Tubes and pipes having circular cross-sections and an external diameter of ＞ 406,4 mm, of iron or steel, longitudinally welded (excluding products of a kind used for oil or gas pipelines or of a kind used in drilling for oil or gas)",13490.0
202607,502,United States,730539,"Tubes and pipes having circular cross-sections and an external diameter of ＞ 406,4 mm, of iron or steel, welded (excluding products longitudinally welded or of a kind used for oil or gas pipelines or of a kind used in drilling for oil or gas)",53192.0
202607,502,United States,730611,"Line pipe of a kind used for oil or gas pipelines, welded, of flat-rolled products of stainless steel, of an external diameter of ≤ 406,4 mm",326.0
202607,502,United States,730619,"Line pipe of a kind used for oil or gas pipelines, welded, of flat-rolled products of iron or steel, of an external diameter of ≤ 406,4 mm (excluding products of stainless steel or of cast iron)",61258.0
202607,502,United States,730630,"Tubes, pipes and hollow profiles, welded, of circular cross-section, of iron or non-alloy steel (excluding products having internal and external circular cross-sections and an external diameter of ＞ 406,4 mm, or line pipe of a kind used for oil or gas pipelines or casing and tubing of a kind used in drilling for oil or gas)",2844105.0
202607,502,United States,730640,"Tubes, pipes and hollow profiles, welded, of circular cross-section, of stainless steel (excluding products having internal and external circular cross-sections and an external diameter of ＞ 406,4 mm, and products of a kind used for oil or gas pipelines or of a kind used in drilling for oil or gas)",1764740.0
202607,502,United States,730650,"Tubes, pipes and hollow profiles, welded, of circular cross-section, of alloy steel other than stainless (excluding tubes and pipes having internal and external circular cross-sections and an external diameter of ＞ 406,4 mm, and line pipe of a kind used for oil or gas pipelines or casing and tubing of a kind used in drilling for oil or gas)",2609.0
202607,502,United States,730661,"Tubes, pipes and hollow profiles, welded, having a non-circular cross-section, of iron or steel (excluding seamless, and line pipe of a kind used for oil or gas pipelines or casing and tubing of a kind used in drilling for oil or gas)",1521274.0
202607,502,United States,730669,"Tubes and pipes and hollow profiles, welded, of square or rectangular cross-section, of iron or steel",20888.0
202607,502,United States,730690,"Tubes, pipes and hollow profiles, welded, of non-circular cross-section, of iron or steel (excluding tubes and pipes having internal and external circular cross-sections and an external diameter of ＞ 406,4 mm, line pipe of a kind used for oil or gas pipelines or casing and tubing of a kind used in drilling for oil or gas, and tubes and pipes and hollow profiles of square or rectangular cross-section)",164024.0
202607,502,United States,730711,Tube or pipe fittings of non-malleable cast iron,22135620.0
202607,502,United States,730719,Cast tube or pipe fittings of iron or steel (excluding products of non-malleable cast iron),8635624.0
202607,502,United States,730721,Flanges of stainless steel (excluding cast products),1107693.0
202607,502,United States,730722,"Threaded elbows, bends and sleeves of stainless steel (excluding cast products)",1078568.0
202607,502,United States,730723,Butt welding tube or pipe fittings of stainless steel (excluding cast products),1480612.0
202607,502,United States,730729,"Tube or pipe fittings of stainless steel (excluding cast products, flanges, threaded elbows, bends and sleeves and butt weldings fittings)",11615231.0
202607,502,United States,730791,Flanges of iron or steel (excluding cast or stainless products),4301569.0
202607,502,United States,730792,"Threaded elbows, bends and sleeves, of stainless steel (excluding cast or stainless products)",7809399.0
202607,502,United States,730793,"Butt welding fittings of iron or steel (excluding cast iron or stainless steel products, and flanges)",517775.0
202607,502,United States,730799,"Tube or pipe fittings, of iron or steel (excluding cast iron or stainless steel products; flanges; threaded elbows, bends and sleeves; butt welding fittings)",15019730.0
202607,502,United States,730810,"Bridges and bridge-sections, of iron or steel",584763.0
202607,502,United States,730820,"Towers and lattice masts, of iron or steel",15681.0
202607,502,United States,730830,"Doors, windows and their frames and thresholds for doors, of iron or steel",16851632.0
202607,502,United States,730840,"Equipment for scaffolding, shuttering, propping or pit-propping (excluding composite sheetpiling products and formwork panels for poured-in-place concrete, which have the characteristics of moulds)",19068963.0
202607,502,United States,730890,"Structures and parts of structures, of iron or steel, n.e.s. (excluding bridges and bridge-sections, towers and lattice masts, doors and windows and their frames, thresholds for doors, props and similar equipment for scaffolding, shuttering, propping or pit-propping)",115288370.0
202607,502,United States,730900,"eservoirs, tanks, vats and similar containers for any material (other than compressed or liquefied gas), of iron or steel, of a capacity exceeding 300 l, whether or not lined or heatinsulated, but not fitted with mechanical or thermal equipment.",2871182.0
202607,502,United States,731010,"Tanks, casks, drums, cans, boxes and similar containers, of iron or steel, for any material, of a capacity of ≥ 50 l but ≤ 300 l, n.e.s. (excluding containers for compressed or liquefied gas, or containers fitted with mechanical or thermal equipment)",1465618.0
202607,502,United States,731021,"Cans of iron or steel, of a capacity of ＜ 50 l, which are to be closed by soldering or crimping (excluding containers for compressed or liquefied gas)",7329248.0
202607,502,United States,731029,"Tanks, casks, drums, cans, boxes and similar containers, of iron or steel, for any material, of a capacity of ＜ 50 l, n.e.s. (excluding containers for compressed or liquefied gas, or containers fitted with mechanical or thermal equipment, and cans which are to be closed by soldering or crimping)",6985970.0
202607,502,United States,731100,"Containers for compressed or liquefied gas, of iron or steel.",11834416.0
202607,502,United States,731210,"Stranded wire, ropes and cables",13736478.0
202607,502,United States,731290,"Plaited bands, slings and the like, of iron or steel (excluding electrically insulated products)",1470798.0
202607,502,United States,731300,"Barbed wire of iron or steel; twisted hoop or single flat wire, barbed or not, and loosely twisted double wire, of a kind used for fencing, of iron or steel.",175027.0
202607,502,United States,731412,"Endless bands for machinery, of stainless steel",70862.0
202607,502,United States,731414,"Other woven cloth, of stainless steel",4448150.0
202607,502,United States,731419,"Woven cloth, incl. endless bands, of iron or steel wire (excluding stainless and woven products of metal fibres of a kind used for cladding, lining or similar purposes)",463236.0
202607,502,United States,731420,"Grill, netting and fencing, welded at the intersection, of wire with a maximum crosssectional dimension of 3 mm or more and having a mesh size of 100 cm2 or more",142957.0
202607,502,United States,731431,"Grill, netting and fencing, of iron or steel wire, welded at the intersection, plated or coated with zinc (excluding products of wire with a maximum cross-sectional dimension of ≥ 3 mm and having a mesh size of ≥ 100 cm2)",2943731.0
202607,502,United States,731439,"Grill, netting and fencing, of iron or steel wire, welded at the intersection (excluding products of wire with a maximum cross-sectional dimension of ≥ 3 mm and having a mesh size of ≥ 100 cm2, and grill, netting and fencing plated or coated with zinc)",1684087.0
202607,502,United States,731441,"Grill, netting and fencing, of iron or steel wire, not welded at the intersection, plated or coated with zinc",2732759.0
202607,502,United States,731442,"Grill, netting and fencing, of iron or steel wire, not welded at the intersection, coated with plastics",1516401.0
202607,502,United States,731449,"Grill, netting and fencing, of iron or steel wire, not welded at the intersection (excluding plated or coated with zinc or coated with plastics)",2476119.0
202607,502,United States,731450,"Expanded metal, of iron or steel",1569429.0
202607,502,United States,731511,Roller chain of iron or steel,4871686.0
202607,502,United States,731512,Articulated link chain of iron or steel (excluding roller chain),2344883.0
202607,502,United States,731519,"Parts of articulated link chain, of iron or steel",668130.0
202607,502,United States,731520,"Skid chain for motor vehicles, of iron or steel",1593162.0
202607,502,United States,731581,Stud-link of iron or steel,690196.0
202607,502,United States,731582,"Welded link chain of iron or steel (excluding articulated link chain, skid chain and stud-link chain)",4742379.0
202607,502,United States,731589,"Chain of iron or steel (excluding articulated link chain, skid chain, stud-link chain, welded link chain and parts thereof; watch chains, necklace chains and the like, cutting and saw chain, skid chain, scraper chain for conveyors, toothed chain for textile machinery and the like, safety devices with chains for securing doors, and measuring chains)",1953804.0
202607,502,United States,731590,"Parts of skid chain, stud-link chain and other chains of heading 7315 (excluding articulated link chain)",117684.0
202607,502,United States,731600,"Anchors, grapnels and parts thereof, of iron or steel.",2231616.0
202607,502,United States,731700,"Nails, tacks, drawing pins, corrugated nails, staples (other than those of heading 83.05) and similar articles, of iron or steel, whether or not with heads of other material, but excluding such articles with heads of copper.",19303057.0
202607,502,United States,731811,Coach screws,148368.0
202607,502,United States,731812,Other wood screws,1901424.0
202607,502,United States,731813,Screw hooks and screw rings,355966.0
202607,502,United States,731814,Selftapping screws,6497842.0
202607,502,United States,731815,"Other screws and bolts, whether or not with their nuts or washers",55562806.0
202607,502,United States,731816,Nuts,29518573.0
202607,502,United States,731819,"Threaded articles, of iron or steel, nes",9541885.0
202607,502,United States,731821,Spring washers and other lock washers,1697522.0
202607,502,United States,731822,Other washers,9296443.0
202607,502,United States,731823,Rivets,1290628.0
202607,502,United States,731824,Cotters and cotterpins,4973612.0
202607,502,United States,731829,"Non-threaded articles, of iron or steel",3863588.0
202607,502,United States,731940,"Safety pins and other pins of iron or steel, n.e.s.",620451.0
202607,502,United States,731990,"Knitting needles, bodkins, crochet hooks, embroidery stilettos and similar articles, for use in the hand, of iron or steel",1723466.0
202607,502,United States,732010,Leafsprings and leaves therefor of steel,2633397.0
202607,502,United States,732020,Helical springs of steel,5415226.0
202607,502,United States,732090,"Springs and leaves for springs, of iron or steel, incl. flat spiral springs (excluding helical springs, spiral springs, leaf-springs and leaves therefor, clock and watch springs, spring washers and other lock washers and shock absorbers and torque rod or torsion bar springs of Section 17)",1815261.0
202607,502,United States,732111,"Appliances for baking, frying, grilling and cooking and plate warmers, for domestic use, of iron or steel, for gas fuel or for both gas and other fuels (excluding large cooking appliances)",31402794.0
202607,502,United States,732112,"Appliances for baking, frying, grilling and cooking and plate warmers, for domestic use, of iron or steel, for liquid fuel (excluding large cooking appliances)",1754639.0
202607,502,United States,732119,"Appliances for baking, frying, grilling and cooking and plate warmers, for domestic use, of iron or steel, for solid fuel or other non-electric source of energy (excluding liquid or gaseous fuel, and large cooking appliances)",19123811.0
202607,502,United States,732181,"Stoves, heaters, grates, fires, wash boilers, braziers and similar appliances, of iron or steel, for gas fuel or for both gas and other fuels (excluding cooking appliances, whether or not with oven, separate ovens, plate warmers, central heating boilers, geysers and hot water cylinders and large cooking appliances)",19022978.0
202607,502,United States,732182,"Stoves, heaters, grates, fires, wash boilers, braziers and similar appliances, of iron or steel, for liquid fuel (excluding cooking appliances, whether or not with oven, separate ovens, plate warmers, central heating boilers, geysers, hot water cylinders and large cooking appliances)",920469.0
202607,502,United States,732189,"Stoves, heaters, grates, fires, wash boilers, braziers and similar domestic appliances, of iron or steel, for solid fuel or other non-electricsource of energy (excluding liquid or gaseous fuel, and cooking appliances, whether or not with oven, separate ovens, plate warmers, central heating boilers, hot water cylinders and large cooking appliances)",11329302.0
202607,502,United States,732190,"Parts of domestic appliances non-electrically heated of heading 7321, n.e.s.",8108036.0
202607,502,United States,732211,"Radiators for central heating, non-electrically heated, and parts thereof, of iron or steel (excluding parts, elsewhere specified or included, and central-heating boilers)",312983.0
202607,502,United States,732219,"Radiators for central heating, non-electrically heated, and parts thereof, of iron other than cast iron or steel (excluding parts, elsewhere specified or included, and central-heating boilers)",44703.0
202607,502,United States,732290,"Air heaters and hot-air distributors, incl. distributors which can also distribute fresh or conditioned air, non-electrically heated, incorporating a motor-driven fan or blower, and parts thereof, of iron or steel",3844203.0
202607,502,United States,732310,"Iron or steel wool; pot scourers and scouring or polishing pads, gloves and the like",1252122.0
202607,502,United States,732391,"Table, kitchen or other household articles, and parts thereof, of cast iron, not enamelled (excluding cans, boxes and similar containers of heading 7310; waste baskets; shovels, corkscrews and other articles of the nature of a work implement; articles of cutlery, spoons, ladles, forks etc. of heading 8211 to 8215; ornamental articles; sanitary ware)",4626328.0
202607,502,United States,732392,"Table, kitchen or other household articles, and parts thereof, of cast iron, enamelled (excluding cans, boxes and similar containers of heading 7310; waste baskets; shovels, corkscrews and other articles of the nature of a work implement; articles of cutlery, spoons, ladles, forks etc. of heading 8211 to 8215; ornamental articles; sanitary ware)",11767680.0
202607,502,United States,732393,"Table, kitchen or other household articles, and parts thereof, of stainless steel (excluding cans, boxes and similar containers of heading 7310; waste baskets; shovels, corkscrews and other articles of the nature of a work implement; articles of cutlery, spoons, ladles, forks etc. of heading 8211 to 8215; ornamental articles; sanitary ware)",118045804.0
202607,502,United States,732394,"Table, kitchen or other household articles, and parts thereof, of iron other than cast iron or steel other than stainless, enamelled (excluding cans, boxes and similar containers of heading 7310; waste baskets; shovels, corkscrews and other articles of the nature of a work implement; articles of cutlery, spoons, ladles, forks etc. of heading 8211 to 8215; ornamental articles; sanitary ware; articles for table use)",1194291.0
202607,502,United States,732399,"Table, kitchen or other household articles, and parts thereof, of iron other than cast iron or steel other than stainless (excluding enamelled articles; cans, boxes and similar containers of heading 7310; waste baskets; shovels and other articles of the nature of a work implement; cutlery, spoons, ladles etc. of heading 8211 to 8215; ornamental articles; sanitary ware)",45608150.0
202607,502,United States,732410,"Sinks and washbasins, of stainless steel",11306781.0
202607,502,United States,732421,"Baths of cast iron, whether or not enamelled",369349.0
202607,502,United States,732429,Baths of steel sheet,464728.0
202607,502,United States,732490,"Sanitary ware, incl. parts thereof (excluding cans, boxes and similar containers of heading 7310, small wall cabinets for medical supplies or toiletries and other furniture of chapter 94, and fittings, complete sinks and washbasins, of stainless steel, complete baths and fittings)",26297794.0
202607,502,United States,732510,"Articles of non-malleable cast iron, n.e.s.",9729571.0
202607,502,United States,732591,"Grinding balls and similar articles for mills, cast (excluding such articles of non-malleable cast iron)",64605.0
202607,502,United States,732599,"Cast articles of iron or steel, n.e.s. (excluding articles of non-malleable cast iron, and grinding balls and similar articles for mills)",4606676.0
202607,502,United States,732611,"Grinding balls and similar articles for mills, of iron or steel, forged or stamped, but not further worked",55015.0
202607,502,United States,732619,"Articles of iron or steel, forged or stamped, but not further worked, n.e.s. (excluding grinding balls and similar articles for mills)",10206605.0
202607,502,United States,732620,"Articles of iron or steel wire, n.e.s.",21815549.0
202607,502,United States,732690,"Articles of iron or steel, n.e.s. (excluding cast articles or articles of iron or steel wire)",257740624.0
202607,502,United States,740311,"Cathodes and sections of cathodes of refined copper, unwrought",98684618.0
202607,502,United States,740610,Powders of nonlamellar structure,72226.0
202607,502,United States,740710,"Bars, rods and profiles, of refined copper, n.e.s.",11600162.0
202607,502,United States,740721,"Bars, rods and profiles, of copper-zinc base alloys brass"", n.e.s.""",26863.0
202607,502,United States,740729,"Bars, rods and profiles of copper alloys, n.e.s. (excluding such articles of copper-zinc base alloys brass"")""",160827.0
202607,502,United States,740811,"Wire of refined copper, of which the maximum crosssectional dimension exceeds 6 mm",30486.0
202607,502,United States,740819,"Wire of refined copper, other",5498566.0
202607,502,United States,740821,Wire of copper-zinc base alloys (brass),128655.0
202607,502,United States,740822,"Wire of copper-nickel alloys (cupro-nickel)or copper-nickel-zinc alloys nickel silver""""",14126.0
202607,502,United States,740829,"Wire of copper alloys (other than copper-zinc alloys [brass], copper-nickel alloys [cupro-nickel] or copper-nickel-zinc alloys [nickel silver])",746994.0
202607,502,United States,740911,"Plates, sheets and strip, of refined copper, in coils, of a thickness of ＞ 0,15 mm",6865277.0
202607,502,United States,740919,"Plates, sheets and strip, of refined copper, not in coils, of a thickness of ＞ 0,15 mm",1597990.0
202607,502,United States,740921,"Plates, sheets and strip, of copper-zinc base alloys brass"", of a thickness of ＞ 0,15 mm, in coils""",499135.0
202607,502,United States,740929,"Plates, sheets and strip, of copper-zinc base alloys brass"", of a thickness of ＞ 0,15 mm, not in coils""",5093.0
202607,502,United States,740931,"Plates, sheets and strip, of copper-tin base alloys bronze"", of a thickness of ＞ 0,15 mm, in coils""",2477243.0
202607,502,United States,740939,"Plates, sheets and strip, of copper-tin base alloys bronze"", of a thickness of ＞ 0,15 mm, not in coils""",147440.0
202607,502,United States,740940,"Plates, sheets and strip, of copper-nickel base alloys cupro-nickel"" or copper-nickel-zinc base alloys ""nickel silver"", of a thickness of ＞ 0,15 mm, not in coils""",1166600.0
202607,502,United States,740990,"Plates, sheets and strip, of copper alloys, of a thickness of ＞ 0,15 mm, other",931397.0
202607,502,United States,741011,"Refined copper foil, not backed, of a thickness of ≤ 0,15 mm",925148.0
202607,502,United States,741012,"Copper alloy foil, not backed, of a thickness of ≤ 0,15 mm",42097.0
202607,502,United States,741021,"Refined copper foil, backed, of a thickness excluding any backing"" of ≤ 0,15 mm""",1102813.0
202607,502,United States,741022,"Copper alloy foil, backed, of a thickness excluding any backing"" of ≤ 0,15 mm""",241.0
202607,502,United States,741110,Tubes and pipes of refined copper,30521415.0
202607,502,United States,741121,"Tubes and pipes of copper-zinc base alloys brass""""",1011319.0
202607,502,United States,741129,"Tubes and pipes of copper alloys (excluding copper-zinc base alloys brass"", copper-nickel base alloys ""cupro-nickel"" and copper-nickel-zinc base alloys ""nickel silver"")""",8715.0
202607,502,United States,741210,"Refined copper tube or pipe fittings e.g., couplings, elbows, sleeves""""",3060551.0
202607,502,United States,741220,"Copper alloy tube or pipe fittings e.g., couplings, elbows, sleeves""""",8565764.0
202607,502,United States,741300,"Stranded wire, cables, plaited bands and the like, of copper, not electrically insulated.",918062.0
202607,502,United States,741510,"Nails and tacks, drawing pins, staples and similar articles",2245.0
202607,502,United States,741521,"Washers, incl. spring washers and spring lock washers"", of copper""",405849.0
202607,502,United States,741529,"Rivets, cotters, cotter pins and the like, not threaded, of copper (excluding spring washers and spring lock washers)",484279.0
202607,502,United States,741533,"Screws, bolts, nuts and similar articles, threaded, of copper (other than screw hooks, ring- and eyebolts, lag screws, plugs, bungs and the like, with screw thread)",1629149.0
202607,502,United States,741539,"Screw hooks, screw rings and the like, threaded, of copper (excluding standard screws and bolts and nuts)",274111.0
202607,502,United States,741810,"Table, kitchen or other household articles and parts thereof; pot scourers and scouring or polishing pads, gloves and the like",191390.0
202607,502,United States,741820,Sanitary ware and parts thereof,9013324.0
202607,502,United States,741920,"Cast, moulded, stamped or forged copper articles without further processing",2513182.0
202607,502,United States,741980,other copper articles,6152756.0
202607,502,United States,750220,Nickel alloys,22199.0
202607,502,United States,750400,Nickel powders and flakes.,9217.0
202607,502,United States,750511,"Bars, rods, profiles and wire, of non-alloy nickel, n.e.s.",144.0
202607,502,United States,750512,"Bars, rods, profiles and wire, of nickel alloys, n.e.s.",1542524.0
202607,502,United States,750521,Wire of non-alloy nickel,213.0
202607,502,United States,750522,Wire of nickel alloys,1010626.0
202607,502,United States,750610,"Plates, sheets, strip and foil, of non-alloy nickel",96680.0
202607,502,United States,750620,"Plates, sheets, strip and foil, of nickel alloys",118728.0
202607,502,United States,750711,Tubes and pipes of non-alloy nickel,157.0
202607,502,United States,750712,Tubes and pipes of nickel alloys,132591.0
202607,502,United States,750720,"Tube or pipe fittings, of nickel",197731.0
202607,502,United States,750810,"Cloth, grill, netting and fencing, of nickel wire",16764.0
202607,502,United States,750890,"Articles of nickel, n.e.s.",1074099.0
202607,502,United States,760110,"Aluminium, not alloyed",12452883.0
202607,502,United States,760120,Aluminium alloys,600477.0
202607,502,United States,760310,"Powders of aluminium, of non-lamellar structure",607325.0
202607,502,United States,760320,"Powders of aluminium, of lamellar structure, and flakes of aluminium",172816.0
202607,502,United States,760410,"Bars, rods and profiles, of non-alloy aluminium, n.e.s.",33713.0
202607,502,United States,760421,"Hollow profiles of aluminium alloys, n.e.s.",1070218.0
202607,502,United States,760429,"Bars, rods and solid profiles, of aluminium alloys, n.e.s.",1321973.0
202607,502,United States,760511,"Wire of non-alloy aluminium, with a maximum cross-sectional dimension of ＞ 7 mm",101.0
202607,502,United States,760519,"Wire of non-alloy aluminium, with a maximum cross-sectional dimension of ≤ 7 mm",22429.0
202607,502,United States,760521,"Wire of aluminium alloys, with a maximum cross-sectional dimension of ＞ 7 mm",9626.0
202607,502,United States,760529,"Wire, of aluminium alloys, having a maximum cross-sectional dimension of ≤ 7 mm",147561.0
202607,502,United States,760611,"Plates, sheets and strip, of non-alloy aluminium, of a thickness exceeding 0.2 mm, square or rectangular",1009376.0
202607,502,United States,760612,"Plates, sheets and strip, of aluminium alloys, of a thickness exceeding 0.2 mm, square or rectangular",75890302.0
202607,502,United States,760691,"Plates, sheets and strip, of non-alloy aluminium, of a thickness exceeding 0.2 mm",13005.0
202607,502,United States,760692,"Plates, sheets and strip, of aluminium alloys, of a thickness exceeding 0.2 mm , other",278426.0
202607,502,United States,760711,"Aluminium foil, not backed, rolled but not further worked, of a thickness not exceeding 0.2 mm. (excluding stamping foils of heading 3212, and foil made up as christmas tree decorating material)",10735136.0
202607,502,United States,760719,"Aluminium foil, not backed, rolled and further worked, of a thickness not exceeding 0.2 mm. (excluding stamping foils of heading 3212, and foil made up as christmas tree decorating material)",5751806.0
202607,502,United States,760720,"Aluminium foil, backed, of a thickness (excluding any backing) not exceeding 0.2 mm.(excluding stamping foils of heading 3212, and foil made up as christmas tree decorating material)",5250176.0
202607,502,United States,760810,Tubes and pipes of non-alloy aluminium,67144.0
202607,502,United States,760820,Tubes and pipes of aluminium alloys,944078.0
202607,502,United States,760900,"Aluminium tube or pipe fittings (for example, couplings, elbows, sleeves).",4837733.0
202607,502,United States,761010,"Doors, windows and their frames and thresholds for doors",37632425.0
202607,502,United States,761090,"Structures and parts of structures, of aluminium, n.e.s., and plates, rods, profiles, tubes and the like, prepared for use in structures, of aluminium, n.e.s.",41658411.0
202607,502,United States,761100,"Aluminium reservoirs, tanks, vats and similar containers, for any material (other than compressed or liquefied gas), of a capacity exceeding 300 l, whether or not lined or heatinsulated, but not fitted with mechanical or thermal equipment.",171473.0
202607,502,United States,761210,"Collapsible tubular containers, of aluminium",429500.0
202607,502,United States,761290,"Casks, drums, cans, boxes and similar containers, incl. rigid tubular containers, of aluminium, for any material (other than compressed or liquefied gas), of a capacity of ≤ 300 l, n.e.s.",2926138.0
202607,502,United States,761300,Aluminium containers for compressed or liquefied gas.,2696309.0
202607,502,United States,761490,"Stranded wires, cables, ropes and similar articles, of aluminium (other than with steel core and electrically insulated products)",2284.0
202607,502,United States,761510,"Table, kitchen or other household articles and parts thereof; pot scourers and scouring or polishing pads, gloves and the like",74826936.0
202607,502,United States,761520,Sanitary ware and parts thereof,1859976.0
202607,502,United States,761610,"Nails, tacks, staples (other than those of heading 83.05), screws, bolts, nuts, screw hooks, rivets, cotters, cotterpins, washers and similar articles",4024074.0
202607,502,United States,761691,"Cloth, grill, netting and fencing, of aluminium wire",1035946.0
202607,502,United States,761699,Unwrought lead (excluding refined lead and lead containing by weight antimony as the principal other element),120653860.0
202607,502,United States,780411,"Sheets, strip and foil of a thickness (excluding any backing) not exceeding 0.2 mm",4509.0
202607,502,United States,780419,"Lead plates; lead sheets, strip and foil, of a thickness (excluding any backing) exceeding 0,2 mm",7314.0
202607,502,United States,780600,Other articles of lead.,222787.0
202607,502,United States,790400,"Zinc bars, rods, profiles and wire.",84397.0
202607,502,United States,790500,"Zinc plates, sheets, strip and foil.",546.0
202607,502,United States,790700,Other articles of zinc.,2919554.0
202607,502,United States,800300,"Tin bars, rods, profiles and wire.",2395.0
202607,502,United States,800700,Other articles of tin.,138884.0
202607,502,United States,810196,"Tungsten bars and rods (other than those obtained simply by sintering), profiles, plates, sheets, strip and foil, n.e.s.",158080.0
202607,502,United States,810199,Tungsten waste and scrap (excluding ash and residues containing tungsten),3119969.0
202607,502,United States,810294,"Unwrought molybdenum, incl. bars and rods obtained simply by sintering",43313.0
202607,502,United States,810295,"Molybdenum bars and rods (other than those obtained simply by sintering), profiles, plates, sheets, strip and foil, n.e.s.",143620.0
202607,502,United States,810296,Molybdenum wire,226413.0
202607,502,United States,810299,"Articles of molybdenum, n.e.s.",1204020.0
202607,502,United States,810320,"Unwrought tantalum, including bars and rods obtained simply by sintering; powders",13400589.0
202607,502,United States,810399,Other wrought tantalum and its products,16493753.0
202607,502,United States,810411,"Unwrought magnesium, containing ≥ 99,8% by weight of magnesium",110194.0
202607,502,United States,810419,"Unwrought magnesium, containing ＜ 99,8% by weight of magnesium",1306020.0
202607,502,United States,810420,Magnesium waste and scrap,1151509.0
202607,502,United States,810430,"Magnesium raspings, turnings and granules, graded according to size; magnesium powders",57593.0
202607,502,United States,810490,"Articles of magnesium, n.e.s.",3303948.0
202607,502,United States,810520,Cobalt mattes and other intermediate products of cobalt metallurgy; unwrought cobalt; powders,4195134.0
202607,502,United States,810590,"Articles of cobalt, n.e.s.",246435.0
202607,502,United States,810820,Unwrought titanium; powders,2006161.0
202607,502,United States,810830,Titanium waste and scrap (excluding ash and residues containing titanium),106662.0
202607,502,United States,810890,"Articles of titanium, nes",6872133.0
202607,502,United States,810929,Other unwrought zirconium and powder,3660.0
202607,502,United States,810999,Other wrought zirconium and zirconium products,62478.0
202607,502,United States,811100,"Manganese and articles thereof, including waste and scrap",7600380.0
202607,502,United States,811219,Wrought beryllium and articles thereof,600.0
202607,502,United States,811221,Unwrought chromium; chromium powders,5179555.0
202607,502,United States,811229,Wrought chromium and articles thereof,690497.0
202607,502,United States,811231,Unwrought hafnium; waste and scrap; powder,2137882.0
202607,502,United States,811239,Wrought hafnium and articles products,125614.0
202607,502,United States,811241,Unwrought rhenium; waste and scrap; powder,12708.0
202607,502,United States,811249,Wrought rhenium and articles thereof,3696.0
202607,502,United States,811292,"Unwrought niobium (columbium),gallium, indium, vanadium and germanium; powders and waste and scrap of these metals",11240.0
202607,502,United States,811299,"Wrought niobium (columbium),gallium, indium, vanadium and germanium; and articles thereof",3364696.0
202607,502,United States,811300,"Cermets and articles thereof, including waste and scrap.",8747946.0
202607,502,United States,820110,Spades and shovels,5150077.0
202607,502,United States,820130,"Mattocks, picks, hoes and rakes",2236634.0
202607,502,United States,820140,"Axes, bill hooks and similar hewing tools",846349.0
202607,502,United States,820150,Secateurs and similar onehanded pruners and shears (including poultry shears),742333.0
202607,502,United States,820160,"Hedge shears, twohanded pruning shears and similar twohanded shears",754009.0
202607,502,United States,820190,"Other hand tools of a kind used in agriculture, horticulture or forestry",2561863.0
202607,502,United States,820210,Hand saws,1372813.0
202607,502,United States,820220,Band saw blades,573251.0
202607,502,United States,820231,"Circular saw blades, incl. slitting or slotting saw blades, of base metal, with working parts of steel",1071210.0
202607,502,United States,820239,"Circular saw blades, incl. slitting or slotting saw blades, and parts thereof, of base metal, with working parts of materials other than steel",7605677.0
202607,502,United States,820240,Chain saw blades,1337721.0
202607,502,United States,820291,"Straight saw blades, for working metal",745414.0
202607,502,United States,820299,"Saw blades, incl. toothless saw blades, of base metal (excluding bandsaw blades, circular saw blades, slitting or slotting saw blades, chainsaw blades and straight saw blades for working metal)",5048409.0
202607,502,United States,820310,"Files, rasps and similar tools",1030105.0
202607,502,United States,820320,"Pliers (including cutting pliers), pincers, tweezers and similar tools",25558204.0
202607,502,United States,820330,Metal cutting shears and similar tools,2244382.0
202607,502,United States,820340,"Pipecutters, bolt croppers, perforating punches and similar tools",923532.0
202607,502,United States,820411,"Hand-operated spanners and wrenches, incl. torque meter wrenches, of base metal, non-adjustable",15477723.0
202607,502,United States,820412,"Hand-operated spanners and wrenches, incl. torque meter wrenches, of base metal, adjustable (excluding tap wrenches)",7727226.0
202607,502,United States,820420,"Interchangeable spanner sockets, with or without handles",17415744.0
202607,502,United States,820510,"Drilling, threading or tapping tools",1587344.0
202607,502,United States,820520,Hammers and sledge hammers,3326954.0
202607,502,United States,820530,"Planes, chisels, gouges and similar cutting tools for working wood",1117117.0
202607,502,United States,820540,Screwdrivers,7449212.0
202607,502,United States,820551,"Household hand tools, non-mechanical, with working parts of base metal, n.e.s.",25528599.0
202607,502,United States,820559,"Hand tools, incl. glaziers' diamonds, of base metal, n.e.s.",39397160.0
202607,502,United States,820560,Blow lamps,561185.0
202607,502,United States,820570,"Vices, clamps and the like",6757967.0
202607,502,United States,820590,Portable forges; hand or pedal operated grinding wheels with frameworks; including sets of articles of two or more of  subheadings of this heading,4584850.0
202607,502,United States,820600,"Tools of two or more of the headings 82.02 to 82.05, put up in sets for retail sale.",29542815.0
202607,502,United States,820713,"Rock-drilling or earth-boring tools, interchangeable, with working parts of sintered metal carbides or cermets",1371346.0
202607,502,United States,820719,"Rock-drilling or earth-boring tools, interchangeable, and parts therefor, with working parts of materials other than sintered metal carbide or cermets",6829031.0
202607,502,United States,820720,Dies for drawing or extruding metal,1343217.0
202607,502,United States,820730,"Tools for pressing, stamping or punching",16558108.0
202607,502,United States,820740,Tools for tapping or threading,3185235.0
202607,502,United States,820750,"Tools for drilling, other than for rock drilling",19869648.0
202607,502,United States,820760,Tools for boring or broaching,255719.0
202607,502,United States,820770,Tools for milling,2698579.0
202607,502,United States,820780,Tools for turning,626383.0
202607,502,United States,820790,Other interchangeable tools,10947025.0
202607,502,United States,820810,"Knives and cutting blades, of base metal, for machines or for mechanical appliances, for metalworking",2579152.0
202607,502,United States,820820,"Knives and cutting blades, of base metal, for machines or for mechanical appliances, for wood-working",1076031.0
202607,502,United States,820830,"Knives and cutting blades, of base metal, for kitchen appliances or for machines used by the food industry",559101.0
202607,502,United States,820840,"Knives and cutting blades, of base metal, for agricultural, horticultural or forestry machines (excluding those for wood-working)",2031622.0
202607,502,United States,820890,"Knives and cutting blades, of base metal, for machines or for mechanical appliances (excluding those for metal or wood-working, kitchen appliances or machines used by the food industry and those for agricultural, horticultural or forestry machines)",1614191.0
202607,502,United States,820900,"Plates, sticks, tips and the like for tools, unmounted, of cermets.",21545850.0
202607,502,United States,821000,"Hand-operated mechanical appliances, weighing 10 kg or less, used in the preparation, conditioning or serving of food or drink.",7289345.0
202607,502,United States,821110,Sets of assorted articles,13026384.0
202607,502,United States,821191,Table knives having fixed blades,1843466.0
202607,502,United States,821192,Other knives having fixed blades,9390947.0
202607,502,United States,821193,Knives having other than fixed blades,15674173.0
202607,502,United States,821194,"Blades of base metal for table knives, pocket knives and other knives of heading 8211",944476.0
202607,502,United States,821195,Handles of base metal,159949.0
202607,502,United States,821210,Razors,6083755.0
202607,502,United States,821220,"Safety razor blades, including razor blade blanks in strips",674822.0
202607,502,United States,821290,Parts of non-electric razors of base metal (excluding safety razor blades and razor blade blanks in strips),324061.0
202607,502,United States,821300,"Scissors, tailors' shears and similar shears, and blades therefor.",10843493.0
202607,502,United States,821410,"Paper knives, letter openers, erasing knives, pencil sharpeners and blades therefor",2445948.0
202607,502,United States,821420,Manicure or pedicure sets and instruments (including nail files),8021544.0
202607,502,United States,821490,"Hair clippers, butchers' or kitchen cleavers and other articles of cutlery of base metal, n.e.s.",3230452.0
202607,502,United States,821510,Sets of assorted articles containing at least one article plated with precious metal,52553.0
202607,502,United States,821520,Other sets of assorted articles,17096045.0
202607,502,United States,821591,Plated with precious metal,139518.0
202607,502,United States,821599,"Spoons, forks, ladles, skimmers, cake-servers, fish-knives, butter-knives, sugar tongs and similar kitchen or tableware of base metal, not plated with precious metal (excluding sets of articles such as lobster cutters and poultry shears)",15327034.0
202607,502,United States,830110,Padlocks,9033075.0
202607,502,United States,830120,Locks of a kind used for motor vehicles,5370474.0
202607,502,United States,830130,Locks of a kind used for furniture,3849278.0
202607,502,United States,830140,Other locks,43219275.0
202607,502,United States,830150,"Clasps and frames with clasps, incorporating locks",1113342.0
202607,502,United States,830160,"Parts of padlocks, locks, clasps and frames with clasps, incorporating locks, of base metal, n.e.s.",14769948.0
202607,502,United States,830170,Keys presented separately,2450685.0
202607,502,United States,830210,"Hinges of all kinds, of base metal",23972797.0
202607,502,United States,830220,Castors with mountings of base metal,7999158.0
202607,502,United States,830230,"Base metal mountings, fittings and similar articles suitable for motor vehicles (excluding hinges and castors)",10108540.0
202607,502,United States,830241,Base metal mountings and fittings suitable for buildings (excluding locks with keys and hinges),48611538.0
202607,502,United States,830242,"Base metal mountings, fittings and similar articles suitable for furniture (excluding locks with keys, hinges and castors)",46179303.0
202607,502,United States,830249,"Base metal mountings, fittings and similar articles (excluding locks with keys, clasps and frames with clasps incorporating locks, hinges, castors and mountings and fittings suitable for buildings, motor vehicles or furniture)",15639799.0
202607,502,United States,830250,"Hat-racks, hat-pegs, brackets and similar fixtures of base metal",24920812.0
202607,502,United States,830260,Automatic door closers of base metal,4649626.0
202607,502,United States,830300,"Armoured or reinforced safes, strongboxes and doors and safe deposit lockers for strongrooms, cash or deed boxes and the like, of base metal",14419534.0
202607,502,United States,830400,"Filing cabinets, cardindex cabinets, paper trays, paper rests, pen trays, officestamp stands and similar office or desk equipment, of base metal, other than office furniture of heading 9403",3895460.0
202607,502,United States,830510,"Fittings for loose-leaf binders or files, of base metal (excluding drawing pins and clasps for books or registers)",271573.0
202607,502,United States,830520,"Staples in strips, of base metal",1714190.0
202607,502,United States,830590,"Office articles such as letter clips, letter corners, paper clips and indexing tags, of base metal, incl. parts of articles of heading 8305 (excluding fittings for loose-leaf binders or files, staples in strips, drawing pins and clasps for books or registers)",2129649.0
202607,502,United States,830610,"Bells, gongs and the like, non-electric, of base metal",2926298.0
202607,502,United States,830621,"Statuettes and other ornaments, of base metal, plated with precious metal",693522.0
202607,502,United States,830629,"Statuettes and other ornaments, of base metal, not plated with precious metal",33971514.0
202607,502,United States,830630,"Photograph, picture or similar frames, of base metal; mirrors of base metal",9876907.0
202607,502,United States,830710,"Flexible tubing of iron or steel, with or without fittings",9741360.0
202607,502,United States,830790,"Flexible tubing of base metal other than iron or steel, with or without fittings",873871.0
202607,502,United States,830810,"Hooks, eyes and eyelets, of base metal, of a kind used for clothing, footwear, awnings, handbags, travel goods or other made-up articles",8774469.0
202607,502,United States,830820,"Tubular or bifurcated rivets, of base metal",1739191.0
202607,502,United States,830890,"Clasps, frames with clasps without locks, buckles and buckle-clasps, of base metal, for clothing, footwear, handbags, travel goods or other made-up articles, incl. parts of articles of heading 8308, of base metal (excluding hooks, eyes, eyelets and tubular or bifurcated rivets)",1189777.0
202607,502,United States,830910,Crown corks of base metal,411051.0
202607,502,United States,830990,"Stoppers, caps and lids, incl. screw caps and pouring stoppers, capsules for bottles, threaded bungs, bung covers, seals and other packing accessories of base metal (excluding crow corks)",9665548.0
202607,502,United States,831000,"Signplates, nameplates, addressplates and similar plates, numbers, letters and other symbols, of base metal, excluding those of heading 9405",8752528.0
202607,502,United States,831110,"Coated electrodes of base metal, for electric arc-welding",489130.0
202607,502,United States,831120,"Cored wire of base metal, for electric arc-welding",325230.0
202607,502,United States,831130,"Coated rods and cored wire, of base metal, for soldering, brazing or welding by flame (excluding wire and rods cored with solder which, excluding the flux material, contains ≥ 2% by weight of precious metal)",412220.0
202607,502,United States,831190,"Wire, rods, tubes, plates, electrodes and the like, of base metal or of metal carbides, coated or cored with flux material, for soldering, brazing, welding or deposition of metal or metal carbides, n.e.s., and wire and rods of agglomerated base metal powder, for metal spraying, n.e.s.",38546.0
202607,502,United States,840219,"Other vapour generating boilers, including hybrid boilers",119821.0
202607,502,United States,840290,"Parts of vapour generating boilers and superheated water boilers, n.e.s.",1142819.0
202607,502,United States,840310,"Central heating boilers, non-electric (excluding vapour generating boilers and superheated water boilers of heading 8402)",843968.0
202607,502,United States,840390,"Parts of central heating boilers, n.e.s.",1615831.0
202607,502,United States,840410,Auxiliary plant for use with boilers of heading 84.02 or 84.03,661238.0
202607,502,United States,840420,Condensers for steam or other vapour power units,24570.0
202607,502,United States,840490,"Parts of auxiliary plant of heading 8402 or 8403 and condensers for steam or other vapour power units, n.e.s.",151430.0
202607,502,United States,840510,"Producer gas or water gas generators, with or without their purifiers; acetylene gas generators and similar water process gas generators, with or without their purifiers",34650.0
202607,502,United States,840590,"Parts of producer gas or water gas generators and acetylene gas generators or similar water process gas generators, n.e.s.",38202.0
202607,502,United States,840690,"Parts of steam and other vapour turbines, n.e.s.",2349267.0
202607,502,United States,840710,"Spark-ignition reciprocating or rotary internal combustion piston engine, for aircraft",10592.0
202607,502,United States,840721,Spark-ignition outboard motors for marine propulsion,6909600.0
202607,502,United States,840731,"Spark-ignition reciprocating piston engine, of a kind used for the propulsion of vehicles of chapter 87, of a cylinder capacity ≤ 50 ml",2783.0
202607,502,United States,840732,"Spark-ignition reciprocating piston engine, of a kind used for the propulsion of vehicles of chapter 87, Of a cylinder capacity exceeding 50 cc but not exceeding 250 cc",433226.0
202607,502,United States,840733,"Spark-ignition reciprocating piston engine, of a kind used for the propulsion of vehicles of chapter 87, Of a cylinder capacity exceeding 250 cc but not exceeding 1,000 cc",1757321.0
202607,502,United States,840734,"Spark-ignition reciprocating piston engine, of a kind used for the propulsion of vehicles of chapter 87, Of a cylinder capacity exceeding 1,000 cc",376974.0
202607,502,United States,840790,Other engines,10832583.0
202607,502,United States,840820,Engines of a kind used for the propulsion of vehicles of Chapter 87,18182.0
202607,502,United States,840890,Other engines,16433546.0
202607,502,United States,840910,"Parts suitable for use solely or principally with internal combustion piston engine for aircraft, n.e.s.",14026.0
202607,502,United States,840991,"Parts suitable for use solely or principally with spark-ignition internal combustion piston engine, n.e.s.",108314350.0
202607,502,United States,840999,"Parts suitable for use solely or principally with compression-ignition internal combustion piston engine diesel or semi-diesel engine"", n.e.s.""",86140187.0
202607,502,United States,841090,Parts of hydraulic turbines and water wheels incl. regulators,1116493.0
202607,502,United States,841111,Turbojets of a thrust not exceeding 25 kN,1895.0
202607,502,United States,841112,Turbojets of a thrust exceeding 25 kN,345000.0
202607,502,United States,841182,"Gas turbines of a power exceeding 5,000 kW",25086.0
202607,502,United States,841191,"Parts of turbojets or turbopropellers, n.e.s.",94441276.0
202607,502,United States,841199,"Parts of gas turbines, n.e.s.",20711787.0
202607,502,United States,841221,"Hydraulic power engines and motors, linear acting (cylinders)",16673033.0
202607,502,United States,841229,"Hydraulic power engines and motors (excluding hydraulic turbines and water wheels of heading 8410, steam turbines and hydraulic power engines and motors, linear acting)",8241545.0
202607,502,United States,841231,"Pneumatic power engines and motors, linear acting (cylinders)",1779701.0
202607,502,United States,841239,Pneumatic power engines and motors (excluding linear acting),1558352.0
202607,502,United States,841280,"Engines and motors (excluding steam turbines, internal combustion piston engine, hydraulic turbines, water wheels, gas turbines, reaction engines, hydraulic power engines and motors, pneumatic power engines and motors and electric motors)",922742.0
202607,502,United States,841290,"Parts of non-electrical engines and motors, n.e.s.",19533491.0
202607,502,United States,841311,"Pumps for dispensing fuel or lubricants, of the type used in fillingstations or in garages",1403408.0
202607,502,United States,841319,"Pumps for liquids, fitted or designed to be fitted with a measuring device (excluding pumps for dispensing fuel or lubricants, of the type used in filling stations or in garages)",1615274.0
202607,502,United States,841320,"Hand pumps, other than those of subheading 8413.11 or 8413.19",11253831.0
202607,502,United States,841330,"Fuel, lubricating or cooling medium pumps for internal combustion piston engines",27941562.0
202607,502,United States,841340,Concrete pumps,11992.0
202607,502,United States,841350,Other reciprocating positive displacement pumps,17019445.0
202607,502,United States,841360,Other rotary positive displacement pumps,18817388.0
202607,502,United States,841370,Other centrifugal pumps,32225973.0
202607,502,United States,841381,"Pumps for liquids, power-driven (excluding those of subheading 8413.11 and 8413.19, fuel, lubricating or cooling medium pumps for internal combustion piston engine, concrete pumps, general reciprocating or rotary positive displacement pumps and centrifugal pumps of all kinds)",730236.0
202607,502,United States,841382,Liquid elevators,817.0
202607,502,United States,841391,"Parts of pumps for liquids, n.e.s.",72503083.0
202607,502,United States,841392,"Parts of liquid elevators, n.e.s.",171304.0
202607,502,United States,841410,Vacuum pumps,6974082.0
202607,502,United States,841420,Hand or footoperated air pumps,2083108.0
202607,502,United States,841430,Compressors of a kind used in refrigerating equipment,21549435.0
202607,502,United States,841440,Air compressors mounted on a wheeled chassis for towing,503567.0
202607,502,United States,841451,"Table, floor, wall, window, ceiling or roof fans, with a selfcontained electric motor of an output not exceeding 125 W",104592108.0
202607,502,United States,841459,"Fans (excluding table, floor, wall, window, ceiling or roof fans, with a self-contained electric motor of an output ≤ 125 W)",49456159.0
202607,502,United States,841460,Hoods having a maximum horizontal side not exceeding 120 cm,8035551.0
202607,502,United States,841480,"Air pumps, air or other gas compressors and ventilating or recycling hoods incorporating a fan, whether or not fitted with filters, having a maximum horizontal side ＞ 120 cm (excluding vacuum pumps, hand- or foot-operated air pumps, compressors for refrigerating equipment and air compressors mounted on a wheeled chassis for towing)",53346977.0
202607,502,United States,841490,"Parts of: air or vacuum pumps, air or other gas compressors, fans and ventilating or recycling hoods incorporating a fan, n.e.s.",43524090.0
202607,502,United States,841510,"Air conditioning machines of a kind designed to be fixed to a window, wall, ceiling or floor, selfcontained or .splitsystem.",17381820.0
202607,502,United States,841520,"Air conditioning machines of a kind used for persons, in motor vehicles",7242391.0
202607,502,United States,841581,Air conditioning machines incorporating a refrigerating unit and a valve for reversal of the cooling/heat cycle (reversible heat pumps),4763754.0
202607,502,United States,841582,"Other, air conditioning machines incorporating a refrigerating unit",6531110.0
202607,502,United States,841583,"Air conditioning machines,not incorporating a refrigerating unit",2781345.0
202607,502,United States,841590,"Parts of air conditioning machines, comprising a motor-driven fan and elements for changing the temperature and humidity, n.e.s.",168886220.0
202607,502,United States,841610,Furnace burners for liquid fuel,1772491.0
202607,502,United States,841620,"Other furnace burners, including combination burners",455612.0
202607,502,United States,841690,"Parts of furnace burners such as mechanical stokers, incl. their mechanical grates, mechanical ash dischargers and similar appliances, n.e.s.",589354.0
202607,502,United States,841710,"Furnaces and ovens for the roasting, melting or other heattreatment of ores, pyrites or of metals",115087.0
202607,502,United States,841720,"Bakery ovens, including biscuit ovens",717005.0
202607,502,United States,841780,"Industrial or laboratory furnaces and ovens, non-electric, incl. incinerators (excluding those for the roasting, melting or other heat treatment of ores, pyrites or metals, bakery ovens, drying ovens and ovens for cracking operations)",851245.0
202607,502,United States,841790,"Parts of industrial or laboratory furnaces, non-electric, incl. incinerators, n.e.s.",3768102.0
202607,502,United States,841810,"Combined refrigeratorfreezers, fitted with separate external doors or draws, or combinations thereof",33313186.0
202607,502,United States,841821,"Household refrigerators, compression-type",24596990.0
202607,502,United States,841829,"Household refrigerators, absorption-type",4484717.0
202607,502,United States,841830,"Freezers of the chest type, of a capacity ≤ 800L",10731940.0
202607,502,United States,841840,"Freezers of the upright type, of a capacity ≤ 900L",7364540.0
202607,502,United States,841850,"Furniture (chests, cabinets, display counters, show-cases and the like) for storage and display, incorporating refrigerating or freezing equipment (excluding combined refrigerator-freezers with separate external doors, household refrigerators and freezers of the chest type of a capacity ≤ 800L or of the upright type of a capacity ≤ 900L)",42840519.0
202607,502,United States,841861,Heat pumps other than air conditioning machines of heading 84.15,3969194.0
202607,502,United States,841869,Refrigerating or freezing equipment (excluding refrigerating and freezing furniture),78740985.0
202607,502,United States,841891,Furniture designed to receive refrigerating or freezing equipment,527926.0
202607,502,United States,841899,"Parts of refrigerating or freezing equipment and heat pumps, n.e.s.",29383736.0
202607,502,United States,841911,Instantaneous gas water heaters,2889566.0
202607,502,United States,841912,Solar water heaters,45.0
202607,502,United States,841919,"Instantaneous or storage water heaters, non-electric (excluding instantaneous gas water heaters and boilers or water heaters for central heating)",155155.0
202607,502,United States,841920,"Medical, surgical or laboratory sterilisers",1463626.0
202607,502,United States,841933,"Lyophilisation apparatus, freeze drying units and spray dryers",243497.0
202607,502,United States,841934,Dryers for agricultural products,43222.0
202607,502,United States,841935,"Dryers for wood, paper pulp, paper or paperboard",2736.0
202607,502,United States,841939,"Dryers (excluding dryers for agricultural products, for wood, paper pulp, paper or paperboard, for yarns, fabrics and other textile products, dryers for bottles or other containers, hairdryers, hand dryers and domestic appliances)",6795336.0
202607,502,United States,841940,Distilling or rectifying plant,546901.0
202607,502,United States,841950,Heat exchange units,28138452.0
202607,502,United States,841960,Machinery for liquefying air or other gases,834712.0
202607,502,United States,841981,"Machinery, plant and equipment for making hot drinks or for cooking or heating food (excluding domestic appliances)",15646427.0
202607,502,United States,841989,"Machinery, plant or laboratory equipment, whether or not electrically heated, for the treatment of materials by a process involving a change of temperature such as heating, cooking, roasting, sterilising, pasteurising, steaming, evaporating, vaporising, condensing or cooling, n.e.s. (excluding machinery used for domestic purposes and furnaces, ovens and other equipment of heading 8514)",11175058.0
202607,502,United States,841990,"Parts of machinery, plant and laboratory equipment, whether or not electrically heated, for the treatment of materials by a process involving a change of temperature, and of non-electric instantaneous and storage water heaters, n.e.s.",27953835.0
202607,502,United States,842010,Calendering or other rolling machines,1317923.0
202607,502,United States,842091,Cylinders,215456.0
202607,502,United States,842099,"Parts for calendering or rolling machines, n.e.s. (other than for metals or glass and excluding cylinders)",26065.0
202607,502,United States,842111,Centrifugal cream separators,49350.0
202607,502,United States,842112,Centrifugal clothes-dryers,12501.0
202607,502,United States,842119,"Centrifuges, incl. centrifugal dryers (excluding isotope separators, cream separators and clothes dryers)",1496667.0
202607,502,United States,842121,Machinery and apparatus for filtering or purifying water,31836498.0
202607,502,United States,842122,Machinery and apparatus for filtering or purifying beverages (excludingwater),90004.0
202607,502,United States,842123,Oil or petrol-filters for internal combustion engines,20028474.0
202607,502,United States,842129,"Machinery and apparatus for filtering or purifying liquids (excluding such machinery and apparatus for water and other beverages, oil or petrol-filters for internal combustion engines and artificial kidneys)",10632291.0
202607,502,United States,842131,Intake air filters for internal combustion engines,8805789.0
202607,502,United States,842132,"Catalytic converters or particulate filters, whether or not combined, for purifying or filtering exhaust gases from internal combustion engines",4493946.0
202607,502,United States,842139,Machinery and apparatus for filtering or purifying gases (excluding isotope separators and intake air filters for internal combustion engines),48556897.0
202607,502,United States,842191,"Parts of centrifuges, incl. centrifugal dryers, n.e.s.",1275200.0
202607,502,United States,842199,"Parts of machinery and apparatus for filtering or purifying liquids or gases, n.e.s.",62356800.0
202607,502,United States,842211,Dishwashing machines of the household type,14447900.0
202607,502,United States,842219,Dishwashing machines (excluding those of the household type),141988.0
202607,502,United States,842220,Machinery for cleaning or drying bottles or other containers (excluding dishwashing machines),2071465.0
202607,502,United States,842230,"Machinery for filling, closing, sealing or labelling bottles, cans, boxes, bags or other containers; machinery for capsuling bottles, jars, tubes and similar containers; machinery for aerating beverages",15031149.0
202607,502,United States,842240,"Packing or wrapping machinery, incl. heat-shrink wrapping machinery (excluding machinery for filling, closing, sealing or labelling bottles, cans, boxes, bags or other containers and machinery for capsuling bottles, jars, tubes and similar containers)",4638177.0
202607,502,United States,842290,"Parts of dishwashing machines, packing or wrapping machinery and other machinery and apparatus of heading 8422, n.e.s.",6152770.0
202607,502,United States,842310,"Personal weighing machines, incl. baby scales; household scales",21321718.0
202607,502,United States,842320,Scales for continuous weighing of goods on conveyors,97720.0
202607,502,United States,842330,"Constant weight scales and scales for discharging a pre-determined weight of material into a bag or container, incl. hopper scales (excluding scales for continuous weighing of goods on conveyors)",840361.0
202607,502,United States,842381,"Weighing machinery having a maximum weighing capacity ≤ 30 kg (excluding balances of a sensitivity of 5 cg or better, personal weighing machines, household scales, scales for continuous weighing of goods on conveyors, constant weight scales and scales for discharging a pre-determined weight of material into a bag or container, incl. hopper scales)",2219361.0
202607,502,United States,842382,"Weighing machinery of a maximum weighing capacity ＞ 30 kg but ≤ 5.000 kg (excluding personal weighing machines, scales for continuous weighing of goods on conveyors, constant weight scales and scales for discharging a pre-determined weight of material into a bag or container, incl. hopper scales)",3054240.0
202607,502,United States,842389,Weighing machinery of a maximum weighing capacity ＞ 5.000 kg,148140.0
202607,502,United States,842390,"Weighing machine weights of all kinds; parts of weighing machinery, n.e.s.",1933318.0
202607,502,United States,842410,"Fire extinguishers, whether or not charged",1807262.0
202607,502,United States,842420,Spray guns and similar appliances,10056540.0
202607,502,United States,842430,Steam or sand blasting machines and similar jet projecting machines,3494341.0
202607,502,United States,842441,"Agricultural or horticultural sprayers, portable",2104885.0
202607,502,United States,842449,Agricultural or horticultural sprayers (excl. portable),205141.0
202607,502,United States,842482,"Agricultural or horticultural mechanical appliances, whether or not hand-operated, for projecting or dispersing liquids or powders (excl. sprayers)",5000994.0
202607,502,United States,842489,"Mechanical appliances, whether or not hand-operated, for projecting, dispersing or spraying liquids or powders, n.e.s.",26824477.0
202607,502,United States,842490,"Parts of fire extinguishers, spray guns and similar appliances, steam or sand blasting machines and similar jet projecting machines and machinery and apparatus for projecting, dispersing or spraying liquids or powders, n.e.s.",21694684.0
202607,502,United States,842511,"Pulley tackle and hoists, powered by electric motor (other than skip hoists or hoists of a kind used for raising vehicles)",3821179.0
202607,502,United States,842519,"Pulley tackle and hoists (other than skip hoists or hoists of a kind used for raising vehicles), non-powered by electric motor",3993991.0
202607,502,United States,842531,Winches and capstans powered by electric motor,12981355.0
202607,502,United States,842539,"Winches and capstans, non-powered by electric motor",2620258.0
202607,502,United States,842541,Built-in jacking systems of a type used in garages,163152.0
202607,502,United States,842542,"Jacks and hoists, hydraulic (excluding built-in jacking systems used in garages)",20598940.0
202607,502,United States,842549,"Jacks and hoists of a kind used for raising vehicles, not hydraulic",13765234.0
202607,502,United States,842611,Overhead travelling cranes on fixed support,278999.0
202607,502,United States,842612,Mobile lifting frames on tyres and straddle carriers,1704973.0
202607,502,United States,842619,"Overhead travelling cranes, transporter cranes, gantry cranes, bridge cranes and mobile lifting frames (excluding overhead travelling cranes on fixed support, mobile lifting frames on tyres, straddle carriers and portal or pedestal jib cranes)",246338.0
202607,502,United States,842630,Portal or pedestal jib cranes,3984.0
202607,502,United States,842641,"Mobile cranes and works trucks fitted with a crane, self-propelled, on tyres (excluding wheel-mounted cranes, mobile lifting frames on tyres and straddle carriers)",5275881.0
202607,502,United States,842649,"Mobile cranes and works trucks fitted with a crane, self-propelled (excluding those on tyres and straddle carriers)",920927.0
202607,502,United States,842691,Cranes designed for mounting on road vehicles,72617.0
202607,502,United States,842699,"Ships' derricks; cranes, incl. cable cranes (excluding overhead travelling cranes, transporter cranes, gantry cranes, portal or pedestal jib cranes, bridge cranes, mobile lifting frames and straddle carriers, tower cranes, works trucks fitted with a crane, mobile cranes and cranes designed for mounting on road vehicles)",112620.0
202607,502,United States,842710,Selfpropelled trucks powered by an electric motor,66084031.0
202607,502,United States,842720,Other selfpropelled trucks,9417430.0
202607,502,United States,842790,"Works trucks fitted with lifting or handling equipment, not self-propelled",9902156.0
202607,502,United States,842810,Lifts and skip hoists,5035643.0
202607,502,United States,842820,Pneumatic elevators and conveyors,599478.0
202607,502,United States,842831,"Continuous-action elevators and conveyors, for goods or materials, specially designed for underground use",73157.0
202607,502,United States,842832,"Continuous-action elevators and conveyors, for goods or materials, bucket type",719393.0
202607,502,United States,842833,"Continuous-action elevators and conveyors, for goods or materials, belt type",19154233.0
202607,502,United States,842839,"Continuous-action elevators and conveyors, for goods or materials (excluding those for underground use and bucket, belt or pneumatic types)",12637202.0
202607,502,United States,842840,Escalators and moving walkways,2126036.0
202607,502,United States,842860,"Teleferics, chairlifts, skidraglines; traction mechanisms for funiculars",520.0
202607,502,United States,842870,"Industrial robots, for lifting, handling, loading or unloading",5523450.0
202607,502,United States,842890,"Machinery for lifting, handling, loading or unloading, nes",22172055.0
202607,502,United States,842911,"Bulldozers and angledozers,track laying",74258.0
202607,502,United States,842920,Graders and levellers,221145.0
202607,502,United States,842930,Scrapers,1000.0
202607,502,United States,842940,Tamping machines and road rollers,7326642.0
202607,502,United States,842951,Frontend shovel loaders,29225111.0
202607,502,United States,842952,Machinery with a 360? revolving superstructure,38276646.0
202607,502,United States,842959,"Self-propelled mechanical shovels, excavators and shovel loaders (excluding self-propelled mechanical shovels with a 360° revolving superstructure and front-end shovel loaders)",1985098.0
202607,502,United States,843010,Piledrivers and pileextractors,881839.0
202607,502,United States,843020,Snowploughs and snowblowers,18409322.0
202607,502,United States,843039,"Other, coal or rock cutters and tunnelling machinery, not self-propelled",9005.0
202607,502,United States,843041,"Other, self-propelled boring or sinking machinery for boring earth or extracting minerals or ores",18085.0
202607,502,United States,843049,"Other, boring or sinking machinery for boring earth or extracting minerals or ores, not self-propelled and not hydraulic",284390.0
202607,502,United States,843050,"Other machinery, selfpropelled",901427.0
202607,502,United States,843061,"Tamping or compacting machinery, not self-propelled (excluding hand-operated tools)",1533803.0
202607,502,United States,843069,"Earth moving machinery, not self-propelled, n.e.s.",1685486.0
202607,502,United States,843110,Part of machinery of heading 84.25,6400924.0
202607,502,United States,843120,Part of machinery of heading 84.27,26344046.0
202607,502,United States,843131,"Part off lifts, skip hoists or escalators, of heading 84.28",10511396.0
202607,502,United States,843139,"Parts of machinery of heading 8428, n.e.s.",24705470.0
202607,502,United States,843141,"Buckets, shovels, grabs and grips",6286954.0
202607,502,United States,843142,Bulldozer or angledozer blades,238299.0
202607,502,United States,843143,Parts for boring or sinking machinery of subheading 8430.41 or,32393756.0
202607,502,United States,843149,"Parts of machinery of heading 8426, 8429 and 8430, n.e.s.",134517169.0
202607,502,United States,843210,Ploughs,32620.0
202607,502,United States,843221,Disc harrows,1310.0
202607,502,United States,843229,"Harrows, scarifiers, cultivators, weeders and hoes for use in agriculture, horticulture or forestry (excluding disc harrows)",1658852.0
202607,502,United States,843231,"Notill direct seeders, planters and transplanters",333381.0
202607,502,United States,843239,"No-till direct seeders, planters and transplanters",275361.0
202607,502,United States,843242,Fertiliser distributors,67801.0
202607,502,United States,843280,"Agricultural, horticultural or forestry machinery for soil preparation or cultivation; lawn or sports-ground rollers (excluding sprayers and dusters, ploughs, harrows, scarifiers, cultivators, weeders, hoes, seeders, planters, manure spreaders and fertiliser distributors)",1327103.0
202607,502,United States,843290,"Parts of agricultural, horticultural or forestry machinery for soil preparation or cultivation or of lawn or sports-ground rollers, n.e.s.",10886285.0
202607,502,United States,843311,"Powered, with the cutting device rotating in a horizontal plane",18724472.0
202607,502,United States,843319,"Mowers for lawns, parks or sports grounds, powered, with the cutting device rotating in a vertical plane or with cutter bars",5369601.0
202607,502,United States,843320,"Other mowers, including cutter bars for tractor mounting",1601680.0
202607,502,United States,843330,Other haymaking machinery,9319.0
202607,502,United States,843340,"Straw or fodder balers, including pickup balers",167127.0
202607,502,United States,843351,Combine harvester-threshers,3000.0
202607,502,United States,843352,Threshing machinery (excluding combine harvester-threshers),24604.0
202607,502,United States,843353,Root or tuber harvesting machines,1495.0
202607,502,United States,843359,"Harvesting machinery for agricultural produce (excluding mowers, haymaking machinery, straw and fodder balers, incl. pick-up balers, combine harvester-threshers, other threshing machinery and root or tuber harvesting machines)",1580.0
202607,502,United States,843360,"Machines for cleaning, sorting or grading eggs, fruit or other agricultural produce",462703.0
202607,502,United States,843390,"Parts of harvesting machinery, threshing machinery, mowers and machines for cleaning, sorting or grading agricultural produce, n.e.s.",27639725.0
202607,502,United States,843410,Milking machines,23464.0
202607,502,United States,843490,"Parts of milking machines and dairy machinery, n.e.s.",1261642.0
202607,502,United States,843510,"Presses, crushers and similar machinery used in the manufacture of wine, cider, fruit juices or similar beverages (excluding machinery for the treatment of these beverages, incl. centrifuges, filter presses, other filtering equipment and domestic appliances)",701886.0
202607,502,United States,843590,"Parts of presses, crushers and similar machinery used in the manufacture of wine, cider, fruit juices or similar beverages, n.e.s.",169907.0
202607,502,United States,843610,Machinery for preparing animal feeding stuffs,145554.0
202607,502,United States,843621,Poultry incubators and brooders,353824.0
202607,502,United States,843629,"Poultry-keeping machinery (excluding machines for sorting or grading eggs, poultry pickers of heading 8438 and incubators and brooders)",606002.0
202607,502,United States,843680,"Agricultural, horticultural, forestry or bee-keeping machinery, n.e.s.",8997319.0
202607,502,United States,843691,"Parts of poultry-keeping machinery or poultry incubators and brooders, n.e.s.",695172.0
202607,502,United States,843699,"Parts of agricultural, horticultural, forestry or bee-keeping machinery of heading 84.36, n.e.s.",1721261.0
202607,502,United States,843710,"Machines for cleaning, sorting or grading seed, grain or dried leguminous vegetables",802262.0
202607,502,United States,843780,"Machinery used in the milling industry or for the working of cereals or dried leguminous vegetables (excluding farm-type machinery, heat treatment equipment, centrifugal dryers, air filters and machines for cleaning, sorting or grading seed, grain or dried leguminous vegetables)",78188.0
202607,502,United States,843790,"Parts of machinery used in the milling industry or for the working of cereals or dried leguminous vegetables or machines for cleaning, sorting or grading seed, grain or dried leguminous vegetables, n.e.s.",394721.0
202607,502,United States,843810,"Bakery machinery and machinery for the manufacture of macaroni, spaghetti or similar products",2513853.0
202607,502,United States,843820,"Machinery for the manufacture of confectionery, cocoa or chocolate",1768844.0
202607,502,United States,843830,Machinery for sugar manufacture,159016.0
202607,502,United States,843840,Brewery machinery,877548.0
202607,502,United States,843850,Machinery for the preparation of meat or poultry,4118638.0
202607,502,United States,843860,"Machinery for the preparation of fruits, nuts or vegetables",991270.0
202607,502,United States,843880,"Machinery for the industrial preparation or manufacture of food or drink, nes",2510558.0
202607,502,United States,843890,"Parts of machinery for the industrial preparation or manufacture of food or drink, nes",3811837.0
202607,502,United States,843910,Machinery for making pulp of fibrous cellulosic material,871847.0
202607,502,United States,843930,Machinery for finishing paper or paperboard,1074673.0
202607,502,United States,843991,"Parts of machinery for making pulp of fibrous cellulosic material, n.e.s.",772580.0
202607,502,United States,843999,"Parts of machinery for making or finishing paper or paperboard, n.e.s.",653551.0
202607,502,United States,844010,"Bookbinding machinery, incl. book-sewing machines (excluding machinery of heading 8441, general-purpose presses, printing machinery of heading 8443 and machines of uses ancillary to printing)",358311.0
202607,502,United States,844090,"Parts of bookbinding machinery, n.e.s.",14109.0
202607,502,United States,844110,Cutting machines,3976292.0
202607,502,United States,844120,"Machines for making bags, sacks or envelopes",1764400.0
202607,502,United States,844130,"Machines for making cartons, boxes, cases, tubes, drums or similar containers, other than by moulding",1458918.0
202607,502,United States,844140,"Machines for moulding articles in paper pulp, paper or paperboard",157109.0
202607,502,United States,844180,"Machinery for making up paper pulp, paper or paperboard, n.e.s.",2233445.0
202607,502,United States,844190,"Parts of machinery for making up paper pulp, paper or paperboard, n.e.s.",1010487.0
202607,502,United States,844230,"Machinery, apparatus and equipment",557793.0
202607,502,United States,844240,"Parts of the foregoing machinery, apparatus or equipment",50355.0
202607,502,United States,844250,"Plates, cylinders and other printing components; plates, cylinders and lithographic stones, prepared for printing purposes (for example, planed, grained or polished)",702765.0
202607,502,United States,844313,Other offset printing machinery,1965518.0
202607,502,United States,844314,"Letterpress printing machinery, reel fed, excluding flexographic printing",34706.0
202607,502,United States,844316,Flexographic printing machinery,643785.0
202607,502,United States,844317,Gravure printing machinery,9428.0
202607,502,United States,844319,"Printing machinery used for printing by means of plates, cylinders and other printing components of heading 8442 (excluding hectograph or stencil duplicating machines, addressing machines and other office printing machines of heading 8469 to 8472, ink jet printing machines and offset, flexographic, letterpress and gravure printing machinery)",1518484.0
202607,502,United States,844331,"Machines which perform two or more of the functions of printing, copying or facsimile transmission, capable of connecting to an automatic data processing machine or to a network",12004044.0
202607,502,United States,844332,"Other, capable of connecting to an automatic data processing machine or to a network",44673995.0
202607,502,United States,844339,"Printers, copying machines and facsimile machines, whether or not combined (excluding those capable of connecting to an automatic data processing machine or to a network and printing machinery used for printing by means of plates, cylinders and other printing components of heading 8442)",5150271.0
202607,502,United States,844391,"Parts and accessories of printing machinery used for printing by means of plates, cylinders and other printing components of heading 84.42",970891.0
202607,502,United States,844399,"Parts and accessories of printers, copying machines and facsimile machines, n.e.s. (excluding of printing machinery used for printing by means of plates, cylinders and other printing components of heading 8443)",54800836.0
202607,502,United States,844400,"Machines for extruding, drawing, texturing or cutting man-made textile materials",249125.0
202607,502,United States,844511,Carding machines,584.0
202607,502,United States,844519,"Machines for preparing textile fibres (excluding carding, combing, drawing or roving machines)",838.0
202607,502,United States,844520,Textile spinning machines,41199.0
202607,502,United States,844530,Textile doubling or twisting machines,3800.0
202607,502,United States,844540,Textile winding (including weftwinding) or reeling machines,22047.0
202607,502,United States,844590,"Machines for producing textile yarns and machines for preparing textile yarns for use on machines of heading 8446 or 8447 (excluding machines of heading 8444 and spinning, doubling or twisting machines)",1570.0
202607,502,United States,844610,Weaving machines for weaving fabrics of a width ≤ 30 cm,9108.0
202607,502,United States,844621,"Power looms for weaving fabrics of a width ＞ 30 cm, shuttle type",114032.0
202607,502,United States,844711,"Circular knitting machines, with cylinder diameter ≤ 165 mm",26523.0
202607,502,United States,844712,"Circular knitting machines, with cylinder diameter ＞ 165 mm",18841.0
202607,502,United States,844720,Flat knitting machines; stitch-bonding machines,146657.0
202607,502,United States,844790,"Machines for making gimped yarn, tulle, lace, embroidery, trimmings, braid or net and machines for tufting (excluding chain or blanket stitch machines)",3464221.0
202607,502,United States,844811,"Dobbies and Jacquards; card reducing, copying, punching or assembling machines for use therewith",630.0
202607,502,United States,844819,"Auxiliary machinery for machines of heading 8444, 8445, 8446 or 8447 (excluding doobies and jacquards, card reducing, copying, punching or assembling machines for use therewith)",52406.0
202607,502,United States,844820,Parts and accessories of machines of heading 84.44 or of their auxiliary machinery,81088.0
202607,502,United States,844831,Card clothing,44929.0
202607,502,United States,844832,"Parts and accessories of machines for preparing textile fibres, n.e.s. (other than card clothing)",255929.0
202607,502,United States,844833,"Spindles, spindle flyers, spinning rings and ring travellers",900.0
202607,502,United States,844839,"Parts and accessories of machines of heading 8445, n.e.s.",96610.0
202607,502,United States,844842,"Reeds for looms, healds and healdframes",301.0
202607,502,United States,844849,"Parts and accessories of weaving machines (looms)and their auxiliary machinery, n.e.s.",431620.0
202607,502,United States,844851,"Sinkers, needles and other articles used in forming stitches",46.0
202607,502,United States,844859,"Parts and accessories of machines of heading 8447, n.e.s.",383049.0
202607,502,United States,844900,"Machinery for the manufacture or finishing of felt or 84.49 nonwovens in the piece or in shapes, including machinery for making felt hats; blocks for making hats.",2036574.0
202607,502,United States,845011,"Fully-automatic household or laundry-type washing machines, of a dry linen capacity ≤ 6 kg",3816402.0
202607,502,United States,845012,"Household or laundry-type washing machines, with built-in centrifugal drier (excluding fully-automatic machines)",783133.0
202607,502,United States,845019,"Household or laundry-type washing machines, of a dry linen capacity ≤ 6 kg (excluding fully-automatic machines and washing machines with built-in centrifugal drier)",389701.0
202607,502,United States,845020,"Laundry-type washing machines, each of a dry linen capacity exceeding 10 kg",20243862.0
202607,502,United States,845090,"Parts of household or laundry-type washing machines, n.e.s.",5363737.0
202607,502,United States,845110,Drycleaning machines,126009.0
202607,502,United States,845121,"Drying machines, of a dry linen capacity ≤ 10 kg (excluding centrifugal driers)",2303903.0
202607,502,United States,845129,"Drying machines for textile yarns, fabrics or made-up textile articles (excluding machines of a dry linen capacity ≤ 10 kg and centrifugal driers)",259665.0
202607,502,United States,845130,Ironing machines and presses (including fusing presses),1812426.0
202607,502,United States,845140,"Washing, bleaching or dyeing machines",169641.0
202607,502,United States,845150,"Machines for reeling, unreeling, folding, cutting or pinking textile fabrics",1175219.0
202607,502,United States,845180,"Machinery for dressing, finishing, coating or impregnating textile yarns, fabrics or other made-up textile articles and machines used in the manufacture of linoleum or other floor coverings for applying the paste to the base fabric or other support (excluding machinery for dressing or finishing felt, calenders and general purpose presses)",1151430.0
202607,502,United States,845190,"Parts of machines for washing, cleaning, wringing, drying, ironing, pressing, bleaching, dyeing, dressing, finishing, coating or impregnating textile yarns, fabrics or made-up textile articles; parts of machines used in the manufacture of linoleum or other floor coverings for applying the paste to the base fabric or other support; parts of machines for reeling, unreeling, folding, cutting or pinking textile fabrics, n.e.s.",2229088.0
202607,502,United States,845210,Sewing machines of the household type,2360475.0
202607,502,United States,845221,"Automatic sewing machines, industrial type",1025290.0
202607,502,United States,845229,"Sewing machines, industrial type (excluding automatic units)",651071.0
202607,502,United States,845230,Sewing machine needles,126590.0
202607,502,United States,845290,"Furniture, bases and covers for sewing machines and parts thereof; other parts of sewing machines",2046535.0
202607,502,United States,845310,"Machinery for preparing, tanning or working hides, skins or leather",204688.0
202607,502,United States,845320,Machinery for making or repairing footwear,88342.0
202607,502,United States,845380,"Machinery for making or repairing articles of hides, skins or leather (excluding footwear and sewing machines)",26043.0
202607,502,United States,845390,"Parts of machinery for preparing, tanning or working hides, skins or leather or for making or repairing footwear or other articles of hides, skins or leather, n.e.s.",12999.0
202607,502,United States,845420,Ingot moulds and ladles,176587.0
202607,502,United States,845430,Casting machines,154088.0
202607,502,United States,845490,"Parts of converters, ladles, ingot moulds and casting machines of a kind used in metallurgy or in metal foundries, n.e.s.",2335162.0
202607,502,United States,845510,Tube mills,869236.0
202607,502,United States,845521,Hot or combination hot and cold metal-rolling mills (excluding tubes mills),5755.0
202607,502,United States,845522,Cold-rolling mills for metal (excluding tube mills),999248.0
202607,502,United States,845530,Rolls for rolling mills,1248240.0
202607,502,United States,845590,"Parts of metal-rolling mills, n.e.s.",2841697.0
202607,502,United States,845611,"Machine tools for working any material by removal of material, operated by laser (excl. soldering and welding machines, also those which can be used for cutting, material testing machines and machines for the manufacture of semiconductor devices or of electronic integrated circuits)",26387143.0
202607,502,United States,845612,"Machine tools for working any material by removal of material, operated by light or photon beam processes other than laser (excl. soldering and welding machines, also those which can be used for cutting, material testing machines and machines for the manufacture of semiconductor devices or of electronic integrated circuits)",1306.0
202607,502,United States,845620,"Machine tools for working any material by removal of material, operated by ultrasonic processes",2009.0
202607,502,United States,845630,"Machine tools for working any material by removal of material, operated by electro-discharge processes",252555.0
202607,502,United States,845640,"Machine tools for working any material by removal of material, operated by plasma arc processes",311210.0
202607,502,United States,845650,Water-jet cutting machines,202072.0
202607,502,United States,845710,Machining centres,158905.0
202607,502,United States,845730,Multistation transfer machines,4968.0
202607,502,United States,845811,"Horizontal lathes, incl. turning centres, for removing metal, numerically controlled",321916.0
202607,502,United States,845819,"Horizontal lathes, incl. turning centres, for removing metal, not numerically controlled",537122.0
202607,502,United States,845891,"Lathes, incl. turning centres, for removing metal, numerically controlled (excluding horizontal lathes)",83675.0
202607,502,United States,845899,"Lathes, incl. turning centres, for removing metal, not numerically controlled (excluding horizontal lathes)",256122.0
202607,502,United States,845921,"Drilling machines for working metal, numerically controlled (excluding way-type unit head machines)",89266.0
202607,502,United States,845929,"Drilling machines for working metal, not numerically controlled (excluding way-type unit head machines and hand-operated machines)",696643.0
202607,502,United States,845939,"Boring-milling machines for metals, not numerically controlled (excluding way-type unit head machines)",62381.0
202607,502,United States,845949,"Boring machines for metals, not numerically controlled (excl. way-type unit head machines and boring-milling machines)",19124.0
202607,502,United States,845951,"Milling machines for metals, knee-type, numerically controlled",298484.0
202607,502,United States,845959,"Milling machines for metals, knee-type, not numerically controlled",217466.0
202607,502,United States,845961,"Milling machines for metals, numerically controlled (excluding way-type unit head machines, boring-milling machines, knee-type milling machines and gear cutting machines)",79605.0
202607,502,United States,845969,"Milling machines for metals, not numerically controlled (excluding way-type unit head machines, boring-milling machines, knee-type milling machines and gear cutting machines)",181935.0
202607,502,United States,845970,Threading or tapping machines for metals (excluding way-type unit head machines),313699.0
202607,502,United States,846012,"Flat-surface grinding machines for finishing metal, numerically controlled",26651.0
202607,502,United States,846019,"Flat-surface grinding machines, for working metal, in which the positioning in any one axis can be set up to an accuracy of at least 0,01 mm, not numerically controlled",23497.0
202607,502,United States,846022,"Centreless grinding machines for finishing metal, numerically controlled (other than gear finishing machines)",31279.0
202607,502,United States,846031,"Sharpening tool or cutter grinding"" machines, numerically controlled""",2231.0
202607,502,United States,846039,"Sharpening tool or cutter grinding"" machines, not numerically controlled""",106750.0
202607,502,United States,846040,"Honing or lapping machines, for working metals, metal carbides or cermets (excluding gear cutting, gear grinding or gear finishing machines)",89099.0
202607,502,United States,846090,"Machines for deburring, grinding or polishing metals, metal carbides or cermets (excluding grinding machines in which the positioning in any one axis can be set up to an accuracy of at least 0,01 mm, gear cutting, gear grinding or gear finishing machines and machines for working in the hand)",646500.0
202607,502,United States,846140,"Gear cutting, gear grinding or gear finishing machines",9120.0
202607,502,United States,846150,Sawing or cuttingoff machines,1909410.0
202607,502,United States,846190,"Planing machines and other machine tools for working metals, metal carbides or cermets by removing material, n.e.s.",1644154.0
202607,502,United States,846211,Closed die forging machines,96168.0
202607,502,United States,846219,"Other hot forming machines for forging, die forging (including presses) and hot hammers",50510.0
202607,502,United States,846222,Profile forming machines,517585.0
202607,502,United States,846223,Numerically controlled press brakes,1047686.0
202607,502,United States,846224,Numerically controlled panel benders,50859.0
202607,502,United States,846226,"Other numerically controlled bending, folding, straightening or flattening machines",133285.0
202607,502,United States,846229,"Other bending, folding, straightening or flattening machines (including press brakes) for flat products, not numerically controlled",1409330.0
202607,502,United States,846232,Slitting lines and cut-to-length lines,2204.0
202607,502,United States,846233,Numerically controlled shearing machines,63624.0
202607,502,United States,846239,"Other slitting lines, cut-to-length and other shearing machines (excluding presses) for flat products, other than combined punching and shearing machines",196700.0
202607,502,United States,846242,"Numerically controlled punching, notching or nibbling machines (excluding presses) for flat products including combined punching and shearing machines",123336.0
202607,502,United States,846249,"Punching, notching or nibbling machines (excluding presses) for flat products including combined punching and shearing machines, not numerically controlled",84148.0
202607,502,United States,846251,"Numerically controlled machines for working tube, pipe, hollow section and bar (excluding presses)",252560.0
202607,502,United States,846259,"Machines for working tube, pipe, hollow section and bar (excluding presses), not numerically controlled",311288.0
202607,502,United States,846261,Hydraulic presses,1926862.0
202607,502,United States,846262,Mechanical presses,289732.0
202607,502,United States,846263,Servo-presses,56018.0
202607,502,United States,846269,Other cold metal working presses,8478.0
202607,502,United States,846290,Other presses for working metal or metal carbides,465789.0
202607,502,United States,846310,"Drawbenches for bars, tubes, profiles, wire or the like",297896.0
202607,502,United States,846320,Thread rolling machines,80318.0
202607,502,United States,846330,Machines for working wire,346583.0
202607,502,United States,846390,"Machine tools for working metal, sintered metal carbides or cermets, without removing metal (excluding forging, bending, folding, straightening and flattening presses, shearing machines, punching or notching machines, presses, draw-benches, thread rolling machines, machines for working metal wire and machines for working in the hand)",274604.0
202607,502,United States,846410,"Sawing machines for working stone, ceramics, concrete, asbestos-cement or like mineral materials or for cold-working glass",513159.0
202607,502,United States,846420,"Grinding or polishing machines, for working stone, ceramics, concrete, asbestos-cement or like mineral materials or for cold-working glass",1664945.0
202607,502,United States,846490,"Machine tools for working stones, concrete, asbestos cement or similar mineral substances or for cold-working glass (excluding sawing machines, grinding machines, polishing machines, hand-operated machines and machines for scribing or scoring semiconductor wafers)",1054076.0
202607,502,United States,846510,Machines which can carry out different types of machining operations without tool change between such operations,107913.0
202607,502,United States,846520,"Machining centres for working wood, cork, bone, hard rubber, hard plastics or similar hard materials, which can carry out different types of machining operations by automatic tool change from a magazine or the like in conformity with a machining programme",12600.0
202607,502,United States,846591,"Sawing machines for working wood, cork, bone, hard rubber, hard plastics or similar hard materials (excluding machines for working in the hand)",6050175.0
202607,502,United States,846592,"Planing, milling or moulding -by cutting- machines, for working wood, cork, bone, hard rubber, hard plastics or similar hard materials (excluding machines for working in the hand and machines of subheading 8465.10)",1307350.0
202607,502,United States,846593,"Grinding, sanding or polishing machines for working wood, cork, bone, hard rubber, hard plastics or similar hard materials (excluding machines for working in the hand)",1238115.0
202607,502,United States,846594,"Bending or assembling machines for working wood, cork, bone, hard rubber, hard plastics or similar hard materials (excluding machines for working in the hand)",313822.0
202607,502,United States,846595,"Drilling or mortising machines for working wood, cork, bone, hard rubber, hard plastics or similar hard materials (excluding machines for working in the hand and machines of subheading 8465.10)",818859.0
202607,502,United States,846596,"Splitting, slicing or paring machines, for working wood",7863885.0
202607,502,United States,846599,"Machine tools for working wood, cork, bone, hard rubber, hard plastics or similar hard materials (excluding machines for working in the hand, machines of subheading 8465.10, sawing machines, planing, milling or moulding by cutting"" machines, grinding, sanding or polishing machines, bending or assembling machines, drilling or mortising machines and splitting, slicing or paring machines)""",5983882.0
202607,502,United States,846610,"Tool holders, incl. tool holders for any type of tool for working in the hand, and self-opening dieheads, for machine tools",1219453.0
202607,502,United States,846620,Work holders for machine tools,2650102.0
202607,502,United States,846630,"Dividing heads and other special attachments for machine tools, n.e.s.",117086.0
202607,502,United States,846691,"Parts and accessories for machine tools for working stone, ceramics, concrete, asbestos-cement or like mineral materials or for cold-working glass, n.e.s.",515658.0
202607,502,United States,846692,"Parts and accessories for machine tools for working wood, cork, bone, hard rubber, hard plastics or similar hard materials, nes",2199748.0
202607,502,United States,846693,"Parts and accessories for machine tools for working metal by removing material, n.e.s.",7633802.0
202607,502,United States,846694,"Parts and accessories for machine tools for working metal without removing material, nes",1989797.0
202607,502,United States,846711,Rotary type (including combined rotary-percussion),2026959.0
202607,502,United States,846719,"Pneumatic tools for working in the hand, non-rotary type",3729672.0
202607,502,United States,846721,"Drills of all kinds for working in the hand, with self-contained electric motor",25266536.0
202607,502,United States,846722,"Saws for working in the hand, with self-contained electric motor",36887813.0
202607,502,United States,846729,"Electromechanical tools for working in the hand, with self-contained electric motor (excluding saws and drills)",100219121.0
202607,502,United States,846781,"Chain saws, with self-contained electric motor",4553532.0
202607,502,United States,846789,"Tools for working in the hand, hydraulic or with self-contained non-electric motor (excluding chainsaws and pneumatic tools)",9799481.0
202607,502,United States,846791,"Parts of chainsaws, for working in the hand, with self-contained electric or non-electric motor, n.e.s.",2328960.0
202607,502,United States,846792,"Parts of pneumatic tools for working in the hand, n.e.s.",4447856.0
202607,502,United States,846799,"Parts of pneumatic tools for working in the hand, hydraulic or with self-contained electric or non-electric motor, n.e.s.",12345497.0
202607,502,United States,846810,Handheld blow pipes,2950814.0
202607,502,United States,846820,Other gasoperated machinery and apparatus,277409.0
202607,502,United States,846880,"Machinery and apparatus for welding, not gas-operated (excluding electric machines and apparatus of heading 8515)",2397074.0
202607,502,United States,846890,"Parts of machinery and apparatus for soldering, brazing, welding or surface tempering, non-electric, n.e.s.",2813867.0
202607,502,United States,847010,"Electronic calculators capable of operation without an external source of electric power and pocketsize data recording, reproducing and displaying machines with calculating functions",506570.0
202607,502,United States,847021,"Electronic calculating machines incorporating a printing device, with mains connection",267060.0
202607,502,United States,847029,"Electronic calculating machines not incorporating a printing device, with mains connection",725949.0
202607,502,United States,847050,Cash registers,26558825.0
202607,502,United States,847090,"Accounting machines, postage-franking machines, ticket-issuing machines and similar machines, incorporating a calculating device (excluding calculating machin, cash registers and automatic vending machines)",803129.0
202607,502,United States,847130,"Portable automatic data processing machines, weighing not more than 10 kg, consisting of at least a central processing unit, a keyboard and a display",1285508495.0
202607,502,United States,847141,"Comprising in the same housing at least a central processing unit and an input and output unit, whether or not combined",32705189.0
202607,502,United States,847149,"Other, presented in the form of systems",43925280.0
202607,502,United States,847150,"Processing units other than those of subheading 8471.41 or 8471.49, whether or not containing in the same housing one or two of the following types of unit : storage units, input units, output units",108078007.0
202607,502,United States,847160,"Input or output units, whether or not containing storage units in the same housing",80231596.0
202607,502,United States,847170,Storage units,150270355.0
202607,502,United States,847180,Other units of automatic data processing machines,54470325.0
202607,502,United States,847190,"Magnetic or optical readers, machines for transcribing data onto data media in coded form and machines for processing such data, n.e.s.",7871460.0
202607,502,United States,847230,"Machines for sorting or folding mail or for inserting mail in envelopes or bands, machines for opening, closing or sealing mail and machines for affixing or cancelling postage stamps",4720.0
202607,502,United States,847290,"Office machines, n.e.s.",10130181.0
202607,502,United States,847321,"Parts and accessories of electronic calculating machines of subheading 8470.10, 8470.21 or 8470.29, n.e.s.",151679.0
202607,502,United States,847329,"Parts and accessories of non-electronic calculators for accounting machines, cash registers or other machines, incorporating a calculating device, of heading 8470, n.e.s.",2363331.0
202607,502,United States,847330,Parts and accessories of the machines of heading 84.71,1689534643.0
202607,502,United States,847340,Parts and accessories of the machines of heading 84.72,1020529.0
202607,502,United States,847350,Parts and accessories equally suitable for use with the machines of two or more of the headings 84.70 to 84.72,2430288.0
202607,502,United States,847410,"Sorting, screening, separating or washing machines",1054553.0
202607,502,United States,847420,Crushing or grinding machines,2261085.0
202607,502,United States,847431,Concrete or mortar mixers,1128422.0
202607,502,United States,847439,"Machinery for mixing or kneading solid mineral substances, incl. those in powder or paste form",939140.0
202607,502,United States,847480,"Machinery for agglomerating, shaping or moulding solid mineral fuels, ceramic paste, unhardened cements, plastering materials and other mineral products in powder or paste form; machines for forming foundry moulds of sand",668463.0
202607,502,United States,847490,"Parts of machinery for working mineral substances of heading 8474, nes",13139544.0
202607,502,United States,847529,Machines for manufacturing or hot working glass or glassware (excluding machines for making optical fibres and preforms thereof and furnaces and heating apparatus for manufacturing toughened glass),14516.0
202607,502,United States,847590,"Parts of machines for assembling electric or electronic lamps, tubes or valves or flashbulbs, in glass envelopes and of machines for manufacturing or hot working glass or glassware, nes",136085.0
202607,502,United States,847621,Automatic beverage-vending machines incorporating heating or refrigerating devices,1467014.0
202607,502,United States,847629,"Automatic beverage-vending machines, without heating or refrigerating devices",482518.0
202607,502,United States,847681,Automatic goods-vending machines incorporating heating or refrigerating devices (excluding automatic beverage-vending machines),1843297.0
202607,502,United States,847689,"Automatic goods-vending machines, without heating or refrigerating devices; money changing machines (excluding automatic beverage-vending machines)",2936295.0
202607,502,United States,847690,"Parts of automatic goods-vending machines, incl. money changing machines, n.e.s.",1603463.0
202607,502,United States,847710,Injectionmoulding machines,5265432.0
202607,502,United States,847720,Extruders,749291.0
202607,502,United States,847740,Vacuum moulding machines and other thermoforming machines,1021296.0
202607,502,United States,847759,"Machinery for moulding or otherwise forming products from rubber or plastics (excluding injection-moulding machines, extruders, blow-moulding machines, vacuum-moulding and other thermoforming machines; machinery for moulding or retreading pneumatic tyres or for moulding or otherwise forming inner tubes)",819797.0
202607,502,United States,847780,"Machinery for working rubber or plastics or for the manufacture of products from these materials, not specified or included elsewhere in this chapter",7237049.0
202607,502,United States,847790,"Parts of machinery for working rubber or plastics or for the manufacture of products from these materials, nes",6675412.0
202607,502,United States,847810,"Machinery for preparing or making up tobacco (excluding dryers and other heating equipment, centrifuges and filter presses)",91710.0
202607,502,United States,847890,"Parts of machinery for preparing or making up tobacco, n.e.s.",148.0
202607,502,United States,847910,"Machinery for public works, building or the like",1967290.0
202607,502,United States,847920,machinery for the extraction or preparation of animal or fixed vegetable fats or microbial fats or oils.,150091.0
202607,502,United States,847930,Presses for the manufacture of particle board or fibre building board of wood or other ligneous materials and other machinery for treating wood or cork,2625.0
202607,502,United States,847940,Rope or cablemaking machines,843959.0
202607,502,United States,847950,"Industrial robots, not elsewhere specified or included",4286270.0
202607,502,United States,847960,Evaporative air coolers,668670.0
202607,502,United States,847981,"Machinery for treating metal, incl. electric wire coil-winders, n.e.s. (excluding industrial robots, furnaces, dryers, spray guns and the like, high-pressure cleaning equipment and other jet cleaners, rolling millls or machines, machine tools and rope or cable-making machines)",4080568.0
202607,502,United States,847982,"Mixing, kneading, crushing, grinding, screening, sifting, homogenising, emulsifying or stirring machines",5158903.0
202607,502,United States,847989,"Machines and mechanical appliances, n.e.s.",126167501.0
202607,502,United States,847990,"Parts of machines and mechanical appliances, n.e.s.",42066029.0
202607,502,United States,848010,Moulding boxes for metal foundry,53775.0
202607,502,United States,848020,Mould bases,1088877.0
202607,502,United States,848030,Moulding patterns,16487.0
202607,502,United States,848041,Injection or compression types,4046659.0
202607,502,United States,848049,"Moulds for metal or metal carbides (excluding moulds of graphite or other carbons, ceramic or glass moulds, linotype moulds or matrices, injection or compression-type moulds and ingot moulds)",783543.0
202607,502,United States,848050,Moulds for glass,2279168.0
202607,502,United States,848060,Moulds for mineral materials,759676.0
202607,502,United States,848071,Injection or compression types,44843655.0
202607,502,United States,848079,Moulds for rubber or plastics (other than injection or compression types),3001122.0
202607,502,United States,848110,Pressurereducing valves,4568987.0
202607,502,United States,848120,Valves for oleohydraulic or pneumatic transmissions,4407051.0
202607,502,United States,848130,Check (nonreturn) valves,9567538.0
202607,502,United States,848140,Safety or relief valves,3318254.0
202607,502,United States,848180,"Appliances for pipes, boiler shells, tanks, vats or the like (excluding pressure-reducing valves, valves for the control of pneumatic power transmission, check non-return"" valves and safety or relief valves)""",214939433.0
202607,502,United States,848190,"Parts of valves and similar articles for pipes, boiler shells, tanks, vats or the like, n.e.s.",120293447.0
202607,502,United States,848210,Ball bearings,25651357.0
202607,502,United States,848220,"Tapered roller bearings, including cone and tapered roller assemblies",4427940.0
202607,502,United States,848230,Spherical roller bearings,1324293.0
202607,502,United States,848240,"Needle roller bearings, including cage and needle roller assemblies",3508086.0
202607,502,United States,848250,"Other cylindrical roller bearings, including cage and needle roller assemblies",6043402.0
202607,502,United States,848280,"Other, including combined ball/roller bearings",1586984.0
202607,502,United States,848291,"Balls, needles and rollers",2462499.0
202607,502,United States,848299,"Parts of ball or roller bearings (excluding balls, needles and rollers), n.e.s.",4344920.0
202607,502,United States,848310,Transmission shafts (including cam shafts and crank shafts) and cranks,25252726.0
202607,502,United States,848320,"Bearing housings, incorporating ball or roller bearings",2785013.0
202607,502,United States,848330,"Bearing housings, not incorporating ball or roller bearings; plain shaft bearings",12674715.0
202607,502,United States,848340,"Gears and gearing, other than toothed wheels, chain sprockets and other transmission elements presented separately; ball or roller screws; gear boxes and other speed changers, including torque converters",30196264.0
202607,502,United States,848350,"Flywheels and pulleys, including pulley blocks",7395409.0
202607,502,United States,848360,Clutches and shaft couplings (including universal joints),5602909.0
202607,502,United States,848390,"Toothed wheels, chain sprockets and other transmission elements presented separately; parts, couplings and other articles of heading 8483, n.e.s.",44498588.0
202607,502,United States,848410,Gaskets and similar joints of metal sheeting combined with other material or of two or more layers of metal,5748965.0
202607,502,United States,848420,Mechanical seals,3566722.0
202607,502,United States,848490,"Sets or assortments of gaskets and similar joints, dissimilar in composition, put up in pouches, envelopes or similar packings",1279772.0
202607,502,United States,848510,Machines for additive manufacturing by metal deposit,372010.0
202607,502,United States,848520,Machines for additive manufacturing by plastic or rubber deposit,104901323.0
202607,502,United States,848580,Other machines for additive manufacturing,70246.0
202607,502,United States,848590,Parts for machines for additive manufacturing,11409311.0
202607,502,United States,848610,Machines and apparatus for the manufacture of boules or wafers,176844545.0
202607,502,United States,848620,Machines and apparatus for the manufacture of semiconductor devices or of electronic integrated circuits,190775313.0
202607,502,United States,848630,Machines and apparatus for the manufacture of flat panel displays,1350.0
202607,502,United States,848640,Machines and apparatus specified in Note 11 (C) to this Chapter,46172148.0
202607,502,United States,848690,Parts and accessories for machines and apparatus of heading 8486.,25727264.0
202607,502,United States,848710,Ships' or boats' propellers and blades therefor,1633484.0
202607,502,United States,848790,"Parts of machinery of chapter 84, not intended for a specific purpose, n.e.s.",4180646.0
202607,502,United States,850110,Motors of an output not exceeding 37.5 W,30366506.0
202607,502,United States,850120,Universal AC/DC motors of an output exceeding 37.5 W,868331.0
202607,502,United States,850131,DC motors of an output not exceeding 750 W,39625133.0
202607,502,United States,850132,DC motors and DC generators of an output exceeding 750 W but not exceeding 75 kW,8847409.0
202607,502,United States,850133,DC motors and DC generators of an output exceeding 75 kW but not exceeding 375 kW,29581.0
202607,502,United States,850140,"Other AC motors, singlephase",21051661.0
202607,502,United States,850151,"AC motors, multi-phase, of an output not exceeding 750 W",2161019.0
202607,502,United States,850152,"AC motors, multi-phase, of an output exceeding 750 W but not exceeding 75 kW",12710786.0
202607,502,United States,850153,"AC motors, multi-phase, of an output exceeding 75 kW",13457536.0
202607,502,United States,850161,"AC generators (alternators), of an output not exceeding 75 kVA",6073065.0
202607,502,United States,850162,"AC generators (alternators), of an output exceeding 75 kVA but not exceeding 375 kVA",1175205.0
202607,502,United States,850163,"AC generators (alternators), of an output exceeding 375 kVA but not exceeding 750 kVA",513920.0
202607,502,United States,850164,"AC generators (alternators), of an output exceeding 750 kVA",17776079.0
202607,502,United States,850171,Photovoltaic DC generators of an output not exceeding 50 W,29540.0
202607,502,United States,850172,Photovoltaic DC generators of an output exceeding 50 W,824745.0
202607,502,United States,850180,Photovoltaic AC generators,41961.0
202607,502,United States,850211,Generating sets with compression-ignition internal combustion piston engine (diesel or semi-diesel engine) of an output not exceeding 75 kVA,1235373.0
202607,502,United States,850212,Generating sets with compression-ignition internal combustion piston engine (diesel or semi-diesel engine) of an output exceeding 75 kVA but not exceeding 375 kVA,907116.0
202607,502,United States,850213,Generating sets with compression-ignition internal combustion piston engine (diesel or semi-diesel engine) of an output exceeding 375 kVA,6637379.0
202607,502,United States,850220,Generating sets with sparkignition internal combustion piston engines,12580900.0
202607,502,United States,850231,"Generating sets, wind-powered",125567.0
202607,502,United States,850239,Generating sets (excluding wind-powered and powered by spark-ignition internal combustion piston engine),1682447.0
202607,502,United States,850300,Parts suitable for use solely or principally with the machines of heading 85.01 or 85.02.,72996739.0
202607,502,United States,850410,Ballasts for discharge lamps or tubes,1759719.0
202607,502,United States,850421,"Liquid dielectric transformers, having a power handling capacity not exceeding 650 kVA",1875234.0
202607,502,United States,850422,"Liquid dielectric transformers, having a power handling capacity exceeding 650 kVA but not exceeding 10MVA",49991666.0
202607,502,United States,850423,"Liquid dielectric transformers, having a power handling capacity exceeding 10MVA",39317336.0
202607,502,United States,850431,Transformers having a power handling capacity not exceeding 1kVA,18571583.0
202607,502,United States,850432,Transformers having a power handling capacity exceeding 1kVA but not exceeding 16kVA,1110201.0
202607,502,United States,850433,Transformers having a power handling capacity exceeding 16kVA but not exceeding 500kVA,838815.0
202607,502,United States,850434,Transformers having a power handling capacity exceeding 500kVA,5573781.0
202607,502,United States,850440,Static converters,291350343.0
202607,502,United States,850450,Other inductors,18199314.0
202607,502,United States,850490,"Parts of electrical transformers and inductors, n.e.s.",90331287.0
202607,502,United States,850511,"Permanent magnets of metal and articles intended to become permanent magnets after magnetization (excluding chucks, clamps and similar holding devices)",39212059.0
202607,502,United States,850519,"Permanent magnets and articles intended to become permanent magnets after magnetization, of materials other than metal",3505806.0
202607,502,United States,850520,"Electromagnetic couplings, clutches and brakes",1094710.0
202607,502,United States,850590,"Electromagnets and electromagnetic lifting heads, and their parts (excluding magnets for medical use); electromagnetic or permanent magnet chucks, clamps and similar holding devices and their parts, n.e.s.",7119989.0
202607,502,United States,850610,Manganese dioxide cells and batteries,11217265.0
202607,502,United States,850650,Lithium cells and batteries,8295778.0
202607,502,United States,850660,Air-zinc cells and batteries,415904.0
202607,502,United States,850690,"Parts of primary cells and primary batteries, n.e.s.",1070430.0
202607,502,United States,850710,"Leadacid, of a kind used for starting piston engines",920148.0
202607,502,United States,850720,Other leadacid accumulators,7770398.0
202607,502,United States,850730,Nickelcadmium,146951.0
202607,502,United States,850750,Nickelmetal hydride,4005146.0
202607,502,United States,850760,Lithiumion,772800065.0
202607,502,United States,850780,Other accumulators,2553885.0
202607,502,United States,850790,"Plates, separators and other parts of electric accumulators, n.e.s.",16712009.0
202607,502,United States,850811,"Vacuum cleaners, with self-contained electric motor, power not exceeding 1,500 W and having a dust bag or other receptacle capacity not exceeding 20 l",76755827.0
202607,502,United States,850819,"Other vacuum cleaners, with self-contained electric motor",2687621.0
202607,502,United States,850860,"Vacuum cleaners, incl. dry cleaners and wet vacuum cleaners (without self-contained electric motor)",226234.0
202607,502,United States,850870,"Parts of vacuum cleaners, dry cleaners and wet vacuum cleaners, n.e.s.",7294880.0
202607,502,United States,850940,Food grinders and mixers; fruit or vegetable juice extractors,58837589.0
202607,502,United States,850980,"Electro-mechanical tools, for working in the hand, with self-contained electric motor (excluding saws and drills)",146858743.0
202607,502,United States,850990,"Parts of electro-mechanical tools, for working in the hand, with self-contained electric motor, n.e.s.",14082794.0
202607,502,United States,851010,"Shavers, electric",11997722.0
202607,502,United States,851020,Hair clippers with self-contained electric motor,19162998.0
202607,502,United States,851030,Hair-removing appliances with self-contained electric motor,4237927.0
202607,502,United States,851090,"Parts of electric shavers, hair clippers and hair-removing appliances, with self-contained electric motor, n.e.s.",2329116.0
202607,502,United States,851110,Sparking plugs,6455951.0
202607,502,United States,851120,Ignition magnetos; magnetodynamos; magnetic flywheels,316859.0
202607,502,United States,851130,Distributors; ignition coils,15016410.0
202607,502,United States,851140,Starter motors and dual purpose startergenerators,14096566.0
202607,502,United States,851150,Other generators,13286488.0
202607,502,United States,851180,"Electrical ignition or starting equipment, incl. cut-outs, of a kind used for spark-ignition or compression-ignition internal combustion engines (excluding generators, starter motors, distributors, ignition coils, ignition magnetos, magnetic flywheels and sparking plugs)",1393880.0
202607,502,United States,851190,"Parts of electrical ignition or starting equipment, generators, etc. of heading 8511, n.e.s.",5279318.0
202607,502,United States,851210,Lighting or visual signalling equipment of a kind used on bicycles,2066813.0
202607,502,United States,851220,Other lighting or visual signalling equipment for cycles or motor vehicles,76612159.0
202607,502,United States,851230,Sound signalling equipment for cycles or motor vehicles,3916193.0
202607,502,United States,851240,"Windscreen wipers, defrosters and demisters, for cycles or motor vehicles",4376349.0
202607,502,United States,851290,"Parts of electrical lighting or signalling equipment, windscreen wipers, defrosters and demisters of a kind used for cycles and motor vehicles, n.e.s.",12317682.0
202607,502,United States,851310,Portable electrical lamps designed to function by their own source of energy,64206400.0
202607,502,United States,851390,"Parts of portable electrical lamps designed to function by their own source of energy, n.e.s.",542682.0
202607,502,United States,851419,"Industrial/lab electric resistance heated furnaces & ovens, nes",5833577.0
202607,502,United States,851420,Furnaces and ovens functioning by induction or dielectric loss,304296.0
202607,502,United States,851439,Other furnaces and ovens,997918.0
202607,502,United States,851440,Equipment for the heat treatment of materials by induction or dielectric loss (excluding ovens and furnaces),776559.0
202607,502,United States,851490,"Parts of electric industrial or laboratory furnaces and ovens, incl. of those functioning by induction or dielectric loss, and of industrial or laboratory equipment for the heat treatment of materials by induction or dielectric loss, n.e.s. (other than for the manufacture of semiconductor devices on semiconductor wafers)",1773485.0
202607,502,United States,851511,"Soldering irons and guns, electric",2253852.0
202607,502,United States,851519,Brazing or soldering machines (excluding soldering irons and guns),884276.0
202607,502,United States,851521,Fully or partly automatic machines for resistance welding of metals,1007420.0
202607,502,United States,851529,"Machines for resistance welding of metals, neither fully nor partly automatic",306918.0
202607,502,United States,851531,"Fully or partly automatic machines for arc welding of metals, incl. plasma arc welding",1986999.0
202607,502,United States,851539,"Machines for arc welding of metals, incl. plasma arc welding, neither fully nor partly automatic,nes",4778805.0
202607,502,United States,851580,"Electric machines and apparatus for laser or other light or photon beam, ultrasonic, electron beam, magnetic pulse or plasma arc welding; electric machines and apparatus for hot spraying of metals, metal carbides or cermets (excluding metal spray guns specified elsewhere)",5133119.0
202607,502,United States,851590,"Parts of machines and apparatus for soldering or welding or for hot spraying of metals, metal carbides or cermets, n.e.s. (excluding wire bonders of a kind used for the manufacture of semiconductor devices)",7474353.0
202607,502,United States,851610,Electric instantaneous or storage water heaters and immersion heaters,4015404.0
202607,502,United States,851621,"Electric storage heating radiators, for space-heating",57247.0
202607,502,United States,851629,Electric space-heating and soil-heating apparatus (excluding storage heating radiators),41493987.0
202607,502,United States,851631,Electric hairdryers,32620901.0
202607,502,United States,851632,Electro-thermic hairdressing apparatus (excluding hairdryers),42790200.0
202607,502,United States,851633,Electric hand-drying apparatus,666188.0
202607,502,United States,851640,Electric smoothing irons,20281688.0
202607,502,United States,851650,Microwave ovens,85063817.0
202607,502,United States,851660,"Electric ovens, cookers, cooking plates and boiling rings, electric grillers and roasters, for domestic use (excluding space-heating stoves and microwave ovens)",91668634.0
202607,502,United States,851671,"Electro-thermic coffee or tea makers, for domestic use",44781601.0
202607,502,United States,851672,"Electric toasters, for domestic use",18699227.0
202607,502,United States,851679,"Electro-thermic appliances, for domestic use (excluding hairdressing appliances and hand dryers, space-heating and soil-heating apparatus, water heaters, immersion heaters, smoothing irons, microwave ovens, ovens, cookers, cooking plates, boiling rings, grillers, roasters, coffee makers, tea makers and toasters)",108068983.0
202607,502,United States,851680,Electric heating resistors (excluding those of agglomerated coal and graphite),10160570.0
202607,502,United States,851690,"Parts of electric water heaters, immersion heaters, space-heating apparatus and soil-heating apparatus, hairdressing apparatus and hand dryers, electro-thermic appliances of a kind used for domestic purposes and electric heating resistors, n.e.s.",22166033.0
202607,502,United States,851711,Line telephone sets with cordless handsets,2157930.0
202607,502,United States,851713,Smartphones,2010964986.0
202607,502,United States,851714,Other telephones for cellular networks or for other wireless networks,20009886.0
202607,502,United States,851718,Telephone sets (excluding line telephone sets with cordless handsets and telephones for cellular networks or for other wireless networks),6032524.0
202607,502,United States,851761,Base stations,63027.0
202607,502,United States,851762,"Machines for the reception, conversion and transmission or regeneration of voice, images or other data, including switching and routing apparatus",475828554.0
202607,502,United States,851769,"Apparatus for the transmission or reception of voice, images or other data, incl. apparatus for communication in a wired or wireless network [such as a local or wide area network] (excluding telephone sets, telephones for cellular networks or for other wireless networks, base stations, apparatus for the reception, conversion and transmission or regeneration of voice, images or other data, and transmission or reception apparatus of heading 8443, 8525, 8527 or 8528)",21130107.0
202607,502,United States,851771,Aerials and aerial reflectors of all kinds; parts suitable for use therewith,10382442.0
202607,502,United States,851779,Parts of heading 85.17,189003028.0
202607,502,United States,851810,Microphones and stands therefor,13893375.0
202607,502,United States,851821,"Single loudspeakers, mounted in their enclosures",42647718.0
202607,502,United States,851822,"Multiple loudspeakers, mounted in the same enclosure",88585509.0
202607,502,United States,851829,"Loudspeakers, without enclosure",29530361.0
202607,502,United States,851830,"Headphones and earphones, whether or not combined with a microphone, and sets consisting of a microphone and one or more loudspeakers",29502543.0
202607,502,United States,851840,Audiofrequency electric amplifiers,15560522.0
202607,502,United States,851850,Electric sound amplifier sets,3688926.0
202607,502,United States,851890,"Parts of microphones, loudspeakers, headphones and earphones, earphones, audio-frequency electric amplifiers or electric sound amplifier sets, n.e.s.",13386804.0
202607,502,United States,851930,Turntables (record-decks),4889814.0
202607,502,United States,851981,"Sound recording or sound reproducing apparatus, using magnetic, optical or semiconductor media (excluding those operated by coins, banknotes, bank cards, tokens or by other means of payment, turntables and telephone answering machines)",21483171.0
202607,502,United States,851989,"Sound recording or sound reproducing apparatus (excluding using magnetic, optical or semiconductor media, those operated by coins, banknotes, bank cards, tokens or by other means of payment, turntables and telephone answering machines)",6393778.0
202607,502,United States,852110,"Magnetic tape-type video recording or reproducing apparatus, whether or not incorporating a video tuner",9073.0
202607,502,United States,852190,"Video recording or reproducing apparatus, whether or not incorporating a video tuner (excluding magnetic tape-type and video camera recorders)",19107849.0
202607,502,United States,852210,Pick-up cartridges,10877.0
202607,502,United States,852290,Parts and accessories suitable for use solely or principally with sound reproducing and recording apparatus and with video equipment for recording and reproducing pictures and sound (excluding pick-up devices for grooved recording media),1896837.0
202607,502,United States,852321,Cards incorporating a magnetic stripe for the recording of sound or of other phenomena,12248.0
202607,502,United States,852329,Magnetic media for the recording of sound or of other phenomena (excluding cards incorporating a magnetic stripe and goods of chapter 37),5289.0
202607,502,United States,852341,"Optical media for the recording of sound or of other phenomena, unrecorded (excluding goods of chapter 37)",12113.0
202607,502,United States,852349,Optical media for the recording of sound or of other phenomena (excluding unrecorded and goods of chapter 37),55067.0
202607,502,United States,852351,"Solid-state, non-volatile data storage devices for recording data from an external source [flash memory cards or flash electronic storage cards] (excluding goods of chapter 37)",26478716.0
202607,502,United States,852352,"Cards incorporating one or more electronic integrated circuits smart cards""""",17436387.0
202607,502,United States,852359,"Semiconductor media, unrecorded, for the recording of sound or of other phenomena (excluding solid-state non-volatile data storage devices, smart cards and goods of chapter 37)",256789.0
202607,502,United States,852380,"Media for the recording of sound or of other phenomena, whether or not recorded, incl. matrices and masters for the production of discs (excluding magnetic, optical and semiconductor media, and products of chapter 37)",26587.0
202607,502,United States,852411,"Flat panel display modules of liquid crystals without drivers or control circuits, whether or not incorporating touch-sensitive screens",1295388.0
202607,502,United States,852412,"Flat panel display modules of organic light-emitting diodes (OLED) without drivers or control circuits, whether or not incorporating touch-sensitive screens",4804.0
202607,502,United States,852419,"Other flat panel display modules without drivers or control circuits, whether or not incorporating touch-sensitive screens",103210.0
202607,502,United States,852491,Other flat panel display modules,109783282.0
202607,502,United States,852492,"Other flat panel display modules of organic light-emitting diodes (OLED), whether or not incorporating touch-sensitive screens",2628084.0
202607,502,United States,852499,Other flat panel display modules,3437080.0
202607,502,United States,852550,"Transmission apparatus for radio-broadcasting or television, not incorporating reception apparatus",10277.0
202607,502,United States,852560,"Transmission apparatus for radio-broadcasting or television, incorporating reception apparatus",289253.0
202607,502,United States,852581,High-speed goods as specified in Subheading Note 1 to this Chapter,363665.0
202607,502,United States,852583,"Other, night vision goods as specified in Subheading Note 3 to this Chapter",2457057.0
202607,502,United States,852589,"Other television cameras, digital cameras and video camera recorders",170615456.0
202607,502,United States,852610,Radar apparatus,2070630.0
202607,502,United States,852691,Radio navigational aid apparatus,22378872.0
202607,502,United States,852692,Radio remote control apparatus,18584830.0
202607,502,United States,852712,"Pocket-size radiocassette players, with built-in amplifier, without built-in loudspeakers, capable of operating without an external source of electric power",8484.0
202607,502,United States,852713,"Other radio-broadcast receivers capable of operating without an external source of power, combined with sound recording or reproducing apparatus (excluding pocket-size radiocassette players)",4116638.0
202607,502,United States,852719,"Radio-broadcast receivers capable of operating without an external source of power, not combined with sound-reproducing apparatus",3330793.0
202607,502,United States,852721,"Radio-broadcast receivers not capable of operating without an external source of power, of a kind used in motor vehicles, combined with sound recording or reproducing apparatus",1985754.0
202607,502,United States,852729,"Radio-broadcast receivers not capable of operating without an external source of power, of a kind used in motor vehicles, not combined with sound recording or reproducing apparatus",928647.0
202607,502,United States,852791,"Radio-broadcast receivers, for mains operation only, combined with sound recording or reproducing apparatus (excluding those of a kind used in motor vehicles)",8423492.0
202607,502,United States,852792,"Radio-broadcast receivers, for mains operation only, not combined with sound recording or reproducing apparatus but combined with a clock (excluding those of a kind used in motor vehicles)",1250604.0
202607,502,United States,852799,"Radio-broadcast receivers, for mains operation only, not combined with sound recording or reproducing apparatus and not combined with a clock (excluding those of a kind used in motor vehicles)",2409718.0
202607,502,United States,852849,"Cathode-ray tube monitors, not incorporating television reception apparatus (excluding of a kind solely or principally used in an automatic data-processing machine of heading 8471)",5610.0
202607,502,United States,852852,"Monitors capable of directly connecting to and designed for use with an automatic data processing machine of heading 8471 (excl. CRT, with TV receiver)",178741282.0
202607,502,United States,852859,"Monitors, not incorporating television reception apparatus (excluding with cathode ray tube and those of a kind solely or principally used in an automatic data-processing machine of heading 8471)",84981407.0
202607,502,United States,852862,Projectors capable of directly connecting to and designed for use with an automatic data processing machine of heading 8471 (excl. with TV receiver),13054722.0
202607,502,United States,852869,"Projectors, not incorporating television reception apparatus (excluding of a kind solely or principally used in an automatic data-processing machine of heading 8471)",12083686.0
202607,502,United States,852871,"Reception apparatus for television, whether or not incorporating radio-broadcast receivers or sound or video recording or reproducing apparatus, not designed to incorporate a video display or screen",1312436.0
202607,502,United States,852872,"Reception apparatus for television, colour, whether or not incorporating radio-broadcast receivers or sound or video recording or reproducing apparatus, designed to incorporate a video display or screen",43667067.0
202607,502,United States,852873,"Reception apparatus for television, black and white or other monochrome, whether or not incorporating radio-broadcast receivers or sound or video recording or reproducing apparatus, designed to incorporate a video display or screen",10000.0
202607,502,United States,852910,"Aerials and aerial reflectors of all kinds; parts suitable for use therewith, of headings 85.25 to 85.28.",11663486.0
202607,502,United States,852990,Parts for devices of heading 85.24-85.28,70997530.0
202607,502,United States,853010,"Electrical signalling, safety or traffic control equipment for railways or tramways (excluding mechanical or electromechanical equipment of heading 8608)",78975.0
202607,502,United States,853080,"Electrical signalling, safety or traffic control equipment (excluding that for railways or tramways and mechanical or electromechanical equipment of heading 8608)",730958.0
202607,502,United States,853090,"Parts of electrical signalling, safety or traffic control equipment, of heading 85.30",1435953.0
202607,502,United States,853110,Burglar or fire alarms and similar apparatus,26777948.0
202607,502,United States,853120,Indicator panels incorporating liquid crystal devices (LCD) or lightemitting diodes (LED),11313147.0
202607,502,United States,853180,"Electric sound or visual signalling apparatus (excluding indicator panels with liquid crystal devices or light emitting diodes, burglar or fire alarms and similar apparatus and apparatus for cycles, motor vehicles and traffic signalling)",8122704.0
202607,502,United States,853190,"Parts of electric sound or visual signalling apparatus, n.e.s.",12541512.0
202607,502,United States,853210,Fixed capacitors designed for use in 50/60 Hz circuits and having a reactive power handling capacity of not less than 0.5 kvar,658427.0
202607,502,United States,853221,Tantalum,1969791.0
202607,502,United States,853222,Aluminium electrolytic,2157831.0
202607,502,United States,853223,"Ceramic dielectric, single layer",189093.0
202607,502,United States,853224,"Ceramic dielectric, multilayer",5182084.0
202607,502,United States,853225,Dielectric of paper or plastics,4841030.0
202607,502,United States,853229,"Fixed electrical capacitors (excluding tantalum, aluminium electrolytic, ceramic, paper, plastic and power capacitors)",756977.0
202607,502,United States,853230,Variable or adjustable (pre-set) capacitors,105056.0
202607,502,United States,853290,"Parts of electrical (pre-set) capacitors, fixed, variable or adjustable, n.e.s.",484092.0
202607,502,United States,853310,"Fixed carbon resistors, composition or film types",257148.0
202607,502,United States,853321,Fixed electrical resistors for a power handling capacity not exceeding 20W,2668059.0
202607,502,United States,853329,Fixed electrical resistors for a power handling capacity exceeding 20W (excluding heating resistors),1111206.0
202607,502,United States,853331,Fixed electrical resistors for a power handling capacity not exceeding 20 W,38707.0
202607,502,United States,853339,"Wirewound variable electrical resistors, incl. rheostats and potentiometers, for a power handling capacity exceeding 20 W (excluding heating resistors)",9235.0
202607,502,United States,853340,"Other variable resistors, including rheostats and potentiometers",6750270.0
202607,502,United States,853390,"Parts of electrical resistors, incl. rheostats and potentiometers, n.e.s.",152401.0
202607,502,United States,853400,Printed circuits.,102666609.0
202607,502,United States,853510,Fuses for a voltage ＞ 1000 V,1494193.0
202607,502,United States,853521,Automatic circuit breakers for a voltage ＞ 1000 V but ＜ 72.5 kV,50670.0
202607,502,United States,853529,Automatic circuit breakers for a voltage ≥ 72.5 kV,2394270.0
202607,502,United States,853530,"Isolating switches and make-and-break switches, for a voltage ＞ 1000 V",1194983.0
202607,502,United States,853540,"Lightning arresters, voltage limiters and surge suppressors, for a voltage ＞ 1000 V",2289601.0
202607,502,United States,853590,"Electrical apparatus for switching or protecting electrical circuits, or for making connections to or in electrical circuits, for a voltage ＞ 1000 V (excluding fuses, automatic circuit breakers, isolating switches, make-and-break switches, lightning arresters, voltage limiters, surge suppressors and control desks, cabinets, panels etc. of heading 8537)",6423462.0
202607,502,United States,853610,Fuses,4214467.0
202607,502,United States,853620,Automatic circuit breakers,11068644.0
202607,502,United States,853630,Other apparatus for protecting electrical circuits,9639183.0
202607,502,United States,853641,For a voltage not exceeding 60 V,12703374.0
202607,502,United States,853649,"Other elect relays, 60V＜voltage≤1000V",10228222.0
202607,502,United States,853650,Other switches,35364288.0
202607,502,United States,853661,Lampholders,2053957.0
202607,502,United States,853669,"Other electrical lamp-holders,voltage≤1000V",59916411.0
202607,502,United States,853670,"Connectors for optical fibres, optical fibre bundles or cables",8098625.0
202607,502,United States,853690,Other apparatus,135388282.0
202607,502,United States,853710,"Boards, cabinets and similar combinations of apparatus for electric control or the distribution of electricity, for a voltage ≤ 1000 V",123654292.0
202607,502,United States,853720,"Boards, cabinets and similar combinations of apparatus for electric control or the distribution of electricity, for a voltage ＞ 1000 V",20085542.0
202607,502,United States,853810,"Boards, panels, consoles, desks, cabinets and other bases for the goods of heading 85.37, not equipped with their apparatus",5445182.0
202607,502,United States,853890,"Other parts suitable for use solely or principally with the apparatus of heading 8535, 8536 or 8537",87275314.0
202607,502,United States,853910,Sealed beam lamp units,2005826.0
202607,502,United States,853921,Tungsten halogen filament lamps (excluding sealed beam lamp units),2004612.0
202607,502,United States,853922,Filament lamps of a power ≤ 200 W and for a voltage ＞ 100 V (excluding tungsten halogen filament lamps and ultraviolet or infra-red lamps),2661970.0
202607,502,United States,853929,"Electrical apparatus for switching electrical circuits, or for making connections to or in electrical circuits, for a voltage ≤ 1.000 V (excluding fuses, automatic circuit breakers and other apparatus for protecting electrical circuits, relays and other switches, lamp holders, plugs and sockets)",1646995.0
202607,502,United States,853931,"Discharge lamps, fluorescent, hot cathode",3546668.0
202607,502,United States,853932,Mercury or sodium vapour lamps; metal halide lamps,997624.0
202607,502,United States,853939,"Discharge lamps (excluding flourescent, hot cathode lamps, mercury or sodium vapour lamps, metal halide lamps and ultraviolet lamps)",1167158.0
202607,502,United States,853941,Arc lamps,369110.0
202607,502,United States,853949,Ultraviolet or infra-red lamps,5243171.0
202607,502,United States,853951,Light-emitting diode (LED) light sources,6124946.0
202607,502,United States,853952,Light-emitting diode (LED) lamps,76128753.0
202607,502,United States,853990,Parts of goods of head 85.39,1438217.0
202607,502,United States,854020,Television camera tubes; image converters and intensifiers; other photo cathode tubes (excluding cathode ray television picture tubes incl. video monitor cathode ray tubes),162121.0
202607,502,United States,854071,Magnetrons,133566.0
202607,502,United States,854081,"Receiver or amplifier valves and tubes (excluding microwave tubes, photo-cathode tubes and cathode ray tubes)",71869.0
202607,502,United States,854089,"Electronic valves and tubes (excluding receiver or amplifier valves and tubes, microwave tubes, photo-cathode tubes, cathode ray tubes, black and white or other monochrome data-graphic display tubes and colour data-graphic display tubes with a phosphor dot screen pitch of ＜ 0,4 mm)",734708.0
202607,502,United States,854099,"Parts of thermionic, cold cathode or photo cathode valves and tubes, n.e.s. (excluding parts of cathode ray tubes)",917797.0
202607,502,United States,854110,"Diodes, other than photosensitive or light-emitting diodes (LED) Heading",11435834.0
202607,502,United States,854121,Transistors with a dissipation rate ＜ 1 W (excluding photosensitive transistors),5063249.0
202607,502,United States,854129,Transistors with a dissipation rate ≥ 1 W (excluding photosensitive transistors),13874493.0
202607,502,United States,854130,"Thyristors, diacs and triacs, other than photosensitive devices",1279996.0
202607,502,United States,854141,lightemitting diodes (LED),10046797.0
202607,502,United States,854142,Photovoltaic cells not assembled in modules or made up into panels,39945851.0
202607,502,United States,854143,Photovoltaic cells  assembled in modules or made up into panels,15131164.0
202607,502,United States,854149,Other photosensitive semiconductor devices (excl.solar cells),1442815.0
202607,502,United States,854151,Semiconductor-based transducers,1616672.0
202607,502,United States,854159,Other semiconductor devices,508868.0
202607,502,United States,854160,Mounted piezoelectric crystals,2719363.0
202607,502,United States,854190,"Parts of diodes, transistors and similar semiconductor devices; photosensitive semiconductor devices, light emitting diodes and mounted piezoelectric crystals, n.e.s.",2366451.0
202607,502,United States,854231,"Processors and controllers, whether or not combined with memories, converters, logic circuits, amplifiers, clock and timing circuits, or other circuits",198240849.0
202607,502,United States,854232,Memories,104848114.0
202607,502,United States,854233,Amplifiers,4499409.0
202607,502,United States,854239,"Electronic integrated circuits (excluding such as processors, controllers, memories and amplifiers)",31863878.0
202607,502,United States,854290,"Parts of electronic integrated circuits, n.e.s.",1157316.0
202607,502,United States,854310,Particle accelerators,235.0
202607,502,United States,854320,Signal generators,1110897.0
202607,502,United States,854330,"Machines and apparatus for electroplating, electrolysis or electrophoresis",5662557.0
202607,502,United States,854340,Electronic cigarettes and similar personal electric vaporising devices,81272191.0
202607,502,United States,854370,"Electrical machines and apparatus, having individual functions, n.e.s. in chapter 85",185995719.0
202607,502,United States,854390,"Parts of electrical machines and apparatus, having individual functions, n.e.s. in chapter 85",43720544.0
202607,502,United States,854411,"Winding wire for electrical purposes, of copper, insulated",12743378.0
202607,502,United States,854419,"Winding wire for electrical purposes, of material other than copper, insulated",1126113.0
202607,502,United States,854420,Coaxial cable and other coaxial electric conductors,22765374.0
202607,502,United States,854430,"Ignition wiring sets and other wiring sets of a kind used in vehicles, aircraft or ships",14164931.0
202607,502,United States,854442,"Electric conductors for a voltage ≤ 1000 V, insulated, fitted with connectors, n.e.s.",318001423.0
202607,502,United States,854449,"Electric conductors, for a voltage ≤ 1000 V, insulated, not fitted with connectors, n.e.s.",53072963.0
202607,502,United States,854460,"Other electric conductors, for a voltage exceeding 1000 V",24259805.0
202607,502,United States,854470,"Optical fibre cables made up of individually sheathed fibres, whether or not containing electric conductors or fitted with connectors",233867761.0
202607,502,United States,854511,"Electrodes of graphite or other carbon, for electric furnaces",559448.0
202607,502,United States,854519,"Electrodes of graphite or other carbon, for electrical purposes (excluding those used for furnaces)",887699.0
202607,502,United States,854520,Carbon brushes for electrical purposes,444221.0
202607,502,United States,854590,"Articles of graphite or other carbon, for electrical purposes (excluding electrodes and carbon brushes)",54956.0
202607,502,United States,854610,Electrical insulators of glass (excluding insulating fittings),3712912.0
202607,502,United States,854620,Electrical insulators of ceramics (excluding insulating fittings),8424625.0
202607,502,United States,854690,Electrical insulators (excluding those of glass or ceramics and insulating fittings),7645581.0
202607,502,United States,854710,Insulating fittings of ceramics,7646462.0
202607,502,United States,854720,Insulating fittings of plastics,3031266.0
202607,502,United States,854790,"Insulating fittings for electrical purposes, of materials other than ceramics or plastics; electrical conduit tubing and joints therefor, of base metal lined with insulating material",12289157.0
202607,502,United States,854800,"Electrical parts of machinery or apparatus, not specified or included elsewhere in chapter 85",6141302.0
202607,502,United States,854939,Other electrical and electronic assmblies and printed circuit boards,45022.0
202607,502,United States,860711,Driving bogies and bissel-bogies for railway or tramway locomotives or rolling stock,71952.0
202607,502,United States,860712,Bogies and driving bissel-bogies for railway or tramway locomotives or rolling stock (excluding driving bogies),1955520.0
202607,502,United States,860719,"Axles, for electrical purposes, and wheels and parts thereof for railway or tramway locomotives or rolling stock; parts of bogies and bissel-bogies, n.e.s.",2968255.0
202607,502,United States,860721,"Air brakes and parts thereof for railway or tramway locomotives or rolling stock, n.e.s.",1403051.0
202607,502,United States,860729,"Brakes (other than air brakes), and parts thereof, for railway or tramway locomotives or rolling stock, n.e.s.",599780.0
202607,502,United States,860730,"Hooks and other coupling devices, buffers, and parts thereof, for railway or tramway locomotives or rolling stock, n.e.s.",1312988.0
202607,502,United States,860791,"Parts of railway or tramway locomotives, nes",6087771.0
202607,502,United States,860799,"Parts of rolling stock of heading 8603, 8604, 8605 or 8606, n.e.s.",3500691.0
202607,502,United States,860800,"Railway or tramway track fixtures and fittings; mechanical 86.08 (including electromechanical) signalling, safety or traffic control equipment for railways, tramways, roads, inland parts of the foregoing.",885996.0
202607,502,United States,860900,Containers (including containers for the transport of fluids) specially designed and equipped for carriage by one or more modes of transport.,171416875.0
202607,502,United States,870110,Single axle tractors,5720.0
202607,502,United States,870130,Tracklaying tractors,7302.0
202607,502,United States,870191,"Tractors, of an engine power, not exceeding 18 kW (excl. those of heading 8709, pedestrian-controlled tractors, road tractors for semi-trailers and track-laying tractors)",32036.0
202607,502,United States,870192,"WTractors, of an engine power, exceeding 18kW but not exceeding 37kw(excl. those of heading 8709, pedestrian-controlled tractors, road tractors for semi-trailers and track-laying tractors)",34016.0
202607,502,United States,870193,"Tractors, of an engine power, exceeding 37kW but not exceeding 75kW (excl. those of heading 8709, pedestrian-controlled tractors, road tractors for semi-trailers and track-laying tractors)",662195.0
202607,502,United States,870194,"Tractors, of an engine power, exceeding 75kW but not exceeding 130kW (excl. those of heading 8709, pedestrian-controlled tractors, road tractors for semi-trailers and track-laying tractors)",239863.0
202607,502,United States,870310,Vehicles specially designed for travelling on snow; golf cars and similar vehicles,37907912.0
202607,502,United States,870323,"Motor cars and other motor vehicles principally designed for the transport of persons, incl. station wagons and racing cars, with spark-ignition internal combustion piston engine of a cylinder capacity ＞1500ml but ≤3000ml (excluding vehicles for the transport of persons on snow and other specially designed vehicles of subheading 8703.10)",110629898.0
202607,502,United States,870340,"Motor cars and other motor vehicles principally designed for the transport of ＜10 persons, incl. station wagons and racing cars, with both spark-ignition internal combustion piston engine and electric motor as motors for propulsion (excl. vehicles for travelling on snow, other specially designed vehicles of subheading 8703.10 and plug-in hybrids)",45690211.0
202607,502,United States,870380,"Motor cars and other motor vehicles principally designed for the transport of ＜10 persons, incl. station wagons and racing cars, with only electric motor for propulsion (excl. vehicles for travelling on snow and other specially designed vehicles of subheading 8703.10)",39614840.0
202607,502,United States,870390,"Motor cars and other vehicles principally designed for the transport of persons, incl. station wagons and racing cars, with engines other than spark-ignition internal combustion reciprocating piston engine diesel or semi-diesel engine"" (excluding vehicles for the transport of persons on snow and other specially designed vehicles of subheading 8703.10)""",7600.0
202607,502,United States,870410,Dumpers designed for offhighway use,62146.0
202607,502,United States,870431,"Motor vehicles for the transport of goods, with spark-ignition internal combustion piston engine, g.v.w. not exceeding 5 tonnes",186852.0
202607,502,United States,870490,"Motor vehicles for the transport of goods, with engines other than internal combustion piston engine (excluding dumpers for off-highway use of subheading 8704.10 and special purpose motor vehicles of heading 8705)",5872.0
202607,502,United States,870590,"Special purpose motor vehicles (other than those principally designed for the transport of persons or goods and excluding concrete-mixer lorries, fire fighting vehicles, mobile drilling derricks and crane lorries)",11837.0
202607,502,United States,870600,"Chassis fitted with engines, for the motor vehicles of headings 87.01 to 87.05.",84383.0
202607,502,United States,870710,Bodies for motor cars and other motor vehicles principally designed for the transport of persons,248337.0
202607,502,United States,870790,"Bodies for tractors, motor vehicles for the transport of ten or more persons, motor vehicles for the transport of goods and special purpose motor vehicles of heading 8705",2676108.0
202607,502,United States,870810,Bumpers and parts thereof,15348729.0
202607,502,United States,870821,Safety seat belts,3241668.0
202607,502,United States,870822,"Front windscreens (windshields), rear windows and other windows specified in Subheading Note 1 to this Chapter",34503076.0
202607,502,United States,870829,"Parts and accessories of bodies for tractors, motor vehicles for the transport of ten or more persons, motor cars and other motor vehicles principally designed for the transport of persons, motor vehicles for the transport of goods and special purpose motor vehicles (excluding bumpers and parts thereof and safety seat belts)",157935120.0
202607,502,United States,870830,Brakes and servobrakes; parts thereof,159517934.0
202607,502,United States,870840,Gear boxes and parts thereof,20645745.0
202607,502,United States,870850,"Driveaxles with differential, whether or not provided with other transmission components, and nondriving axles; parts thereof",34746794.0
202607,502,United States,870870,Road wheels and parts and accessories thereof,176063627.0
202607,502,United States,870880,Suspension systems and parts thereof (including shockabsorbers),77407133.0
202607,502,United States,870891,Radiators and parts thereof,48633804.0
202607,502,United States,870892,Silencers (mufflers) and exhaust pipes; parts thereof,26798563.0
202607,502,United States,870893,Clutches and parts thereof,9093898.0
202607,502,United States,870894,"Steering wheels, steering columns and steering boxes; parts thereof",47706350.0
202607,502,United States,870895,Safety airbags with inflater system; parts thereof,3448713.0
202607,502,United States,870899,"Parts and accessories, for tractors, motor vehicles for the transport of ten or more persons, motor cars and other motor vehicles principally designed for the transport of persons, motor vehicles for the transport of goods and special purpose motor vehicles, n.e.s.",130285243.0
202607,502,United States,870911,"Electrical vehicles not fitted with lifting or handling equipment, of the type used in factories, warehouses, dock areas or airports for short distance transport of goods; tractors of the type used on railway station platforms",1442883.0
202607,502,United States,870919,"Works trucks, self-propelled, not fitted with lifting or handling equipment, of the type used in factories, warehouses, dock areas or airports for short distance transport of goods; tractors of the type used on railway station platforms (excluding electrical trucks)",193818.0
202607,502,United States,870990,"Parts of self-propelled works trucks, not fitted with lifting or handling equipment, of the type used in factories, warehouses, dock areas or airports for short distance transport of goods, incl. tractors for railways station platforms, n.e.s.",354756.0
202607,502,United States,871110,"Motorcycles, incl. mopeds, and cycles fitted with an auxiliary motor, with internal combustion piston engine of a cylinder capacity not exceeding 50 cc",2078077.0
202607,502,United States,871120,"Motorcycles, incl. mopeds, and cycles fitted with an auxiliary motor, with internal combustion piston engine of a cylinder capacity exceeding 50 cc but not exceeding 250 cc",16359143.0
202607,502,United States,871130,"Motorcycles, incl. mopeds, and cycles fitted with an auxiliary motor, with internal combustion piston engine of a cylinder capacity exceeding 250 cc but not exceeding 500 cc",394823.0
202607,502,United States,871140,"Motorcycles, incl. mopeds, and cycles fitted with an auxiliary motor, with internal combustion piston engine of a cylinder capacity exceeding 500 cc but not exceeding 800 cc",1780408.0
202607,502,United States,871150,"Motorcycles, incl. mopeds, and cycles fitted with an auxiliary motor, with internal combustion piston engine of a cylinder capacity exceeding 800 cc",5037.0
202607,502,United States,871160,"Motorcycles, incl. mopeds, and cycles fitted with an auxiliary motor, with electric motor for propulsion",196375127.0
202607,502,United States,871190,"Motorcycles, incl. mopeds, and cycles fitted with an auxiliary motor and side cars for motorcycles (excluding with reciprocating internal combustion piston engine)",4954223.0
202607,502,United States,871200,"Bicycles and other cycles (including delivery tricycles), not motorised.",32787876.0
202607,502,United States,871310,"Carriages for disabled persons, not mechanically propelled",13466110.0
202607,502,United States,871390,"Carriages for disabled persons, motorised or otherwise mechanically propelled (excluding specially designed motor vehicles and bicycles)",15365609.0
202607,502,United States,871410,"Parts and accessories of motorcycles, incl. mopeds, n.e.s.",25812622.0
202607,502,United States,871420,"Parts and accessories for carriages for disabled persons, n.e.s.",15450325.0
202607,502,United States,871491,"Frames and forks, and parts thereof, for cycles, n.e.s. (excluding for motorcycles)",2236457.0
202607,502,United States,871492,"Wheel rims and spokes, for cycles (excluding for motorcycles)",923886.0
202607,502,United States,871493,Hubs and free-wheel sprocket-wheels for cycles (excluding for motorcycles and coaster braking hubs and hub brakes),243895.0
202607,502,United States,871494,"Brakes, incl. coaster braking hubs and hub brakes, and parts thereof, for cycles (excluding for motorcycles)",1202873.0
202607,502,United States,871495,Saddles for cycles (excluding for motorcycles),1261254.0
202607,502,United States,871496,"Pedals and crank-gear, and parts thereof, for bicycles, n.e.s.",1135769.0
202607,502,United States,871499,"Parts and accessories, for bicycles, n.e.s.",9143073.0
202607,502,United States,871500,Baby carriages and parts thereof.,43149971.0
202607,502,United States,871610,"Trailers and semitrailers of the caravan type, for housing or camping",1685133.0
202607,502,United States,871620,Selfloading or selfunloading trailers and semitrailers for agricultural purposes,31092.0
202607,502,United States,871631,Tanker trailers and tanker semitrailers,6851.0
202607,502,United States,871639,"Trailers and semi-trailers for the transport of goods, not designed for running on rails (excluding self-loading or self-unloading trailers and semi-trailers for agricultural purposes and tanker trailers and tanker semi-trailers)",643356.0
202607,502,United States,871640,"Trailers and semi-trailers, not designed for running on rails (excluding trailers and semi-trailers for the transport of goods and those of the caravan type for housing or camping)",2874299.0
202607,502,United States,871680,Vehicles pushed or drawn by hand and other vehicles not mechanically propelled (excluding trailers and semi-trailers),54151949.0
202607,502,United States,871690,"Parts of trailers and semi-trailers and other vehicles not mechanically propelled, n.e.s.",39648000.0
202607,502,United States,880211,"Helicopters of an unladen weight not exceeding 2,000 kg",3826577.0
202607,502,United States,880220,"Aeroplanes and other aircraft, of an unladen weight not exceeding 2,000 kg",329830.0
202607,502,United States,880400,Parachutes (including dirigible parachutes and paragliders) and rotochutes; parts thereof and accessories thereto.,33715.0
202607,502,United States,880621,"Other unmanned aircraft, for remote-controlled flight only",2100624.0
202607,502,United States,880622,"Unmanned aircraft, with 250g＜maximum take-off weight≤7kg",914318.0
202607,502,United States,880624,"Unmanned aircraft, with 25kg＜maximum take-off weight≤150kg",23275.0
202607,502,United States,880691,Other unmanned aircraft,870995.0
202607,502,United States,880693,"Other unmanned aircraft,with 7kg＜maximum take-off weight≤25kg",13042.0
202607,502,United States,880694,"Other unmanned aircraf,with 25kg＜maximum take-off weight≤150kg",1053750.0
202607,502,United States,880710,Propellers and rotors and parts thereof,485367.0
202607,502,United States,880720,Under-carriages and parts thereof,1418213.0
202607,502,United States,880730,"Other parts of airplanes, helicopters or unmanned aircraft",61490411.0
202607,502,United States,880790,"Parts of airplanes, helicopters or unmanned aircraft,nes",2535160.0
202607,502,United States,890311,"Inflatable (including rigid hull inflatable) boats,fitted or designed to be fitted with a motor, unladen (net) weight(excluding the motor) not exceeding 100 kg",473487.0
202607,502,United States,890312,"Inflatable (including rigid hull inflatable) boats,not designed for use with a motor and unladen (net) weight not exceeding 100 kg",756774.0
202607,502,United States,890319,"Other inflatable (including rigid hull inflatable) boats,unladen (net) weight＞100 kg",396751.0
202607,502,United States,890321,"Sailboats, other than inflatable, with or without auxiliary motor of a length not exceeding 7.5 m",123250.0
202607,502,United States,890393,"Other vessels for pleasure or sports; rowing boats,of a length not exceeding 7.5 m",1210907.0
202607,502,United States,890399,"Other vessels for pleasure or sports; rowing boats,of a length  exceeding 7.5 m",187105.0
202607,502,United States,890590,"Light-vessels, fire-floats, floating cranes and other vessels, the navigability of which is subsidiary to their main function (excluding dredgers, floating or submersible drilling or production platforms; fishing vessels and warships)",884.0
202607,502,United States,890710,Inflatable rafts,334377.0
202607,502,United States,890790,"Rafts, tanks, coffer-dams, landing stages, buoys, beacons and other floating structures (excluding inflatable rafts, vessels of heading 8901 to 8906 and floating structures for breaking up)",220733.0
202607,502,United States,900110,"Optical fibres, optical fibre bundles and cables",22278011.0
202607,502,United States,900120,Sheets and plates of polarising material,724124.0
202607,502,United States,900130,Contact lenses,117096.0
202607,502,United States,900140,Spectacle lenses of glass,100775.0
202607,502,United States,900150,Spectacle lenses of other materials,10045249.0
202607,502,United States,900190,"Lenses, prisms, mirrors and other optical elements, of any material, unmounted (excluding such elements of glass not optically worked, contact lenses and spectacle lenses)",16056225.0
202607,502,United States,900211,"Objective lenses for cameras, projectors or photographic enlargers or reducers",7974439.0
202607,502,United States,900219,"Objective lenses (excluding for cameras, projectors or photographic enlargers or reducers)",4418849.0
202607,502,United States,900220,"Filters, optical, being parts of or fittings for instruments, apparatus and appliances, framed or mounted",2344400.0
202607,502,United States,900290,"Lenses, prisms, mirrors and other optical elements, mounted, of any material, being parts of or fittings for instruments or apparatus (excluding objective lenses for cameras, projectors or photographic enlargers or reducers, such elements of glass not optically worked, and filters)",9511387.0
202607,502,United States,900311,Frames and mountings of plastics,13614980.0
202607,502,United States,900319,Frames and mountings of other materials,9253582.0
202607,502,United States,900390,Parts thereof,985318.0
202607,502,United States,900410,Sunglasses,39302654.0
202607,502,United States,900490,"Spectacles, goggles and the like, corrective, protective or other (excluding spectacles for testing eyesight, sunglasses, contact lenses, spectacle lenses and frames and mountings for spectacles)",47992691.0
202607,502,United States,900510,Binoculars,9698299.0
202607,502,United States,900580,"Monoculars, astronomical and other optical telescopes and other astronomical instruments (excluding binoculars, instruments for radio-astronomy and other instruments or apparatus specified elsewhere)",10204476.0
202607,502,United States,900590,Parts and accessories (including mountings),3144221.0
202607,502,United States,900640,Instant print cameras,1896317.0
202607,502,United States,900653,Cameras For roll film of a width of 35 mm,278579.0
202607,502,United States,900659,Other cameras,67.0
202607,502,United States,900661,Discharge lamp (.electronic.) flashlight apparatus,3832025.0
202607,502,United States,900669,Photographic flashlights and flashlight apparatus (excluding with electronic discharge lamps),600621.0
202607,502,United States,900691,"Parts and accessories for photographic cameras, n.e.s.",5211689.0
202607,502,United States,900699,"Parts and accessories for photographic flashlights and flashlight apparatus, n.e.s.",825347.0
202607,502,United States,900720,Cinematographic projectors,478818.0
202607,502,United States,900791,"Parts and accessories for cinematographic cameras, n.e.s.",1953684.0
202607,502,United States,900792,"Parts and accessories for cinematographic projectors, n.e.s.",82225.0
202607,502,United States,900850,"Projectors, enlargers and reducers",5788475.0
202607,502,United States,900890,"Parts and accessories, in heading of 90.08",316678.0
202607,502,United States,901010,Apparatus and equipment for automatically developing photographic (including cinematographic) film or paper in rolls or for automatically exposing developed film to rolls of photographic paper,2852.0
202607,502,United States,901050,Other apparatus and equipment for photographic (including cinematographic) laboratories; negatoscopes,232452.0
202607,502,United States,901060,Projection screens,4480444.0
202607,502,United States,901090,"Parts and accessories, in heading of 90.10",5818.0
202607,502,United States,901110,Stereoscopic microscopes,432377.0
202607,502,United States,901120,"Other microscopes, for photomicrography, cinephotomicrography or microprojection",448365.0
202607,502,United States,901180,Other microscopes,2121845.0
202607,502,United States,901190,"Parts and accessories for compound optical microscopes, n.e.s.",953413.0
202607,502,United States,901210,Microscopes other than optical microscopes; diffraction apparatus,306698.0
202607,502,United States,901290,"Parts and accessories for electron microscopes, proton microscopes and diffraction apparatus, n.e.s.",71628.0
202607,502,United States,901310,"Telescopic sights for fitting to arms; periscopes; telescopes designed to form parts of machines, appliances, instruments or apparatus of this Chapter or Section XVI",23098177.0
202607,502,United States,901320,"Lasers, other than laser diodes",13180631.0
202607,502,United States,901380,"Other devices, appliances and instruments",7326272.0
202607,502,United States,901390,"Parts and accessories, in heading of 90.13",2543871.0
202607,502,United States,901410,Direction finding compasses,98854.0
202607,502,United States,901420,Instruments and appliances for aeronautical or space navigation (other than compasses),19247.0
202607,502,United States,901480,Other instruments and appliances,39571.0
202607,502,United States,901490,"Parts and accessories for compasses and other navigational instruments and appliances, n.e.s.",568025.0
202607,502,United States,901510,Rangefinders,24093611.0
202607,502,United States,901520,Theodolites and tachymeters (tacheometers),108579.0
202607,502,United States,901530,Levels,4913890.0
202607,502,United States,901540,Photogrammetrical surveying instruments and appliances,3633.0
202607,502,United States,901580,Other instruments and appliances,4044417.0
202607,502,United States,901590,"Parts and accessories, in heading of 90.15",1807745.0
202607,502,United States,901600,"Balances of a sensitivity of 5 cg or better, with or without weights.",790290.0
202607,502,United States,901710,"Drafting tables and machines, whether or not automatic",56404.0
202607,502,United States,901720,"Other drawing, markingout or mathematical calculating instruments",1429042.0
202607,502,United States,901730,"Micrometers, callipers and gauges",3303699.0
202607,502,United States,901780,"Instruments for measuring length, for use in the hand, n.e.s.",8080769.0
202607,502,United States,901790,"Parts and accessories, in heading of 90.17",205018.0
202607,502,United States,901811,Electrocardiographs,1034617.0
202607,502,United States,901812,Ultrasonic scanning apparatus,12467734.0
202607,502,United States,901813,Magnetic resonance imaging apparatus,6439749.0
202607,502,United States,901814,Scintigraphic apparatus,3038811.0
202607,502,United States,901819,Other electro-medical diagnostic apparatus,15310574.0
202607,502,United States,901820,Ultraviolet or infrared ray apparatus,872142.0
202607,502,United States,901831,"Syringes, with or without needles",18696327.0
202607,502,United States,901832,Tubular metal needles and needles for sutures,6195999.0
202607,502,United States,901839,"Needles, catheters, cannulae and the like, used in medical, surgical, dental or veterinary sciences (excluding syringes, tubular metal needles and needles for sutures)",37628857.0
202607,502,United States,901841,"Dental drill engines, whether or not combined on a single base with other dental equipment",515610.0
202607,502,United States,901849,"Instruments and appliances used in dental sciences, n.e.s.",11372980.0
202607,502,United States,901850,Other ophthalmic instruments and appliances,2338578.0
202607,502,United States,901890,Other instruments and appliances,116094333.0
202607,502,United States,901910,Mechanotherapy appliances; massage apparatus; psychological aptitudetesting apparatus,104496001.0
202607,502,United States,901920,"Ozone therapy, oxygen therapy, aerosol therapy, artificial respiration or other therapeutic respiration apparatus",31416674.0
202607,502,United States,902000,"Other breathing appliances and gas masks, excluding protective masks having neither mechanical parts nor replaceable filters.",1023714.0
202607,502,United States,902110,Orthopaedic or fracture appliances,21550625.0
202607,502,United States,902121,Artificial teeth,9605834.0
202607,502,United States,902129,Dental fittings (excluding artificial teeth),860747.0
202607,502,United States,902131,Artificial joints,23149713.0
202607,502,United States,902139,Artificial parts of the body (excluding artificial teeth and dental fittings and artificial joints),600020.0
202607,502,United States,902140,"Hearing aids, excluding parts and accessories",12227178.0
202607,502,United States,902150,"Pacemakers for stimulating heart muscles, excluding parts and accessories",18516.0
202607,502,United States,902190,"Articles and appliances, which are worn or carried, or implanted in the body, to compensate for a defect or disability (excluding artificial parts of the body, complete hearing aids and complete pacemakers for stimulating heart muscles)",6139700.0
202607,502,United States,902212,Computed tomography apparatus,4019604.0
202607,502,United States,902213,Apparatus based on the use of X-rays for dental uses,146842.0
202607,502,United States,902214,"Apparatus based on the use of X-rays, for medical, surgical or veterinary uses (excluding for dental purposes and computer tomography apparatus)",3323443.0
202607,502,United States,902219,"Apparatus based on the use of X-rays (other than for medical, surgical, dental or veterinary uses)",878796.0
202607,502,United States,902230,X-ray tubes,1545615.0
202607,502,United States,902290,"X-ray generators other than X-ray tubes, high tension generators, control panels and desks, screens, examination or treatment tables, chairs and the like, and general parts and accessories for apparatus of heading 9022, n.e.s.",23184278.0
202607,502,United States,902300,"Instruments, apparatus and models, designed for 90.23 demonstrational purposes (for example, in education or exhibitions), unsuitable for other uses.",17093102.0
202607,502,United States,902410,Machines and appliances for testing metals,517210.0
202607,502,United States,902480,Other machines and appliances,696106.0
202607,502,United States,902490,Parts and accessories,194291.0
202607,502,United States,902511,"Liquidfilled, for direct reading",350513.0
202607,502,United States,902519,"Thermometers and pyrometers, not combined with other instruments (excluding liquid-filled thermometers for direct reading)",21289691.0
202607,502,United States,902580,"Hydrometers, areometers and similar floating instruments, barometers, hygrometers and psychrometers, whether or not combined with each other or with thermometers",5784093.0
202607,502,United States,902590,"Parts and accessories for hydrometers, areometers and similar floating instruments, thermometers, pyrometers, barometers, hygrometers and psychrometers, n.e.s.",2478776.0
202607,502,United States,902610,Instruments and apparatus for measuring or checking the flow or level of liquids (excluding meters and regulators),4762665.0
202607,502,United States,902620,Instruments and apparatus for measuring or checking pressure of liquids or gases (excluding regulators),23606554.0
202607,502,United States,902680,"Instruments or apparatus for measuring or checking variables of liquids or gases, n.e.s.",3328144.0
202607,502,United States,902690,"Parts and accessories for instruments and apparatus for measuring or checking the flow, level, pressure or other variables of liquids or gases, n.e.s.",7630770.0
202607,502,United States,902710,Gas or smoke analysis apparatus,10421762.0
202607,502,United States,902720,Chromatographs and electrophoresis instruments,75316.0
202607,502,United States,902730,"Spectrometers, spectrophotometers and spectrographs using optical radiations (UV, visible, IR)",880784.0
202607,502,United States,902750,"Other instruments and apparatus using optical radiations (UV, visible, IR)",3447368.0
202607,502,United States,902781,Mass spectrometers,76223.0
202607,502,United States,902789,Other instruments and apparatus,11544189.0
202607,502,United States,902790,Microtomes; parts and accessories,10802877.0
202607,502,United States,902810,"Gas meters, incl. calibrating meters therefor",297145.0
202607,502,United States,902820,"Liquid meters, incl. calibrating meters therefor",3421338.0
202607,502,United States,902830,"Electricity supply or production meters, incl. calibrating meters therefor",338750.0
202607,502,United States,902890,"Parts and accessories for gas, liquid or electricity supply or production meters, n.e.s.",4100413.0
202607,502,United States,902910,"Revolution counters, production counters, taximeters, mileometers, pedometers and the like",1177175.0
202607,502,United States,902920,Speed indicators and tachometers; stroboscopes,3725752.0
202607,502,United States,902990,"Parts and accessories,in heading of 90.29",1101677.0
202607,502,United States,903010,Instruments and apparatus for measuring or detecting ionising radiations,251254.0
202607,502,United States,903020,Oscilloscopes and oscillographs,963500.0
202607,502,United States,903031,Multimeters without a recording device,2379374.0
202607,502,United States,903032,Multimeters with a recording device,79491.0
202607,502,United States,903033,"Instruments and apparatus for measuring or checking voltage, current, resistance or electrical power (other than those for measuring or checking semiconductor wafers or devices), without recording device (excluding multimeters, and oscilloscopes and oscillographs)",8960129.0
202607,502,United States,903039,"Instruments and apparatus for measuring or checking voltage, current, resistance or electrical power (other than those for measuring or checking semiconductor wafers or devices), with recording device (excluding multimeters, and oscilloscopes and oscillographs)",507531.0
202607,502,United States,903040,"Other instruments and apparatus, specially designed for telecommunications (for example, crosstalk meters, gain measuring instruments, distortion factor meters, psophometers)",858079.0
202607,502,United States,903082,For measuring or checking semiconductor wafers or devices (including integrated circuits),1038667.0
202607,502,United States,903084,"Instruments and apparatus for measuring or checking electrical quantities, with recording device (excluding appliances specially designed for telecommunications, multimeters, oscilloscopes and oscillographs, and apparatus for measuring or checking semiconductor wafers or devices)",965465.0
202607,502,United States,903089,"Instruments and apparatus for measuring or checking electrical quantities, without recording device, n.e.s.",2721904.0
202607,502,United States,903090,Parts and accessories,6820619.0
202607,502,United States,903110,Machines for balancing mechanical parts,850009.0
202607,502,United States,903120,Test benches,1643857.0
202607,502,United States,903141,For inspecting semiconductor wafers or devices (including integrated circuits) or for inspecting photomasks or reticles used in manufacturing semiconductor devices (including integrated circuits),186676.0
202607,502,United States,903149,"Optical instruments, appliances and machines for measuring or checking, not elsewhere specified or included in chapter 90",19453121.0
202607,502,United States,903180,"Other instruments, appliances and machines",48608442.0
202607,502,United States,903190,"Parts and accessories, in heading of 90.31",14483323.0
202607,502,United States,903210,Thermostats,7592318.0
202607,502,United States,903220,Manostats,482159.0
202607,502,United States,903281,Hydraulic or pneumatic,2667152.0
202607,502,United States,903289,"Regulating or controlling instruments and apparatus (excluding hydraulic or pneumatic, manostats, thermostats, and taps, cocks and valves of heading 8481)",24166133.0
202607,502,United States,903290,"Parts and accessories for regulating or controlling instruments and apparatus, n.e.s.",9388966.0
202607,502,United States,903300,"Parts and accessories (not specified or included elsewhere in this Chapter) for machines, appliances, instruments or apparatus of Chapter 90.",5585071.0
202607,502,United States,910111,"Wrist-watches of precious metal or of metal clad with precious metal, whether or not incorporating a stop-watch facility, electrically operated, with mechanical display only (excluding with backs made of steel)",467.0
202607,502,United States,910119,"Wrist-watches of precious metal or of metal clad with precious metal, whether or not incorporating a stop-watch facility, electrically operated, with opto-electronic display and with combined mechanical and opto-electronic display (excluding with backs made of steel)",1769.0
202607,502,United States,910121,"Wrist-watches of precious metal or of metal clad with precious metal, whether or not incorporating a stop-watch facility, with automatic winding (excluding with backs made of steel)",20448.0
202607,502,United States,910129,"Wrist-watches of precious metal or of metal clad with precious metal, whether or not incorporating a stop-watch facility, with hand winding only (excluding with backs made of steel)",101.0
202607,502,United States,910199,"Pocket-watches and the like, incl. stop-watches, of precious metal or of metal clad with precious metal, with hand or automatic winding (excluding with backs made of steel and wrist-watches)",31085.0
202607,502,United States,910211,"Wrist-watches, whether or not incorporating a stop-watch facility, electrically operated, with mechanical display only (excluding of precious metal or of metal clad with precious metal)",13165292.0
202607,502,United States,910212,"Wrist-watches, whether or not incorporating a stop-watch facility, electrically operated, with opto-electronic display only (excluding of precious metal or of metal clad with precious metal)",6062858.0
202607,502,United States,910219,"Wrist-watches, whether or not incorporating a stop-watch facility, electrically operated, with combined mechanical and opto-electronic display (excluding of precious metal or of metal clad with precious metal)",1167039.0
202607,502,United States,910221,"Wrist-watches, whether or not incorporating a stop-watch facility, with automatic winding (excluding of precious metal or of metal clad with precious metal)",3317563.0
202607,502,United States,910229,"Wrist-watches, whether or not incorporating a stop-watch facility, with hand winding only (excluding of precious metal or of metal clad with precious metal)",128965.0
202607,502,United States,910291,"Pocket-watches and the like, incl. stop-watches, electrically operated (excluding of precious metal or of metal clad with precious metal)",200594.0
202607,502,United States,910299,"Pocket-watches and the like, incl. stop-watches, with hand or automatic winding (excluding of precious metal or of metal clad with precious metal)",79169.0
202607,502,United States,910310,"Clocks with watch movements, electrically operated",10320.0
202607,502,United States,910390,Clocks with watch movements,4800.0
202607,502,United States,910400,"Instrument panel clocks and clocks of a similar type for vehicles, aircraft, spacecraft or vessels.",31067.0
202607,502,United States,910511,"Alarm clocks, electrically operated",5973912.0
202607,502,United States,910519,Alarm clocks (excluding electrically operated),504.0
202607,502,United States,910521,"Wall clocks, electrically operated",4316897.0
202607,502,United States,910529,Wall clocks (excluding electrically operated),16330.0
202607,502,United States,910591,"Clocks, electrically operated (excluding wrist-watches, pocket-watches and other watches of heading 9101 or 9102, clocks with watch movements of heading 9103, instrument panel clocks and the like of heading 9104, alarm clocks and wall clocks)",1223783.0
202607,502,United States,910599,"Clocks (excluding electrically operated, wrist-watches, pocket-watches and other watches of heading 9101 or 9102, clocks with watch movements of heading 9103, instrument panel clocks and the like of heading 9104, alarm clocks and wall clocks)",36439.0
202607,502,United States,910610,Timeregisters; timerecorders,677897.0
202607,502,United States,910690,"Time of day recording apparatus and apparatus for measuring, recording or otherwise indicating intervals of time, with clock or watch movement or with synchronous motor (excluding clocks of heading 9101 to 9105, time registers and time recorders)",2536241.0
202607,502,United States,910700,Time switches with clock or watch movement or with synchronous motor.,2267229.0
202607,502,United States,910811,"Watch movements, complete and assembled, electrically operated, with mechanical display only or with a device to which a mechanical display can be incorporated",7503.0
202607,502,United States,910812,"Watch movements, complete and assembled, electrically operated, with opto-electronic display only",4673.0
202607,502,United States,910820,"Watch movements, complete and assembled, with automatic winding",8889.0
202607,502,United States,910890,"Watch movements, complete and assembled, with hand winding only",396.0
202607,502,United States,910910,"Clock movements, complete and assembled, electrically operated (excluding watch movements)",247347.0
202607,502,United States,910990,"Clock movements, complete and assembled (excluding electrically operated and watch movements)",11988.0
202607,502,United States,911011,"Complete watch movements, unassembled or partly assembled movement sets",16043.0
202607,502,United States,911012,"Incomplete watch movements, assembled",102.0
202607,502,United States,911019,Rough clock movements,68.0
202607,502,United States,911090,"Complete, unassembled or partly assembled clock movements movement sets""; incomplete clock movements, assembled (excluding rough clock movements and watch movements)""",23410.0
202607,502,United States,911120,"Cases for wrist-watches, pocket-watches and other watches of heading 9101 or 9102, of base metal, whether or not gold- or silver-plated",145599.0
202607,502,United States,911180,"Cases for wrist-watches, pocket-watches and other watches of heading 9101 or 9102, of materials other than precious metal, clad with precious metal or base metal",100979.0
202607,502,United States,911190,"Parts of cases for wrist-watches, pocket-watches and other watches of heading 9101 or 9102, n.e.s.",241.0
202607,502,United States,911220,"Clock and watch cases (excluding for wrist-watches, pocket-watches and other watches of heading 9101 or 9102)",22251.0
202607,502,United States,911290,"Parts of clock and watch cases, n.e.s. (excluding for wrist-watches, pocket-watches and other watches of heading 9101 or 9102)",319.0
202607,502,United States,911320,"Watch straps, watch bands and watch bracelets, and parts thereof, of base metal, whether or not gold- or silver-plated, n.e.s.",2786957.0
202607,502,United States,911390,"Watch straps, watch bands and watch bracelets, and parts thereof, n.e.s.",7752420.0
202607,502,United States,911430,Dials for clocks or watches,5923.0
202607,502,United States,911490,"Clock or watch parts, n.e.s.",262660.0
202607,502,United States,920110,Upright pianos,171974.0
202607,502,United States,920120,Grand pianos,47887.0
202607,502,United States,920190,Harpsichords and other keyboard stringed instruments (excluding pianos),30705.0
202607,502,United States,920210,Played with a bow,3080116.0
202607,502,United States,920290,"Guitars, harps and other string musical instruments (excluding with keyboard and those played with a bow)",6978178.0
202607,502,United States,920510,Brasswind instruments,4618142.0
202607,502,United States,920590,Wind musical instruments (excluding brass-wind instruments),3829003.0
202607,502,United States,920600,"Percussion musical instruments (for example, drums, xylophones, cymbals, castanets, maracas).",7316536.0
202607,502,United States,920710,"Keyboard instruments, other than accordions",7888809.0
202607,502,United States,920790,"Accordions and musical instruments without keyboards, the sound of which is produced, or must be amplified, electrically",11262652.0
202607,502,United States,920810,Musical boxes,1293284.0
202607,502,United States,920890,"Fairground organs, mechanical street organs, mechanical singing birds, musical saws and other musical instruments not falling within any other heading in chapter 92; decoy calls of all kinds; whistles, call horns and other mouth-blown sound signalling instruments",643919.0
202607,502,United States,920930,Musical instrument strings,114888.0
202607,502,United States,920991,Parts and accessories for pianos,163398.0
202607,502,United States,920992,Parts and accessories for the musical instruments of heading 92.02,1826084.0
202607,502,United States,920994,Parts and accessories for the musical instruments of heading 92.07,1417732.0
202607,502,United States,920999,"Parts and accessories for musical instruments  n.e.s.; metronomes, tuning forks and pitch pipes of all kinds",3634952.0
202607,502,United States,930320,"Other sporting, hunting or targetshooting shotguns, including combination shotgunrifles",819503.0
202607,502,United States,930400,"Other arms (for example, spring, air or gas guns and pistols, truncheons), excluding those of heading 93.07.",5286786.0
202607,502,United States,930520,Parts and accessories of shotguns or rifles of heading 93.03,258704.0
202607,502,United States,930599,"Parts and accessories for weapons and the like of heading 9303 or 9304, n.e.s. (excluding of shotguns or rifles of heading 9303)",4142428.0
202607,502,United States,930629,Parts of cartridges for smooth-barrelled shotguns; lead shot for air rifles and pistols,214079.0
202607,502,United States,930700,"Swords, cutlasses, bayonets, lances and similar arms and parts thereof and scabbards and sheaths therefor.",778120.0
202607,502,United States,940110,Seats of a kind used for aircraft,970054.0
202607,502,United States,940120,Seats of a kind used for motor vehicles,6757336.0
202607,502,United States,940131,"Swivel seats of wood,with variable height adjustment",1191898.0
202607,502,United States,940139,Other swivel seats with variable height adjustment,45986937.0
202607,502,United States,940141,"Seats of wood,other than garden seats or camping equipment, convertible into beds",3788879.0
202607,502,United States,940149,"Seats of non-wooden,other than garden seats or camping equipment,convertible into beds",5410842.0
202607,502,United States,940152,Seats of bamboo,804415.0
202607,502,United States,940153,Seats of rattan,56104.0
202607,502,United States,940161,"Upholstered seats, with wooden frames (excluding convertible into beds)",120715864.0
202607,502,United States,940169,"Seats, with wooden frames (excluding upholstered)",7986634.0
202607,502,United States,940171,"Upholstered seats, with metal frames (excluding seats for aircraft or motor vehicles, swivel seats with variable height adjustments and medical, dental or surgical furniture)",111324538.0
202607,502,United States,940179,"Seats, with metal frames (excluding upholstered, swivel seats with variable height adjustments and medical, dental or surgical furniture)",56737788.0
202607,502,United States,940180,"Seats, n.e.s.",104578839.0
202607,502,United States,940191,"Parts of seats,of wood,nes",3561792.0
202607,502,United States,940199,"Parts of seats,of non-wooden, nes",46695636.0
202607,502,United States,940210,"Dentists', barbers' or similar chairs and parts thereof",6229125.0
202607,502,United States,940290,"Operating tables, examination tables, and other medical, dental, surgical or veterinary furniture (excluding dentists' or similar chairs, special tables for X-ray examination, and stretchers and litters, incl. trolley-stretchers)",25626156.0
202607,502,United States,940310,Metal furniture of a kind used in offices,21886135.0
202607,502,United States,940320,Other metal furniture,201952110.0
202607,502,United States,940330,Wooden furniture of a kind used in offices,30853046.0
202607,502,United States,940340,Wooden furniture of a kind used in the kitchen,13750310.0
202607,502,United States,940350,Wooden furniture of a kind used in the bedroom,67808802.0
202607,502,United States,940360,Other wooden furniture,211073546.0
202607,502,United States,940370,Furniture of plastics,34830695.0
202607,502,United States,940382,"Furniture of bamboo (excl. seats and medical, surgical, dental or veterinary furniture)",5082547.0
202607,502,United States,940383,"Furniture of rattan (excl. seats and medical, surgical, dental or veterinary furniture)",16644.0
202607,502,United States,940389,"Furniture of other mareials, including cane, osier or similar materials (excluding of bamboo, rattan, metal, wood and plastics, and seats and medical, surgical, dental or veterinary furniture)",26937928.0
202607,502,United States,940391,"Parts of furniture,of wood,nes (excluding of seats and medical, surgical, dental or veterinary furniture)",8757107.0
202607,502,United States,940399,Other furnitures parts nes,50253018.0
202607,502,United States,940410,Mattress supports for bed frames (excluding spring interiors for seats),27928602.0
202607,502,United States,940421,"Mattresses of cellular rubber or plastics, whether or not covered",7572313.0
202607,502,United States,940429,"Mattresses, fitted with springs or stuffed or internally filled with any material (excluding cellular rubber or plastics, pneumatic or water mattresses and pillows)",6246684.0
202607,502,United States,940430,"Sleeping bags, whether or non-electrically heated",9976227.0
202607,502,United States,940440,"Quilts, bedspreads, eiderdowns and duvets (comforters)",105135828.0
202607,502,United States,940490,"Articles of bedding and similar furnishing, fitted with springs or stuffed or internally filled with any material or of cellular rubber or plastics (excluding mattress supports, mattresses, sleeping bags, pneumatic or water mattresses and pillows, blankets and covers)",158514801.0
202607,502,United States,940511,"Chandeliers and other electric ceiling or wall lighting fittings, excluding those of a kind used for lighting public open spaces or thoroughfares,designed for use solely with light-emitting diode (LED) light sources",67609818.0
202607,502,United States,940519,"Other chandeliers and other electric ceiling or wall lighting fittings, excluding those of a kind used for lighting public open spaces or thoroughfares",51544433.0
202607,502,United States,940521,"Electric table, desk, bedside or floor-standing luminaires,designed for use solely with light-emitting diode (LED) light sources",18520602.0
202607,502,United States,940529,"Other electric table, desk, bedside or floor-standing luminaires",39386938.0
202607,502,United States,940531,"Lighting strings of a kind used for Christmas trees,designed for use solely with light-emitting diode (LED) light sources",21616539.0
202607,502,United States,940539,Other lighting strings of a kind used for Christmas trees,12691820.0
202607,502,United States,940541,"Other electric luminaires and lighting fittings,Photovoltaic, designed for use solely with light-emitting diode (LED) light sources",27968758.0
202607,502,United States,940542,"Other electric luminaires and lighting fittings,non-photovoltaic,designed for use solely with light-emitting diode (LED) light sources",203878669.0
202607,502,United States,940549,Other electric luminaires and lighting fittings,65695767.0
202607,502,United States,940550,Non-electrical luminaires and lighting fittings,13200305.0
202607,502,United States,940561,"Illuminated signs, illuminated name-plates & the like,designed for use solely with light-emitting diode (LED) light sources",8698111.0
202607,502,United States,940569,"Other illuminated signs, illuminated name-plates & the like",1333065.0
202607,502,United States,940591,"Parts of lamps and lighting fittings, illuminated signs and nameplates and the like, of glass, n.e.s.",2747953.0
202607,502,United States,940592,"Parts of lamps and lighting fittings, illuminated signs and nameplates and the like, of plastics, n.e.s.",3659218.0
202607,502,United States,940599,"Parts of lamps and lighting fittings, illuminated signs and nameplates and the like, n.e.s.",31177555.0
202607,502,United States,940610,"Prefabricated buildings of wood, whether or not complete or already assembled",2464397.0
202607,502,United States,940620,"Modular building units, of steel",676471.0
202607,502,United States,940690,"Prefabricated buildings, whether or not complete or already assembled (excl. of wood)",31177788.0
202607,502,United States,950300,"Tricycles, scooters, pedal cars and similar wheeled toys; dolls' carriages; dolls; other toys; reducedsize (scale"") models and similar recreational models, working or not; puzzles of all kinds.""",930688540.0
202607,502,United States,950420,Articles and accessories for billiards of all kinds,5641476.0
202607,502,United States,950430,"Other games, operated by coins, banknotes, bank cards, tokens or by any other means of payment, other than automatic bowling alley equipment",13230311.0
202607,502,United States,950440,Playing cards,11641609.0
202607,502,United States,950450,"Video game consoles and machines, other than those of subheading 9504.30",159447574.0
202607,502,United States,950490,"Tables for casino games, automatic bowling alley equipment, and other funfair, table or parlour games, incl. pintables (excluding operated by any means of payment, billiards, video game consoles and machines, and playing cards)",56273262.0
202607,502,United States,950510,Articles for Christmas festivities,462261858.0
202607,502,United States,950590,"Festival, carnival or other entertainment articles, incl. conjuring tricks and novelty jokes, n.e.s.",177327171.0
202607,502,United States,950611,"Skis, for winter sports",253850.0
202607,502,United States,950612,Ski bindings,1551442.0
202607,502,United States,950619,Ski equipment for winter sports (other than skis and ski-fastenings [ski-bindings]),3354507.0
202607,502,United States,950621,Sailboards,268496.0
202607,502,United States,950629,"Water-skis, surfboards and other water-sport equipment (other than sailboards)",15915579.0
202607,502,United States,950631,"Golf clubs, complete",5445993.0
202607,502,United States,950632,Golf balls,2643339.0
202607,502,United States,950639,Golf equipment (excluding balls and complete clubs),17115765.0
202607,502,United States,950640,Articles and equipment for table-tennis,2697184.0
202607,502,United States,950651,"Tennis rackets, whether or not strung (excluding table-tennis bats)",1880988.0
202607,502,United States,950659,"Badminton and similar rackets, whether or not strung (other than tennis rackets and table-tennis bats)",8304344.0
202607,502,United States,950661,Tennis balls (excluding table tennis balls),1754302.0
202607,502,United States,950662,Inflatable balls,14868072.0
202607,502,United States,950669,"Balls (excluding inflatable, tennis balls, golf balls, and table-tennis balls)",9707545.0
202607,502,United States,950670,"Ice skates and roller skates, incl. skating boots with skates or rollers attached",3722433.0
202607,502,United States,950691,"Articles and equipment for general physical exercise, gymnastics or athletics",240786852.0
202607,502,United States,950699,Articles and equipment for sport and outdoor games n.e.s; swimming and paddling pools,64268085.0
202607,502,United States,950710,Fishing rods,15206640.0
202607,502,United States,950720,"Fishhooks, whether or not snelled",2649548.0
202607,502,United States,950730,Fishing reels,8427218.0
202607,502,United States,950790,"Line fishing tackle n.e.s; fish landing nets, butterfly nets and similar nets; decoys and similar hunting or shooting requisites (excluding decoy calls of all kinds and stuffed birds of heading 9705)",26901583.0
202607,502,United States,950822,"Carousels, swings and roundabouts",107595.0
202607,502,United States,950823,Dodge’em cars,38264.0
202607,502,United States,950826,Water park amusements,2566.0
202607,502,United States,950829,Other amusement park rides and water park amusements,36777.0
202607,502,United States,950830,Fairground amusements,578739.0
202607,502,United States,960190,"Worked bone, tortoiseshell, horn, antlers, coral, mother-of-pearl and other animal carving material, and articles of these materials, n.e.s. (excluding ivory)",243329.0
202607,502,United States,960200,"Worked vegetable or mineral carving material and articles of 96.02 these materials; moulded or carved articles of wax, of stearin, of natural gums or natural resins or of modelling pastes, and other moulded or carved articles, not elsewhere specified or included; worked, unhardened gelatin (except gelatin of heading 35.03) and articles of unhardened gelatin.",7329692.0
202607,502,United States,960310,"Brooms and brushes, consisting of twigs or other vegetable materials bound together, with or without handles brushes and other toilet brushes for use on the person, including such brushes constituting parts of appliances :",81724.0
202607,502,United States,960321,"Tooth brushes, including dentalplate brushes",13258529.0
202607,502,United States,960329,"Shaving brushes, hair brushes, nail brushes, eyelash brushes and other brushes for use on the person (excluding tooth brushes)",18339070.0
202607,502,United States,960330,"Artists' brushes, writing brushes and similar brushes for the application of cosmetics",7332191.0
202607,502,United States,960340,"Paint, distemper, varnish or similar brushes (other than brushes of subheading 9603.30); paint pads and rollers",9829062.0
202607,502,United States,960350,"Other brushes constituting parts of machines, appliances or vehicles",5195926.0
202607,502,United States,960390,"Mops and leather dusters; prepared knots and tufts for broom or brush making; squeegees of rubber or other flexible materials; brooms and brushes, n.e.s.",57016428.0
202607,502,United States,960400,Hand sieves and hand riddles.,12690.0
202607,502,United States,960500,"Travel sets for personal toilet, sewing or shoe or clothes cleaning.",4323215.0
202607,502,United States,960610,"Pressfasteners, snapfasteners and pressstuds and parts therefor",161970.0
202607,502,United States,960621,"Buttons of plastics, not covered with textile material",409022.0
202607,502,United States,960622,"Buttons of base metal, not covered with textile material",269356.0
202607,502,United States,960629,"Buttons (excluding of plastics or base metal, not covered with textile material, press-fasteners, snap-fasteners, press studs and cuff links)",86664.0
202607,502,United States,960630,Button moulds and other parts of buttons; button blanks,5157.0
202607,502,United States,960711,Fitted with chain scoops of base metal,102502.0
202607,502,United States,960719,Slide fasteners (excluding fitted with chain scoops of base metal),1305713.0
202607,502,United States,960720,Parts of slide fasteners,213807.0
202607,502,United States,960810,Ball point pens,20965693.0
202607,502,United States,960820,Felt tipped and other poroustipped pens and markers,25286169.0
202607,502,United States,960830,"Fountain pens, stylograph pens and other pens",571549.0
202607,502,United States,960840,Propelling or sliding pencils,1944806.0
202607,502,United States,960850,Sets of articles from two or more of the foregoing subheadings,2040519.0
202607,502,United States,960860,"Refills for ball point pens, comprising the ball point and inkreservoir",269610.0
202607,502,United States,960891,Pen nibs and nib points,6823.0
202607,502,United States,960899,"Parts of ball-point pens, felt-tipped and other porous-tipped pens and markers, fountain pens and propelling pencils n.e.s, pencil-holders, pen-holders and the like, and duplicating stylos",1538770.0
202607,502,United States,960910,"Pencils and crayons, with leads encased in a sheath",2999833.0
202607,502,United States,960920,"Pencil leads, black or coloured",171868.0
202607,502,United States,960990,"Pencils, pastels, drawing charcoals, writing or drawing chalks and tailors' chalks",3775270.0
202607,502,United States,961000,"Slates and boards, with writing or drawing surfaces, whether or not framed.",12801424.0
202607,502,United States,961100,"Date, sealing or numbering stamps, and the like (including devices for printing or embossing labels), designed for operating in the hand; handoperated composing sticks and hand printing sets incorporating such composing sticks.",1355273.0
202607,502,United States,961210,"Typewriter or similar ribbons, inked or otherwise prepared for giving impressions, whether or not on spools or in cartridges",3253725.0
202607,502,United States,961220,"Ink-pads, whether or not inked, with or without boxes",242326.0
202607,502,United States,961310,"Pocket lighters, gas fuelled, nonrefillable",620516.0
202607,502,United States,961320,"Pocket lighters, gas fuelled, refillable",3066619.0
202607,502,United States,961380,Other lighters,3950441.0
202607,502,United States,961390,"Parts of lighters, n.e.s.",544548.0
202607,502,United States,961400,"Smoking pipes (including pipe bowls) and cigar or cigarette holders, and parts thereof.",2557242.0
202607,502,United States,961511,"Combs, hair-slides and the like of hard rubber or plastics",23604101.0
202607,502,United States,961519,"Combs, hair-slides and the like (excluding of hard rubber or plastics)",10309297.0
202607,502,United States,961590,"Hairpins, curling pins, curling grips, hair-curlers and the like, and parts thereof, n.e.s. (excluding electro-thermic appliances of heading 8516)",6294485.0
202607,502,United States,961610,"Scent sprays and similar toilet sprays, and mounts and heads therefor",13599887.0
202607,502,United States,961620,Powderpuffs and pads for the application of cosmetics or toilet preparations,3971080.0
202607,502,United States,961700,"Vacuum flasks and other vacuum vessels, complete; parts thereof other than glass inners.",147204157.0
202607,502,United States,961800,Tailors' dummies and other lay figures; automata and other animated displays used for shop window dressing.,3159252.0
202607,502,United States,961900,"Sanitary towels (pads) and tampons, napkins (diapers), napkin liners and similar articles, of any material.",65772321.0
202607,502,United States,962000,"Monopods, bipods, tripods and similar articles.",16177930.0
202607,502,United States,970191,"Original paintings, drawings and pastels of an age up to 100 years",1499122.0
202607,502,United States,970192,Mosaics of an age up to 100 years,39431.0
202607,502,United States,970199,Collages and similar decorative boards of an age up to 100 years,8956.0
202607,502,United States,970390,Original sculpture and statuary in any material of an age up to 100 years,49670.0
202607,502,United States,970529,"Other collections and collectors’ pieces of zoological, botanical, mineralogical, anatomical or paleontological interest",34583.0
202607,502,United States,980100,"Low value import items, ≤ 2000RMB",1800995.0
202607,502,United States,980400,Articles of low value in simplified customs procedures,1048066688.0
202607,502,United States,980500,Articles of B2C cross-border e-commerce,1994246.0
202607,502,United States,990000,Articles of B2B cross-border e-commerce in simplified customs procedures,220282561.0
